index,Rsmiles,Psmiles,DE,DG,DH
WQZGKKKJIJFFOK_176_0_2,[C:0]1([O:7][H:12])([H:17])[C:1]([O:8][H:13])([H:18])[C:2]([O:9][H:14])([H:19])[C:3]([O:10][H:15])([H:20])[C:4]([C:5]([O:11][H:16])([H:22])[H:23])([H:21])[O:6]1,[C:0]1([O:7][H:12])([H:17])[C:1]([O:8][H:13])([H:18])[C:2]([O:9][H:14])([H:19])[C:3]([H:20])=[C:4]([C:5]([O:11][H:16])([H:22])[H:23])[O:6]1.[O:10]([H:15])[H:21],72.19371295607235,65.92363803199403,8.03656787762901
WQZGKKKJIJFFOK_195_0_3,[C:0]1([O:7][H:12])([H:17])[C:1]([O:8][H:13])([H:18])[C:2]([O:9][H:14])([H:19])[C:3]([O:10][H:15])([H:20])[C:4]([C:5]([O:11][H:16])([H:22])[H:23])([H:21])[O:6]1,[C:0]([C:1]([C:2]([C:3](/[C:4](=[C:5](\[O:11][H:16])[H:23])[H:21])([O:10][H:15])[H:20])([O:9][H:14])[H:19])([O:8][H:13])[H:18])([O:6][H:22])([O:7][H:12])[H:17],71.12129922049768,64.08252515900533,4.916586998087933
WQZGKKKJIJFFOK_201_0_0,[C:0]1([O:7][H:12])([H:17])[C:1]([O:8][H:13])([H:18])[C:2]([O:9][H:14])([H:19])[C:3]([O:10][H:15])([H:20])[C:4]([C:5]([O:11][H:16])([H:22])[H:23])([H:21])[O:6]1,[C:0]1([O:7][H:12])([H:17])[C:1]([O:8][H:13])([H:18])[C:2]([O:9][H:14])([H:19])[C:3]([O:10][H:15])([H:20])[C:4](=[C:5]([H:22])[H:23])[O:6]1.[O:11]([H:16])[H:21],70.91171104752746,65.09407047301964,6.274139579349899
WQZGKKKJIJFFOK_208_0_0,[C:0]1([O:7][H:12])([H:17])[C:1]([O:8][H:13])([H:18])[C:2]([O:9][H:14])([H:19])[C:3]([O:10][H:15])([H:20])[C:4]([C:5]([O:11][H:16])([H:22])[H:23])([H:21])[O:6]1,[C:0]1([O:7][H:12])([H:17])[C:1]([O:8][H:13])([H:18])[C:2]([O:9][H:14])([H:19])[C:3]([O:10][H:15])([H:20])[C:4]([C:5](=[O:11])[H:23])([H:21])[O:6]1.[H:16][H:22],86.4030380740097,80.84267639449438,12.695028680688333
WQZGKKKJIJFFOK_44_1_0,[C:0]1([O:7][H:12])([H:17])[C:1]([O:8][H:13])([H:18])[C:2]([O:9][H:14])([H:19])[C:3]([O:10][H:15])([H:20])[C:4]([C:5]([O:11][H:16])([H:22])[H:23])([H:21])[O:6]1,[C:0]([C:1]([C:2]([C:3]([C:4]([C:5]([O:11][H:16])([H:22])[H:23])([O:6][H:12])[H:21])([O:10][H:15])[H:20])([O:9][H:14])[H:19])([O:8][H:13])[H:18])(=[O:7])[H:17],54.69435552959477,47.93984327152678,4.853728489483745
WQZGKKKJIJFFOK_44_1_1,[C:0]1([O:7][H:12])([H:17])[C:1]([O:8][H:13])([H:18])[C:2]([O:9][H:14])([H:19])[C:3]([O:10][H:15])([H:20])[C:4]([C:5]([O:11][H:16])([H:22])[H:23])([H:21])[O:6]1,[C:0]([C:1]([C:2]([C:3]([C:4]([C:5]([O:11][H:16])([H:22])[H:23])([O:6][H:12])[H:21])([O:10][H:15])[H:20])([O:9][H:14])[H:19])([O:8][H:13])[H:18])(=[O:7])[H:17],45.56220977603721,40.71156134101351,4.853728489483745
WQZGKKKJIJFFOK_44_1_2,[C:0]1([O:7][H:12])([H:17])[C:1]([O:8][H:13])([H:18])[C:2]([O:9][H:14])([H:19])[C:3]([O:10][H:15])([H:20])[C:4]([C:5]([O:11][H:16])([H:22])[H:23])([H:21])[O:6]1,[C:0]([C:1]([C:2]([C:3]([C:4]([C:5]([O:11][H:16])([H:22])[H:23])([O:6][H:12])[H:21])([O:10][H:15])[H:20])([O:9][H:14])[H:19])([O:8][H:13])[H:18])(=[O:7])[H:17],52.92854379648729,47.15608390600808,4.853728489483745
WQZGKKKJIJFFOK_44_1_3,[C:0]1([O:7][H:12])([H:17])[C:1]([O:8][H:13])([H:18])[C:2]([O:9][H:14])([H:19])[C:3]([O:10][H:15])([H:20])[C:4]([C:5]([O:11][H:16])([H:22])[H:23])([H:21])[O:6]1,[C:0]([C:1]([C:2]([C:3]([C:4]([C:5]([O:11][H:16])([H:22])[H:23])([O:6][H:12])[H:21])([O:10][H:15])[H:20])([O:9][H:14])[H:19])([O:8][H:13])[H:18])(=[O:7])[H:17],47.70578222804701,42.92478734749014,4.853728489483745
WQZGKKKJIJFFOK_44_2_0,[C:0]1([O:7][H:12])([H:17])[C:1]([O:8][H:13])([H:18])[C:2]([O:9][H:14])([H:19])[C:3]([O:10][H:15])([H:20])[C:4]([C:5]([O:11][H:16])([H:22])[H:23])([H:21])[O:6]1,[C:0]([C:1]([C:2]([C:3]([C:4]([C:5]([O:11][H:16])([H:22])[H:23])([O:7][H:12])[H:21])([O:10][H:15])[H:20])([O:9][H:14])[H:19])([O:8][H:13])[H:18])(=[O:6])[H:17],71.8146972180305,67.73651297755404,4.853728489483745
WQZGKKKJIJFFOK_59_0_0,[C:0]1([O:7][H:12])([H:17])[C:1]([O:8][H:13])([H:18])[C:2]([O:9][H:14])([H:19])[C:3]([O:10][H:15])([H:20])[C:4]([C:5]([O:11][H:16])([H:22])[H:23])([H:21])[O:6]1,[C:0]1([H:17])=[C:1]([O:8][H:13])[C:2]([O:9][H:14])([H:19])[C:3]([O:10][H:15])([H:20])[C:4]([C:5]([O:11][H:16])([H:22])[H:23])([H:21])[O:6]1.[O:7]([H:12])[H:18],76.15706295805339,67.42777830354878,14.407982791586974
WQZGKKKJIJFFOK_37_0_2,[C:0]1([O:7][H:12])([H:17])[C:1]([O:8][H:13])([H:18])[C:2]([O:9][H:14])([H:19])[C:3]([O:10][H:15])([H:20])[C:4]([C:5]([O:11][H:16])([H:22])[H:23])([H:21])[O:6]1,[C:0]([C:1]([C:2]([C:3]([C:4]([C:5]([O:11][H:16])([H:22])[H:23])([O:6][H:12])[H:21])([O:10][H:15])[H:20])([O:9][H:14])[H:19])([O:8][H:13])[H:18])(=[O:7])[H:17],51.49342957004362,46.01464412553635,4.853728489483745
WQZGKKKJIJFFOK_44_0_1,[C:0]1([O:7][H:12])([H:17])[C:1]([O:8][H:13])([H:18])[C:2]([O:9][H:14])([H:19])[C:3]([O:10][H:15])([H:20])[C:4]([C:5]([O:11][H:16])([H:22])[H:23])([H:21])[O:6]1,[C:0]([C:1]([C:2]([C:3]([C:4]([C:5]([O:11][H:16])([H:22])[H:23])([O:6][H:12])[H:21])([O:10][H:15])[H:20])([O:9][H:14])[H:19])([O:8][H:13])[H:18])(=[O:7])[H:17],51.55241546303738,47.62420599303896,4.853728489483745
GZCGUPFRVQAUEE_104_2_1,[C:0]([C:1]([C:3]([C:5](=[O:11])[H:23])([O:9][H:15])[H:20])([O:7][H:13])[H:18])([C:2]([C:4]([O:10][H:16])([H:21])[H:22])([O:8][H:14])[H:19])([O:6][H:12])[H:17],[C:0]([C:1]([C:3]([C:5]([O:11][H:14])([H:19])[H:23])([O:9][H:15])[H:20])([O:7][H:13])[H:18])([C:2]([C:4]([O:10][H:16])([H:21])[H:22])=[O:8])([O:6][H:12])[H:17],34.059333131472634,30.977633976977163,-2.5979923518164716
GZCGUPFRVQAUEE_104_4_0,[C:0]([C:1]([C:3]([C:5](=[O:11])[H:23])([O:9][H:15])[H:20])([O:7][H:13])[H:18])([C:2]([C:4]([O:10][H:16])([H:21])[H:22])([O:8][H:14])[H:19])([O:6][H:12])[H:17],[C:0]([C:1]([C:3]([C:5]([O:11][H:15])([H:20])[H:23])=[O:9])([O:7][H:13])[H:18])([C:2]([C:4]([O:10][H:16])([H:21])[H:22])([O:8][H:14])[H:19])([O:6][H:12])[H:17],50.126086369428855,44.82174856598052,-2.5979923518164716
GZCGUPFRVQAUEE_104_4_1,[C:0]([C:1]([C:3]([C:5](=[O:11])[H:23])([O:9][H:15])[H:20])([O:7][H:13])[H:18])([C:2]([C:4]([O:10][H:16])([H:21])[H:22])([O:8][H:14])[H:19])([O:6][H:12])[H:17],[C:0]([C:1]([C:3]([C:5]([O:11][H:15])([H:20])[H:23])=[O:9])([O:7][H:13])[H:18])([C:2]([C:4]([O:10][H:16])([H:21])[H:22])([O:8][H:14])[H:19])([O:6][H:12])[H:17],41.495948215959295,38.26050923399528,-2.5979923518164716
GZCGUPFRVQAUEE_117_0_0,[C:0]([C:1]([C:3]([C:5](=[O:11])[H:23])([O:9][H:15])[H:20])([O:7][H:13])[H:18])([C:2]([C:4]([O:10][H:16])([H:21])[H:22])([O:8][H:14])[H:19])([O:6][H:12])[H:17],[C:0](/[C:1](=[C:3](/[O:9][H:15])[H:20])[H:18])([C:2]([C:4]([O:10][H:16])([H:21])[H:22])([O:8][H:14])[H:19])([O:6][H:12])[H:17].[C:5]([O:7][H:13])(=[O:11])[H:23],65.72848257748737,61.0554193310147,10.48422562141491
GZCGUPFRVQAUEE_117_0_1,[C:0]([C:1]([C:3]([C:5](=[O:11])[H:23])([O:9][H:15])[H:20])([O:7][H:13])[H:18])([C:2]([C:4]([O:10][H:16])([H:21])[H:22])([O:8][H:14])[H:19])([O:6][H:12])[H:17],[C:0](/[C:1](=[C:3](/[O:9][H:15])[H:20])[H:18])([C:2]([C:4]([O:10][H:16])([H:21])[H:22])([O:8][H:14])[H:19])([O:6][H:12])[H:17].[C:5]([O:7][H:13])(=[O:11])[H:23],65.44233824549643,62.34244131547556,10.48422562141491
GZCGUPFRVQAUEE_117_0_3,[C:0]([C:1]([C:3]([C:5](=[O:11])[H:23])([O:9][H:15])[H:20])([O:7][H:13])[H:18])([C:2]([C:4]([O:10][H:16])([H:21])[H:22])([O:8][H:14])[H:19])([O:6][H:12])[H:17],[C:0](/[C:1](=[C:3](/[O:9][H:15])[H:20])[H:18])([C:2]([C:4]([O:10][H:16])([H:21])[H:22])([O:8][H:14])[H:19])([O:6][H:12])[H:17].[C:5]([O:7][H:13])(=[O:11])[H:23],67.95300375493548,63.90368495145748,10.48422562141491
GZCGUPFRVQAUEE_119_0_0,[C:0]([C:1]([C:3]([C:5](=[O:11])[H:23])([O:9][H:15])[H:20])([O:7][H:13])[H:18])([C:2]([C:4]([O:10][H:16])([H:21])[H:22])([O:8][H:14])[H:19])([O:6][H:12])[H:17],[C:0](/[C:1](=[C:3](/[C:5](=[O:11])[H:23])[O:9][H:15])[H:18])([C:2]([C:4]([O:10][H:16])([H:21])[H:22])([O:8][H:14])[H:19])([O:6][H:12])[H:17].[O:7]([H:13])[H:20],63.85850426750021,58.18330834948944,6.799235181644327
GZCGUPFRVQAUEE_119_0_2,[C:0]([C:1]([C:3]([C:5](=[O:11])[H:23])([O:9][H:15])[H:20])([O:7][H:13])[H:18])([C:2]([C:4]([O:10][H:16])([H:21])[H:22])([O:8][H:14])[H:19])([O:6][H:12])[H:17],[C:0](/[C:1](=[C:3](/[C:5](=[O:11])[H:23])[O:9][H:15])[H:18])([C:2]([C:4]([O:10][H:16])([H:21])[H:22])([O:8][H:14])[H:19])([O:6][H:12])[H:17].[O:7]([H:13])[H:20],57.32299282502135,52.299779277505294,6.799235181644327
GZCGUPFRVQAUEE_119_0_3,[C:0]([C:1]([C:3]([C:5](=[O:11])[H:23])([O:9][H:15])[H:20])([O:7][H:13])[H:18])([C:2]([C:4]([O:10][H:16])([H:21])[H:22])([O:8][H:14])[H:19])([O:6][H:12])[H:17],[C:0](/[C:1](=[C:3](/[C:5](=[O:11])[H:23])[O:9][H:15])[H:18])([C:2]([C:4]([O:10][H:16])([H:21])[H:22])([O:8][H:14])[H:19])([O:6][H:12])[H:17].[O:7]([H:13])[H:20],59.784712593441306,55.03509318801923,6.799235181644327
GZCGUPFRVQAUEE_13_2_0,[C:0]([C:1]([C:3]([C:5](=[O:11])[H:23])([O:9][H:15])[H:20])([O:7][H:13])[H:18])([C:2]([C:4]([O:10][H:16])([H:21])[H:22])([O:8][H:14])[H:19])([O:6][H:12])[H:17],[C:0]([C:1]1([H:18])[C:3]([O:9][H:15])([H:20])[C:5]([O:11][H:13])([H:23])[O:7]1)([C:2]([C:4]([O:10][H:16])([H:21])[H:22])([O:8][H:14])[H:19])([O:6][H:12])[H:17],60.28044509847381,56.36541332801345,6.809273422562144
GZCGUPFRVQAUEE_13_2_1,[C:0]([C:1]([C:3]([C:5](=[O:11])[H:23])([O:9][H:15])[H:20])([O:7][H:13])[H:18])([C:2]([C:4]([O:10][H:16])([H:21])[H:22])([O:8][H:14])[H:19])([O:6][H:12])[H:17],[C:0]([C:1]1([H:18])[C:3]([O:9][H:15])([H:20])[C:5]([O:11][H:13])([H:23])[O:7]1)([C:2]([C:4]([O:10][H:16])([H:21])[H:22])([O:8][H:14])[H:19])([O:6][H:12])[H:17],60.04763907399087,58.62507503751552,6.809273422562144
GZCGUPFRVQAUEE_13_2_3,[C:0]([C:1]([C:3]([C:5](=[O:11])[H:23])([O:9][H:15])[H:20])([O:7][H:13])[H:18])([C:2]([C:4]([O:10][H:16])([H:21])[H:22])([O:8][H:14])[H:19])([O:6][H:12])[H:17],[C:0]([C:1]1([H:18])[C:3]([O:9][H:15])([H:20])[C:5]([O:11][H:13])([H:23])[O:7]1)([C:2]([C:4]([O:10][H:16])([H:21])[H:22])([O:8][H:14])[H:19])([O:6][H:12])[H:17],57.94924730600968,54.88198086997777,6.809273422562144
GZCGUPFRVQAUEE_156_1_1,[C:0]([C:1]([C:3]([C:5](=[O:11])[H:23])([O:9][H:15])[H:20])([O:7][H:13])[H:18])([C:2]([C:4]([O:10][H:16])([H:21])[H:22])([O:8][H:14])[H:19])([O:6][H:12])[H:17],[C:0]1([O:6][H:12])([H:17])[C:1]([O:7][H:13])([H:18])[C:3]([O:9][H:15])([H:20])[C:5]([O:8][H:14])([H:23])[O:11][C:2]1([C:4]([O:10][H:16])([H:21])[H:22])[H:19],62.480493405483706,63.325121192491416,-4.853728489483745
GZCGUPFRVQAUEE_156_2_2,[C:0]([C:1]([C:3]([C:5](=[O:11])[H:23])([O:9][H:15])[H:20])([O:7][H:13])[H:18])([C:2]([C:4]([O:10][H:16])([H:21])[H:22])([O:8][H:14])[H:19])([O:6][H:12])[H:17],[C:0]1([O:6][H:12])([H:17])[C:1]([O:7][H:13])([H:18])[C:3]([O:9][H:15])([H:20])[C:5]([O:11][H:14])([H:23])[O:8][C:2]1([C:4]([O:10][H:16])([H:21])[H:22])[H:19],41.88688663454237,40.51703339600527,-4.853728489483745
GZCGUPFRVQAUEE_156_2_0,[C:0]([C:1]([C:3]([C:5](=[O:11])[H:23])([O:9][H:15])[H:20])([O:7][H:13])[H:18])([C:2]([C:4]([O:10][H:16])([H:21])[H:22])([O:8][H:14])[H:19])([O:6][H:12])[H:17],[C:0]1([O:6][H:12])([H:17])[C:1]([O:7][H:13])([H:18])[C:3]([O:9][H:15])([H:20])[C:5]([O:11][H:14])([H:23])[O:8][C:2]1([C:4]([O:10][H:16])([H:21])[H:22])[H:19],49.09759829895732,46.82726892798218,-4.853728489483745
GZCGUPFRVQAUEE_156_2_3,[C:0]([C:1]([C:3]([C:5](=[O:11])[H:23])([O:9][H:15])[H:20])([O:7][H:13])[H:18])([C:2]([C:4]([O:10][H:16])([H:21])[H:22])([O:8][H:14])[H:19])([O:6][H:12])[H:17],[C:0]1([O:6][H:12])([H:17])[C:1]([O:7][H:13])([H:18])[C:3]([O:9][H:15])([H:20])[C:5]([O:11][H:14])([H:23])[O:8][C:2]1([C:4]([O:10][H:16])([H:21])[H:22])[H:19],47.77418076344566,45.14366093952385,-4.853728489483745
GZCGUPFRVQAUEE_15_2_1,[C:0]([C:1]([C:3]([C:5](=[O:11])[H:23])([O:9][H:15])[H:20])([O:7][H:13])[H:18])([C:2]([C:4]([O:10][H:16])([H:21])[H:22])([O:8][H:14])[H:19])([O:6][H:12])[H:17],[C:0]([C:1]([C:3]([C:5]([O:11][H:12])([H:17])[H:23])([O:9][H:15])[H:20])([O:7][H:13])[H:18])([C:2]([C:4]([O:10][H:16])([H:21])[H:22])([O:8][H:14])[H:19])=[O:6],44.46030309396567,40.15245037649834,-0.45100382409181905
GZCGUPFRVQAUEE_15_2_2,[C:0]([C:1]([C:3]([C:5](=[O:11])[H:23])([O:9][H:15])[H:20])([O:7][H:13])[H:18])([C:2]([C:4]([O:10][H:16])([H:21])[H:22])([O:8][H:14])[H:19])([O:6][H:12])[H:17],[C:0]([C:1]([C:3]([C:5]([O:11][H:12])([H:17])[H:23])([O:9][H:15])[H:20])([O:7][H:13])[H:18])([C:2]([C:4]([O:10][H:16])([H:21])[H:22])([O:8][H:14])[H:19])=[O:6],43.42867747600205,39.62157733948321,-0.45100382409181905
GZCGUPFRVQAUEE_15_2_3,[C:0]([C:1]([C:3]([C:5](=[O:11])[H:23])([O:9][H:15])[H:20])([O:7][H:13])[H:18])([C:2]([C:4]([O:10][H:16])([H:21])[H:22])([O:8][H:14])[H:19])([O:6][H:12])[H:17],[C:0]([C:1]([C:3]([C:5]([O:11][H:12])([H:17])[H:23])([O:9][H:15])[H:20])([O:7][H:13])[H:18])([C:2]([C:4]([O:10][H:16])([H:21])[H:22])([O:8][H:14])[H:19])=[O:6],45.36642681196079,40.66826318548015,-0.45100382409181905
GZCGUPFRVQAUEE_15_4_0,[C:0]([C:1]([C:3]([C:5](=[O:11])[H:23])([O:9][H:15])[H:20])([O:7][H:13])[H:18])([C:2]([C:4]([O:10][H:16])([H:21])[H:22])([O:8][H:14])[H:19])([O:6][H:12])[H:17],[C:0]([C:1]([C:3]([C:5]([O:11][H:13])([H:18])[H:23])([O:9][H:15])[H:20])=[O:7])([C:2]([C:4]([O:10][H:16])([H:21])[H:22])([O:8][H:14])[H:19])([O:6][H:12])[H:17],55.64377740298058,51.56057308651678,-0.45100382409181905
GZCGUPFRVQAUEE_15_4_2,[C:0]([C:1]([C:3]([C:5](=[O:11])[H:23])([O:9][H:15])[H:20])([O:7][H:13])[H:18])([C:2]([C:4]([O:10][H:16])([H:21])[H:22])([O:8][H:14])[H:19])([O:6][H:12])[H:17],[C:0]([C:1]([C:3]([C:5]([O:11][H:13])([H:18])[H:23])([O:9][H:15])[H:20])=[O:7])([C:2]([C:4]([O:10][H:16])([H:21])[H:22])([O:8][H:14])[H:19])([O:6][H:12])[H:17],56.6327323749806,53.11554162751455,-0.45100382409181905
GZCGUPFRVQAUEE_15_4_3,[C:0]([C:1]([C:3]([C:5](=[O:11])[H:23])([O:9][H:15])[H:20])([O:7][H:13])[H:18])([C:2]([C:4]([O:10][H:16])([H:21])[H:22])([O:8][H:14])[H:19])([O:6][H:12])[H:17],[C:0]([C:1]([C:3]([C:5]([O:11][H:13])([H:18])[H:23])([O:9][H:15])[H:20])=[O:7])([C:2]([C:4]([O:10][H:16])([H:21])[H:22])([O:8][H:14])[H:19])([O:6][H:12])[H:17],60.79688541702538,57.36252592349288,-0.45100382409181905
GZCGUPFRVQAUEE_173_0_2,[C:0]([C:1]([C:3]([C:5](=[O:11])[H:23])([O:9][H:15])[H:20])([O:7][H:13])[H:18])([C:2]([C:4]([O:10][H:16])([H:21])[H:22])([O:8][H:14])[H:19])([O:6][H:12])[H:17],[C:0]([C:1]([C:3]([C:5](=[O:11])[H:23])([O:9][H:15])[H:20])([O:7][H:13])[H:18])(/[C:2](=[C:4](\[O:10][H:16])[H:22])[H:19])([O:6][H:12])[H:17].[O:8]([H:14])[H:21],70.54901055651578,64.71630975397464,11.643403441682574
GZCGUPFRVQAUEE_173_0_3,[C:0]([C:1]([C:3]([C:5](=[O:11])[H:23])([O:9][H:15])[H:20])([O:7][H:13])[H:18])([C:2]([C:4]([O:10][H:16])([H:21])[H:22])([O:8][H:14])[H:19])([O:6][H:12])[H:17],[C:0]([C:1]([C:3]([C:5](=[O:11])[H:23])([O:9][H:15])[H:20])([O:7][H:13])[H:18])(/[C:2](=[C:4](\[O:10][H:16])[H:22])[H:19])([O:6][H:12])[H:17].[O:8]([H:14])[H:21],76.20475368000432,69.34105476899798,11.643403441682574
GZCGUPFRVQAUEE_179_1_2,[C:0]([C:1]([C:3]([C:5](=[O:11])[H:23])([O:9][H:15])[H:20])([O:7][H:13])[H:18])([C:2]([C:4]([O:10][H:16])([H:21])[H:22])([O:8][H:14])[H:19])([O:6][H:12])[H:17],[C:0]1([O:6][H:12])([H:17])[C:1]([O:7][H:13])([H:18])[C:3]([C:5](=[O:11])[H:23])([H:20])[O:8][C:2]1([C:4]([O:10][H:16])([H:21])[H:22])[H:19].[O:9]([H:14])[H:15],66.34093184951055,62.17803382646261,12.012428298279156
GZCGUPFRVQAUEE_200_1_1,[C:0]([C:1]([C:3]([C:5](=[O:11])[H:23])([O:9][H:15])[H:20])([O:7][H:13])[H:18])([C:2]([C:4]([O:10][H:16])([H:21])[H:22])([O:8][H:14])[H:19])([O:6][H:12])[H:17],[C:0]1([O:6][H:12])([H:17])[C:1]([O:7][H:13])([H:18])[C:3]([O:9][H:15])([H:20])[C:5]([O:11][H:16])([H:23])[C:2]1([O:8][H:14])[H:19].[C:4](=[O:10])([H:21])[H:22],76.57623930399382,73.51022788695875,5.632409177820221
GZCGUPFRVQAUEE_201_0_2,[C:0]([C:1]([C:3]([C:5](=[O:11])[H:23])([O:9][H:15])[H:20])([O:7][H:13])[H:18])([C:2]([C:4]([O:10][H:16])([H:21])[H:22])([O:8][H:14])[H:19])([O:6][H:12])[H:17],[C-:5]#[O+:11].[C:0]([C:1]([C:3]([O:9][H:15])([H:20])[H:23])([O:7][H:13])[H:18])([C:2]([C:4]([O:10][H:16])([H:21])[H:22])([O:8][H:14])[H:19])([O:6][H:12])[H:17],88.7467860565135,83.89300007399773,0.7010038240917764
GZCGUPFRVQAUEE_201_0_3,[C:0]([C:1]([C:3]([C:5](=[O:11])[H:23])([O:9][H:15])[H:20])([O:7][H:13])[H:18])([C:2]([C:4]([O:10][H:16])([H:21])[H:22])([O:8][H:14])[H:19])([O:6][H:12])[H:17],[C-:5]#[O+:11].[C:0]([C:1]([C:3]([O:9][H:15])([H:20])[H:23])([O:7][H:13])[H:18])([C:2]([C:4]([O:10][H:16])([H:21])[H:22])([O:8][H:14])[H:19])([O:6][H:12])[H:17],85.94683866744873,80.41408740600636,0.7010038240917764
GZCGUPFRVQAUEE_222_12_0,[C:0]([C:1]([C:3]([C:5](=[O:11])[H:23])([O:9][H:15])[H:20])([O:7][H:13])[H:18])([C:2]([C:4]([O:10][H:16])([H:21])[H:22])([O:8][H:14])[H:19])([O:6][H:12])[H:17],[C:0]([C:1](/[C:3](=[C:5](\[O:11][H:12])[H:23])[O:9][H:15])([O:7][H:13])[H:18])([C:2]([C:4]([O:10][H:16])([H:21])[H:22])([O:8][H:14])[H:19])([O:6][H:20])[H:17],53.893653407476165,48.023302034958746,7.982074569789659
GZCGUPFRVQAUEE_222_12_1,[C:0]([C:1]([C:3]([C:5](=[O:11])[H:23])([O:9][H:15])[H:20])([O:7][H:13])[H:18])([C:2]([C:4]([O:10][H:16])([H:21])[H:22])([O:8][H:14])[H:19])([O:6][H:12])[H:17],[C:0]([C:1](/[C:3](=[C:5](\[O:11][H:12])[H:23])[O:9][H:15])([O:7][H:13])[H:18])([C:2]([C:4]([O:10][H:16])([H:21])[H:22])([O:8][H:14])[H:19])([O:6][H:20])[H:17],51.30329419145296,46.15520625346682,7.982074569789659
GZCGUPFRVQAUEE_222_13_0,[C:0]([C:1]([C:3]([C:5](=[O:11])[H:23])([O:9][H:15])[H:20])([O:7][H:13])[H:18])([C:2]([C:4]([O:10][H:16])([H:21])[H:22])([O:8][H:14])[H:19])([O:6][H:12])[H:17],[C:0]([C:1](/[C:3](=[C:5](\[O:11][H:13])[H:23])[O:9][H:15])([O:7][H:20])[H:18])([C:2]([C:4]([O:10][H:16])([H:21])[H:22])([O:8][H:14])[H:19])([O:6][H:12])[H:17],66.03031464701006,61.276302675027736,7.982074569789659
GZCGUPFRVQAUEE_222_13_1,[C:0]([C:1]([C:3]([C:5](=[O:11])[H:23])([O:9][H:15])[H:20])([O:7][H:13])[H:18])([C:2]([C:4]([O:10][H:16])([H:21])[H:22])([O:8][H:14])[H:19])([O:6][H:12])[H:17],[C:0]([C:1](/[C:3](=[C:5](\[O:11][H:13])[H:23])[O:9][H:15])([O:7][H:20])[H:18])([C:2]([C:4]([O:10][H:16])([H:21])[H:22])([O:8][H:14])[H:19])([O:6][H:12])[H:17],67.93229594148777,62.46480566802332,7.982074569789659
GZCGUPFRVQAUEE_231_0_0,[C:0]([C:1]([C:3]([C:5](=[O:11])[H:23])([O:9][H:15])[H:20])([O:7][H:13])[H:18])([C:2]([C:4]([O:10][H:16])([H:21])[H:22])([O:8][H:14])[H:19])([O:6][H:12])[H:17],[C:0]1([O:6][H:12])([H:17])[C:1]([O:7][H:13])([H:18])[C:3]([O:9][H:15])([H:20])[C:5]([O:10][H:16])([H:23])[O:11][C:4]([H:21])([H:22])[C:2]1([O:8][H:14])[H:19],68.5892983879698,68.87105015347184,-7.900573613766739
GZCGUPFRVQAUEE_231_2_0,[C:0]([C:1]([C:3]([C:5](=[O:11])[H:23])([O:9][H:15])[H:20])([O:7][H:13])[H:18])([C:2]([C:4]([O:10][H:16])([H:21])[H:22])([O:8][H:14])[H:19])([O:6][H:12])[H:17],[C:0]1([O:6][H:12])([H:17])[C:1]([O:7][H:13])([H:18])[C:3]([O:9][H:15])([H:20])[C:5]([O:11][H:16])([H:23])[O:10][C:4]([H:21])([H:22])[C:2]1([O:8][H:14])[H:19],52.124076617449525,50.25472581696077,-7.900573613766739
GZCGUPFRVQAUEE_231_2_1,[C:0]([C:1]([C:3]([C:5](=[O:11])[H:23])([O:9][H:15])[H:20])([O:7][H:13])[H:18])([C:2]([C:4]([O:10][H:16])([H:21])[H:22])([O:8][H:14])[H:19])([O:6][H:12])[H:17],[C:0]1([O:6][H:12])([H:17])[C:1]([O:7][H:13])([H:18])[C:3]([O:9][H:15])([H:20])[C:5]([O:11][H:16])([H:23])[O:10][C:4]([H:21])([H:22])[C:2]1([O:8][H:14])[H:19],47.74719785501379,47.36692709797513,-7.900573613766739
GZCGUPFRVQAUEE_231_2_2,[C:0]([C:1]([C:3]([C:5](=[O:11])[H:23])([O:9][H:15])[H:20])([O:7][H:13])[H:18])([C:2]([C:4]([O:10][H:16])([H:21])[H:22])([O:8][H:14])[H:19])([O:6][H:12])[H:17],[C:0]1([O:6][H:12])([H:17])[C:1]([O:7][H:13])([H:18])[C:3]([O:9][H:15])([H:20])[C:5]([O:11][H:16])([H:23])[O:10][C:4]([H:21])([H:22])[C:2]1([O:8][H:14])[H:19],50.05831534345728,48.79388370101073,-7.900573613766739
GZCGUPFRVQAUEE_231_2_3,[C:0]([C:1]([C:3]([C:5](=[O:11])[H:23])([O:9][H:15])[H:20])([O:7][H:13])[H:18])([C:2]([C:4]([O:10][H:16])([H:21])[H:22])([O:8][H:14])[H:19])([O:6][H:12])[H:17],[C:0]1([O:6][H:12])([H:17])[C:1]([O:7][H:13])([H:18])[C:3]([O:9][H:15])([H:20])[C:5]([O:11][H:16])([H:23])[O:10][C:4]([H:21])([H:22])[C:2]1([O:8][H:14])[H:19],50.37269760294828,49.65608175397407,-7.900573613766739
GZCGUPFRVQAUEE_239_0_0,[C:0]([C:1]([C:3]([C:5](=[O:11])[H:23])([O:9][H:15])[H:20])([O:7][H:13])[H:18])([C:2]([C:4]([O:10][H:16])([H:21])[H:22])([O:8][H:14])[H:19])([O:6][H:12])[H:17],[C:0]1([O:6][H:12])([H:17])[C:1]([O:7][H:13])([H:18])[C:3]([O:9][H:15])([H:20])[C:5](=[O:11])[C:4]([O:10][H:16])([H:22])[C:2]1([O:8][H:14])[H:19].[H:21][H:23],93.02012575149662,89.80476707348191,-0.7194072657743764
GZCGUPFRVQAUEE_244_0_0,[C:0]([C:1]([C:3]([C:5](=[O:11])[H:23])([O:9][H:15])[H:20])([O:7][H:13])[H:18])([C:2]([C:4]([O:10][H:16])([H:21])[H:22])([O:8][H:14])[H:19])([O:6][H:12])[H:17],[C:0]([C:1]([C:3]([C:5](=[O:11])[H:23])([O:9][H:15])[H:20])([O:7][H:13])[H:18])([C:2]([C:4](=[O:10])[H:22])([O:8][H:14])[H:19])([O:6][H:12])[H:17].[H:16][H:21],94.59078202995478,87.00481968448848,17.901290630975115
GZCGUPFRVQAUEE_244_0_2,[C:0]([C:1]([C:3]([C:5](=[O:11])[H:23])([O:9][H:15])[H:20])([O:7][H:13])[H:18])([C:2]([C:4]([O:10][H:16])([H:21])[H:22])([O:8][H:14])[H:19])([O:6][H:12])[H:17],[C:0]([C:1]([C:3]([C:5](=[O:11])[H:23])([O:9][H:15])[H:20])([O:7][H:13])[H:18])([C:2]([C:4](=[O:10])[H:22])([O:8][H:14])[H:19])([O:6][H:12])[H:17].[H:16][H:21],91.84354543897096,85.6073560280211,17.901290630975115
GZCGUPFRVQAUEE_250_0_1,[C:0]([C:1]([C:3]([C:5](=[O:11])[H:23])([O:9][H:15])[H:20])([O:7][H:13])[H:18])([C:2]([C:4]([O:10][H:16])([H:21])[H:22])([O:8][H:14])[H:19])([O:6][H:12])[H:17],[C:0]1([C:2]([C:4]([O:10][H:16])([H:21])[H:22])([O:8][H:14])[H:19])([H:17])[C:1]([O:7][H:13])([H:18])[C:3]([O:9][H:15])([H:20])[C:5](=[O:11])[O:6]1.[H:12][H:23],73.45939961744439,68.20275253601832,4.985181644359452
GZCGUPFRVQAUEE_250_0_2,[C:0]([C:1]([C:3]([C:5](=[O:11])[H:23])([O:9][H:15])[H:20])([O:7][H:13])[H:18])([C:2]([C:4]([O:10][H:16])([H:21])[H:22])([O:8][H:14])[H:19])([O:6][H:12])[H:17],[C:0]1([C:2]([C:4]([O:10][H:16])([H:21])[H:22])([O:8][H:14])[H:19])([H:17])[C:1]([O:7][H:13])([H:18])[C:3]([O:9][H:15])([H:20])[C:5](=[O:11])[O:6]1.[H:12][H:23],76.12568748291858,70.35573763050436,4.985181644359452
GZCGUPFRVQAUEE_250_0_3,[C:0]([C:1]([C:3]([C:5](=[O:11])[H:23])([O:9][H:15])[H:20])([O:7][H:13])[H:18])([C:2]([C:4]([O:10][H:16])([H:21])[H:22])([O:8][H:14])[H:19])([O:6][H:12])[H:17],[C:0]1([C:2]([C:4]([O:10][H:16])([H:21])[H:22])([O:8][H:14])[H:19])([H:17])[C:1]([O:7][H:13])([H:18])[C:3]([O:9][H:15])([H:20])[C:5](=[O:11])[O:6]1.[H:12][H:23],69.90706833799572,65.97070124451788,4.985181644359452
GZCGUPFRVQAUEE_252_0_1,[C:0]([C:1]([C:3]([C:5](=[O:11])[H:23])([O:9][H:15])[H:20])([O:7][H:13])[H:18])([C:2]([C:4]([O:10][H:16])([H:21])[H:22])([O:8][H:14])[H:19])([O:6][H:12])[H:17],[C:0]1([O:6][H:12])([H:17])[C:1]([O:7][H:13])([H:18])[C:3]([O:9][H:15])([H:20])[C:5](=[O:11])[O:8][C:2]1([C:4]([O:10][H:16])([H:21])[H:22])[H:19].[H:14][H:23],74.61276207852869,70.52893025249514,6.245458891013405
GZCGUPFRVQAUEE_252_0_2,[C:0]([C:1]([C:3]([C:5](=[O:11])[H:23])([O:9][H:15])[H:20])([O:7][H:13])[H:18])([C:2]([C:4]([O:10][H:16])([H:21])[H:22])([O:8][H:14])[H:19])([O:6][H:12])[H:17],[C:0]1([O:6][H:12])([H:17])[C:1]([O:7][H:13])([H:18])[C:3]([O:9][H:15])([H:20])[C:5](=[O:11])[O:8][C:2]1([C:4]([O:10][H:16])([H:21])[H:22])[H:19].[H:14][H:23],82.59029035200513,76.78959253402587,6.245458891013405
GZCGUPFRVQAUEE_252_0_3,[C:0]([C:1]([C:3]([C:5](=[O:11])[H:23])([O:9][H:15])[H:20])([O:7][H:13])[H:18])([C:2]([C:4]([O:10][H:16])([H:21])[H:22])([O:8][H:14])[H:19])([O:6][H:12])[H:17],[C:0]1([O:6][H:12])([H:17])[C:1]([O:7][H:13])([H:18])[C:3]([O:9][H:15])([H:20])[C:5](=[O:11])[O:8][C:2]1([C:4]([O:10][H:16])([H:21])[H:22])[H:19].[H:14][H:23],74.15028757698356,69.85498504948454,6.245458891013405
GZCGUPFRVQAUEE_254_0_1,[C:0]([C:1]([C:3]([C:5](=[O:11])[H:23])([O:9][H:15])[H:20])([O:7][H:13])[H:18])([C:2]([C:4]([O:10][H:16])([H:21])[H:22])([O:8][H:14])[H:19])([O:6][H:12])[H:17],[C:0]1([O:6][H:12])([H:17])[C:1]([O:7][H:13])([H:18])[C:3]([O:9][H:15])([H:20])[C:5](=[O:11])[O:10][C:4]([H:21])([H:22])[C:2]1([O:8][H:14])[H:19].[H:16][H:23],80.45236548548107,76.3867314349729,8.145793499044002
GZCGUPFRVQAUEE_254_0_2,[C:0]([C:1]([C:3]([C:5](=[O:11])[H:23])([O:9][H:15])[H:20])([O:7][H:13])[H:18])([C:2]([C:4]([O:10][H:16])([H:21])[H:22])([O:8][H:14])[H:19])([O:6][H:12])[H:17],[C:0]1([O:6][H:12])([H:17])[C:1]([O:7][H:13])([H:18])[C:3]([O:9][H:15])([H:20])[C:5](=[O:11])[O:10][C:4]([H:21])([H:22])[C:2]1([O:8][H:14])[H:19].[H:16][H:23],83.42801553453026,79.25382234051084,8.145793499044002
GZCGUPFRVQAUEE_254_0_3,[C:0]([C:1]([C:3]([C:5](=[O:11])[H:23])([O:9][H:15])[H:20])([O:7][H:13])[H:18])([C:2]([C:4]([O:10][H:16])([H:21])[H:22])([O:8][H:14])[H:19])([O:6][H:12])[H:17],[C:0]1([O:6][H:12])([H:17])[C:1]([O:7][H:13])([H:18])[C:3]([O:9][H:15])([H:20])[C:5](=[O:11])[O:10][C:4]([H:21])([H:22])[C:2]1([O:8][H:14])[H:19].[H:16][H:23],74.92651682852127,71.06858842248809,8.145793499044002
GZCGUPFRVQAUEE_300_0_2,[C:0]([C:1]([C:3]([C:5](=[O:11])[H:23])([O:9][H:15])[H:20])([O:7][H:13])[H:18])([C:2]([C:4]([O:10][H:16])([H:21])[H:22])([O:8][H:14])[H:19])([O:6][H:12])[H:17],[C:0](\[C:1]([C:3]([C:5]([O:6][H:12])([O:11][H:19])[H:23])([O:9][H:15])[H:20])([O:7][H:13])[H:18])(=[C:2](/[C:4]([O:10][H:16])([H:21])[H:22])[O:8][H:14])[H:17],76.72119399848454,73.76311421546232,3.360181644359457
GZCGUPFRVQAUEE_313_0_1,[C:0]([C:1]([C:3]([C:5](=[O:11])[H:23])([O:9][H:15])[H:20])([O:7][H:13])[H:18])([C:2]([C:4]([O:10][H:16])([H:21])[H:22])([O:8][H:14])[H:19])([O:6][H:12])[H:17],[C:0](\[C:1]([C:3]([C:5]([O:8][H:14])([O:11][H:17])[H:23])([O:9][H:15])[H:20])([O:7][H:13])[H:18])(=[C:2](/[C:4]([O:10][H:16])([H:21])[H:22])[H:19])[O:6][H:12],75.96065248447856,72.88522842496724,1.6565487571701272
GZCGUPFRVQAUEE_313_0_2,[C:0]([C:1]([C:3]([C:5](=[O:11])[H:23])([O:9][H:15])[H:20])([O:7][H:13])[H:18])([C:2]([C:4]([O:10][H:16])([H:21])[H:22])([O:8][H:14])[H:19])([O:6][H:12])[H:17],[C:0](\[C:1]([C:3]([C:5]([O:8][H:14])([O:11][H:17])[H:23])([O:9][H:15])[H:20])([O:7][H:13])[H:18])(=[C:2](/[C:4]([O:10][H:16])([H:21])[H:22])[H:19])[O:6][H:12],80.01310883544865,76.02403094396122,1.6565487571701272
GZCGUPFRVQAUEE_314_0_1,[C:0]([C:1]([C:3]([C:5](=[O:11])[H:23])([O:9][H:15])[H:20])([O:7][H:13])[H:18])([C:2]([C:4]([O:10][H:16])([H:21])[H:22])([O:8][H:14])[H:19])([O:6][H:12])[H:17],[C:0](\[C:1]([C:3]([C:5]([O:11][H:19])([H:17])[H:23])([O:9][H:15])[H:20])([O:7][H:13])[H:18])(=[C:2](\[C:4]([O:10][H:16])([H:21])[H:22])[O:8][H:14])[O:6][H:12],62.66686372701255,61.82600099699533,2.037284894837449
GZCGUPFRVQAUEE_346_0_1,[C:0]([C:1]([C:3]([C:5](=[O:11])[H:23])([O:9][H:15])[H:20])([O:7][H:13])[H:18])([C:2]([C:4]([O:10][H:16])([H:21])[H:22])([O:8][H:14])[H:19])([O:6][H:12])[H:17],[C:0]([C:1]([C:3]([C:5]([O:8][H:14])([O:11][H:21])[H:23])([O:9][H:15])[H:20])([O:7][H:13])[H:18])(/[C:2](=[C:4](\[O:10][H:16])[H:22])[H:19])([O:6][H:12])[H:17],73.33766277446638,71.18718771797401,0.06285850860418737
GZCGUPFRVQAUEE_346_0_2,[C:0]([C:1]([C:3]([C:5](=[O:11])[H:23])([O:9][H:15])[H:20])([O:7][H:13])[H:18])([C:2]([C:4]([O:10][H:16])([H:21])[H:22])([O:8][H:14])[H:19])([O:6][H:12])[H:17],[C:0]([C:1]([C:3]([C:5]([O:8][H:14])([O:11][H:21])[H:23])([O:9][H:15])[H:20])([O:7][H:13])[H:18])(/[C:2](=[C:4](\[O:10][H:16])[H:22])[H:19])([O:6][H:12])[H:17],80.27352527800456,77.54260393397952,0.06285850860418737
GZCGUPFRVQAUEE_352_0_1,[C:0]([C:1]([C:3]([C:5](=[O:11])[H:23])([O:9][H:15])[H:20])([O:7][H:13])[H:18])([C:2]([C:4]([O:10][H:16])([H:21])[H:22])([O:8][H:14])[H:19])([O:6][H:12])[H:17],[C:0]([C:1]([C:3]([C:5]([O:10][H:16])([O:11][H:19])[H:23])([O:9][H:15])[H:20])([O:7][H:13])[H:18])([C:2](=[C:4]([H:21])[H:22])[O:8][H:14])([O:6][H:12])[H:17],80.6933291334434,77.87957653548483,-4.081261950286812
GZCGUPFRVQAUEE_37_1_2,[C:0]([C:1]([C:3]([C:5](=[O:11])[H:23])([O:9][H:15])[H:20])([O:7][H:13])[H:18])([C:2]([C:4]([O:10][H:16])([H:21])[H:22])([O:8][H:14])[H:19])([O:6][H:12])[H:17],[C:0]1([C:2]([C:4]([O:10][H:16])([H:21])[H:22])([O:8][H:14])[H:19])([H:17])[C:1]([O:7][H:13])([H:18])[C:3]([O:9][H:15])([H:20])[C:5]([O:6][H:12])([H:23])[O:11]1,64.31156612649777,63.3389264015279,-4.547562141491406
GZCGUPFRVQAUEE_37_2_0,[C:0]([C:1]([C:3]([C:5](=[O:11])[H:23])([O:9][H:15])[H:20])([O:7][H:13])[H:18])([C:2]([C:4]([O:10][H:16])([H:21])[H:22])([O:8][H:14])[H:19])([O:6][H:12])[H:17],[C:0]1([C:2]([C:4]([O:10][H:16])([H:21])[H:22])([O:8][H:14])[H:19])([H:17])[C:1]([O:7][H:13])([H:18])[C:3]([O:9][H:15])([H:20])[C:5]([O:11][H:12])([H:23])[O:6]1,44.95791812749343,42.4849031879593,-4.547562141491406
GZCGUPFRVQAUEE_37_2_1,[C:0]([C:1]([C:3]([C:5](=[O:11])[H:23])([O:9][H:15])[H:20])([O:7][H:13])[H:18])([C:2]([C:4]([O:10][H:16])([H:21])[H:22])([O:8][H:14])[H:19])([O:6][H:12])[H:17],[C:0]1([C:2]([C:4]([O:10][H:16])([H:21])[H:22])([O:8][H:14])[H:19])([H:17])[C:1]([O:7][H:13])([H:18])[C:3]([O:9][H:15])([H:20])[C:5]([O:11][H:12])([H:23])[O:6]1,47.74029525045988,44.63161318746119,-4.547562141491406
GZCGUPFRVQAUEE_37_2_2,[C:0]([C:1]([C:3]([C:5](=[O:11])[H:23])([O:9][H:15])[H:20])([O:7][H:13])[H:18])([C:2]([C:4]([O:10][H:16])([H:21])[H:22])([O:8][H:14])[H:19])([O:6][H:12])[H:17],[C:0]1([C:2]([C:4]([O:10][H:16])([H:21])[H:22])([O:8][H:14])[H:19])([H:17])[C:1]([O:7][H:13])([H:18])[C:3]([O:9][H:15])([H:20])[C:5]([O:11][H:12])([H:23])[O:6]1,43.58806488895633,41.24808196351438,-4.547562141491406
GZCGUPFRVQAUEE_37_2_3,[C:0]([C:1]([C:3]([C:5](=[O:11])[H:23])([O:9][H:15])[H:20])([O:7][H:13])[H:18])([C:2]([C:4]([O:10][H:16])([H:21])[H:22])([O:8][H:14])[H:19])([O:6][H:12])[H:17],[C:0]1([C:2]([C:4]([O:10][H:16])([H:21])[H:22])([O:8][H:14])[H:19])([H:17])[C:1]([O:7][H:13])([H:18])[C:3]([O:9][H:15])([H:20])[C:5]([O:11][H:12])([H:23])[O:6]1,44.92968019999338,42.13036032049837,-4.547562141491406
GZCGUPFRVQAUEE_39_0_3,[C:0]([C:1]([C:3]([C:5](=[O:11])[H:23])([O:9][H:15])[H:20])([O:7][H:13])[H:18])([C:2]([C:4]([O:10][H:16])([H:21])[H:22])([O:8][H:14])[H:19])([O:6][H:12])[H:17],[C:0]([C:1]([C:3]([C:5](=[O:11])[H:23])([O:9][H:15])[H:20])([O:7][H:13])[H:18])(=[O:6])[H:17].[C:2]([C:4]([O:10][H:16])([H:21])[H:22])([O:8][H:14])([H:12])[H:19],93.48322776246884,86.50281208447183,17.93427342256215
GZCGUPFRVQAUEE_54_0_0,[C:0]([C:1]([C:3]([C:5](=[O:11])[H:23])([O:9][H:15])[H:20])([O:7][H:13])[H:18])([C:2]([C:4]([O:10][H:16])([H:21])[H:22])([O:8][H:14])[H:19])([O:6][H:12])[H:17],[C:0](\[C:1]([C:3]([C:5](=[O:11])[H:23])([O:9][H:15])[H:20])([O:7][H:13])[H:18])(=[C:2](/[C:4]([O:10][H:16])([H:21])[H:22])[O:8][H:14])[H:17].[O:6]([H:12])[H:19],66.41874302752812,60.22836180996263,14.940487571701713
GZCGUPFRVQAUEE_54_0_3,[C:0]([C:1]([C:3]([C:5](=[O:11])[H:23])([O:9][H:15])[H:20])([O:7][H:13])[H:18])([C:2]([C:4]([O:10][H:16])([H:21])[H:22])([O:8][H:14])[H:19])([O:6][H:12])[H:17],[C:0](\[C:1]([C:3]([C:5](=[O:11])[H:23])([O:9][H:15])[H:20])([O:7][H:13])[H:18])(=[C:2](/[C:4]([O:10][H:16])([H:21])[H:22])[O:8][H:14])[H:17].[O:6]([H:12])[H:19],72.17677019947244,64.68681680747777,14.940487571701713
GZCGUPFRVQAUEE_78_0_2,[C:0]([C:1]([C:3]([C:5](=[O:11])[H:23])([O:9][H:15])[H:20])([O:7][H:13])[H:18])([C:2]([C:4]([O:10][H:16])([H:21])[H:22])([O:8][H:14])[H:19])([O:6][H:12])[H:17],[C:0](\[C:1]([C:3]([C:5](=[O:11])[H:23])([O:9][H:15])[H:20])([O:7][H:13])[H:18])(=[C:2](/[C:4]([O:10][H:16])([H:21])[H:22])[H:19])[O:6][H:12].[O:8]([H:14])[H:17],75.02378080098973,68.86603007748452,13.237093690248514
GZCGUPFRVQAUEE_78_0_3,[C:0]([C:1]([C:3]([C:5](=[O:11])[H:23])([O:9][H:15])[H:20])([O:7][H:13])[H:18])([C:2]([C:4]([O:10][H:16])([H:21])[H:22])([O:8][H:14])[H:19])([O:6][H:12])[H:17],[C:0](\[C:1]([C:3]([C:5](=[O:11])[H:23])([O:9][H:15])[H:20])([O:7][H:13])[H:18])(=[C:2](/[C:4]([O:10][H:16])([H:21])[H:22])[H:19])[O:6][H:12].[O:8]([H:14])[H:17],72.22257839299947,64.92087785095754,13.237093690248514
GZCGUPFRVQAUEE_85_0_3,[C:0]([C:1]([C:3]([C:5](=[O:11])[H:23])([O:9][H:15])[H:20])([O:7][H:13])[H:18])([C:2]([C:4]([O:10][H:16])([H:21])[H:22])([O:8][H:14])[H:19])([O:6][H:12])[H:17],[C:0]1([C:1]([C:3]([C:5](=[O:11])[H:23])([O:9][H:15])[H:20])([O:7][H:13])[H:18])([O:6][H:12])[C:2]([O:8][H:14])([H:19])[C:4]1([H:21])[H:22].[O:10]([H:16])[H:17],95.40654437996402,88.00004975147266,10.886233269598415
GZCGUPFRVQAUEE_156_2_1,[C:0]([C:1]([C:3]([C:5](=[O:11])[H:23])([O:9][H:14])[H:20])([O:7][H:13])[H:18])([C:2]([C:4]([O:10][H:16])([H:21])[H:22])([O:8][H:15])[H:19])([O:6][H:12])[H:17],[C:0]1([O:6][H:12])([H:17])[C:1]([O:7][H:13])([H:18])[C:3]([O:9][H:15])([H:20])[C:5]([O:11][H:14])([H:23])[O:8][C:2]1([C:4]([O:10][H:16])([H:21])[H:22])[H:19],41.93834241348379,42.60726754050707,-4.853728489483745
GZCGUPFRVQAUEE_15_3_1,[C:0]([C:1]([C:3]([C:5](=[O:11])[H:23])([O:9][H:15])[H:20])([O:7][H:13])[H:18])([C:2]([C:4]([O:10][H:16])([H:21])[H:22])([O:8][H:14])[H:19])([O:6][H:12])[H:17],[C:0](=[C:1](\[O:7][H:13])[H:18])(\[C:2]([C:4]([O:10][H:16])([H:21])[H:22])([O:8][H:14])[H:19])[O:6][H:12].[C:3](=[C:5](\[O:11][H:17])[H:23])(\[O:9][H:15])[H:20],46.74381016447887,43.35023878848607,35.950047801147214
GZCGUPFRVQAUEE_222_2_0,[C:0]([C:1]([C:3]([C:5](=[O:11])[H:23])([O:9][H:15])[H:20])([O:7][H:13])[H:18])([C:2]([C:4]([O:10][H:16])([H:21])[H:22])([O:8][H:14])[H:19])([O:6][H:12])[H:17],[C:0]1([C:2]([C:4]([O:10][H:16])([H:21])[H:22])([O:8][H:14])[H:19])([H:17])[C:1]([O:7][H:13])([H:18])[C:3]([O:9][H:15])([H:20])[C:5]([O:11][H:12])([H:23])[O:6]1,44.897049705933085,43.43181502349413,-4.547562141491406
GZCGUPFRVQAUEE_223_0_3,[C:0]([C:1]([C:3]([C:5](=[O:11])[H:23])([O:9][H:15])[H:20])([O:7][H:13])[H:18])([C:2]([C:4]([O:10][H:16])([H:21])[H:22])([O:8][H:14])[H:19])([O:6][H:12])[H:17],[C:0]([C:1]([C:3]([C:5]([O:11])([H:20])[H:23])[O:9][H:15])([O:7][H:13])[H:18])([C:2]([C:4]([O:10][H:16])([H:21])[H:22])([O:8][H:14])[H:19])([O:6][H:12])[H:17],47.39391000647834,44.425790071481465,TCIT fails
GZCGUPFRVQAUEE_229_0_1,[C:0]([C:1]([C:3]([C:5](=[O:11])[H:23])([O:9][H:15])[H:20])([O:7][H:13])[H:18])([C:2]([C:4]([O:10][H:16])([H:21])[H:22])([O:8][H:14])[H:19])([O:6][H:12])[H:17],[C:0]([C:1]([C:3]([C:5]([O:11][H:15])([H:20])[H:23])=[O:9])([O:7][H:13])[H:18])([C:2]([C:4]([O:10][H:16])([H:21])[H:22])([O:8][H:14])[H:19])([O:6][H:12])[H:17],48.4293006815038,43.642658215461175,-2.5979923518164716
GZCGUPFRVQAUEE_229_0_2,[C:0]([C:1]([C:3]([C:5](=[O:11])[H:23])([O:9][H:15])[H:20])([O:7][H:13])[H:18])([C:2]([C:4]([O:10][H:16])([H:21])[H:22])([O:8][H:14])[H:19])([O:6][H:12])[H:17],[C:0]([C:1]([C:3]([C:5]([O:11][H:15])([H:20])[H:23])=[O:9])([O:7][H:13])[H:18])([C:2]([C:4]([O:10][H:16])([H:21])[H:22])([O:8][H:14])[H:19])([O:6][H:12])[H:17],48.31070138601787,44.87006679750121,-2.5979923518164716
GZCGUPFRVQAUEE_91_0_3,[C:0]([C:1]([C:3]([C:5](=[O:11])[H:23])([O:9][H:15])[H:20])([O:7][H:13])[H:18])([C:2]([C:4]([O:10][H:16])([H:21])[H:22])([O:8][H:14])[H:19])([O:6][H:12])[H:17],[C:0]1([C:2]([C:4]([O:10][H:16])([H:21])[H:22])([O:8][H:14])[H:19])([H:17])[C:1]([O:7][H:13])([H:18])[C:3]([O:9][H:15])([H:20])[C:5]([O:11][H:12])([H:23])[O:6]1,44.6040027695309,42.279707581478,-4.547562141491406
AVVWPBAENSWJCB_121_0_3,[C:0]1([O:7][H:12])([H:17])[C:2]([O:8][H:13])([H:19])[C:3]([O:9][H:14])([H:20])[C:1]([C:4]([C:5]([O:11][H:16])([H:22])[H:23])([O:10][H:15])[H:21])([H:18])[O:6]1,[C:0]([C:2]([C:3](/[C:1](=[C:4](/[C:5]([O:11][H:16])([H:22])[H:23])[O:10][H:15])[H:18])([O:9][H:14])[H:20])([O:8][H:13])[H:19])([O:6][H:21])([O:7][H:12])[H:17],72.0393456189627,65.38146982400743,7.9077437858508635
AVVWPBAENSWJCB_155_0_1,[C:0]1([O:7][H:12])([H:17])[C:2]([O:8][H:13])([H:19])[C:3]([O:9][H:14])([H:20])[C:1]([C:4]([C:5]([O:11][H:16])([H:22])[H:23])([O:10][H:15])[H:21])([H:18])[O:6]1,[C:0]1([O:7][H:12])([H:17])[C:2]([O:8][H:13])([H:19])[O:10][C:4]([C:5]([O:11][H:16])([H:22])[H:23])([H:21])[C:1]([C:3]([O:9][H:14])([H:15])[H:20])([H:18])[O:6]1,92.90340898450594,86.6076061709926,11.401051625239004
AVVWPBAENSWJCB_27_0_3,[C:0]1([O:7][H:12])([H:17])[C:2]([O:8][H:13])([H:19])[C:3]([O:9][H:14])([H:20])[C:1]([C:4]([C:5]([O:11][H:16])([H:22])[H:23])([O:10][H:15])[H:21])([H:18])[O:6]1,[C:0]([O:6][C:1]1([H:18])[C:3]([O:9][H:14])([H:20])[C:2]([O:8][H:13])([H:19])[O:11][C:5]([H:22])([H:23])[C:4]1([O:10][H:15])[H:21])([O:7][H:12])([H:16])[H:17],91.925121673979,85.87216503699459,-0.2805927342256162
AVVWPBAENSWJCB_29_1_0,[C:0]1([O:7][H:12])([H:17])[C:2]([O:8][H:13])([H:19])[C:3]([O:9][H:14])([H:20])[C:1]([C:4]([C:5]([O:11][H:16])([H:22])[H:23])([O:10][H:15])[H:21])([H:18])[O:6]1,[C:0]([C:2]([C:3]([C:1]([C:4]([C:5]([O:11][H:16])([H:22])[H:23])([O:10][H:15])[H:21])([O:6][H:12])[H:18])([O:9][H:14])[H:20])([O:8][H:13])[H:19])(=[O:7])[H:17],49.87069000300296,44.12772305902062,4.547562141491406
AVVWPBAENSWJCB_29_1_3,[C:0]1([O:7][H:12])([H:17])[C:2]([O:8][H:13])([H:19])[C:3]([O:9][H:14])([H:20])[C:1]([C:4]([C:5]([O:11][H:16])([H:22])[H:23])([O:10][H:15])[H:21])([H:18])[O:6]1,[C:0]([C:2]([C:3]([C:1]([C:4]([C:5]([O:11][H:16])([H:22])[H:23])([O:10][H:15])[H:21])([O:6][H:12])[H:18])([O:9][H:14])[H:20])([O:8][H:13])[H:19])(=[O:7])[H:17],45.683319109445456,41.35789612602248,4.547562141491406
BJHIKXHVCXFQLS_101_2_1,[C:0]([C:1]([C:5]([C:4]([O:10][H:16])([H:22])[H:23])=[O:11])([O:7][H:13])[H:18])([C:2]([C:3]([O:9][H:15])([H:20])[H:21])([O:8][H:14])[H:19])([O:6][H:12])[H:17],[C:0]([C:1]([C:5]([C:4]([O:10][H:16])([H:22])[H:23])([O:11][H:15])[H:20])([O:7][H:13])[H:18])([C:2]([C:3](=[O:9])[H:21])([O:8][H:14])[H:19])([O:6][H:12])[H:17],39.70566361248493,36.30205208451748,2.5979923518164716
BJHIKXHVCXFQLS_101_3_1,[C:0]([C:1]([C:5]([C:4]([O:10][H:16])([H:22])[H:23])=[O:11])([O:7][H:13])[H:18])([C:2]([C:3]([O:9][H:15])([H:20])[H:21])([O:8][H:14])[H:19])([O:6][H:12])[H:17],[C:0]([C:1]([C:5]([C:4]([O:10][H:16])([H:22])[H:23])([O:11][H:20])[H:15])([O:7][H:13])[H:18])([C:2]([C:3](=[O:9])[H:21])([O:8][H:14])[H:19])([O:6][H:12])[H:17],73.6407498629859,69.69810767452391,2.5979923518164716
BJHIKXHVCXFQLS_101_4_0,[C:0]([C:1]([C:5]([C:4]([O:10][H:16])([H:22])[H:23])=[O:11])([O:7][H:13])[H:18])([C:2]([C:3]([O:9][H:15])([H:20])[H:21])([O:8][H:14])[H:19])([O:6][H:12])[H:17],[C:0]([C:1]([C:5]([C:4](=[O:10])[H:23])([O:11][H:16])[H:22])([O:7][H:13])[H:18])([C:2]([C:3]([O:9][H:15])([H:20])[H:21])([O:8][H:14])[H:19])([O:6][H:12])[H:17],48.06409015249845,44.66800873851198,2.5979923518164716
BJHIKXHVCXFQLS_101_4_1,[C:0]([C:1]([C:5]([C:4]([O:10][H:16])([H:22])[H:23])=[O:11])([O:7][H:13])[H:18])([C:2]([C:3]([O:9][H:15])([H:20])[H:21])([O:8][H:14])[H:19])([O:6][H:12])[H:17],[C:0]([C:1]([C:5]([C:4](=[O:10])[H:23])([O:11][H:16])[H:22])([O:7][H:13])[H:18])([C:2]([C:3]([O:9][H:15])([H:20])[H:21])([O:8][H:14])[H:19])([O:6][H:12])[H:17],52.22824319447189,47.701389661486765,2.5979923518164716
BJHIKXHVCXFQLS_10_4_1,[C:0]([C:1]([C:5]([C:4]([O:10][H:16])([H:22])[H:23])=[O:11])([O:7][H:13])[H:18])([C:2]([C:3]([O:9][H:15])([H:20])[H:21])([O:8][H:14])[H:19])([O:6][H:12])[H:17],[C:0]([C:1]([C:5]([C:4]([O:10][H:16])([H:22])[H:23])([O:11][H:12])[H:17])([O:7][H:13])[H:18])([C:2]([C:3]([O:9][H:15])([H:20])[H:21])([O:8][H:14])[H:19])=[O:6],56.3854936320341,53.17703755850196,2.1469885277246528
BJHIKXHVCXFQLS_10_4_2,[C:0]([C:1]([C:5]([C:4]([O:10][H:16])([H:22])[H:23])=[O:11])([O:7][H:13])[H:18])([C:2]([C:3]([O:9][H:15])([H:20])[H:21])([O:8][H:14])[H:19])([O:6][H:12])[H:17],[C:0]([C:1]([C:5]([C:4]([O:10][H:16])([H:22])[H:23])([O:11][H:12])[H:17])([O:7][H:13])[H:18])([C:2]([C:3]([O:9][H:15])([H:20])[H:21])([O:8][H:14])[H:19])=[O:6],57.21694371943239,53.85788536599513,2.1469885277246528
BJHIKXHVCXFQLS_10_4_3,[C:0]([C:1]([C:5]([C:4]([O:10][H:16])([H:22])[H:23])=[O:11])([O:7][H:13])[H:18])([C:2]([C:3]([O:9][H:15])([H:20])[H:21])([O:8][H:14])[H:19])([O:6][H:12])[H:17],[C:0]([C:1]([C:5]([C:4]([O:10][H:16])([H:22])[H:23])([O:11][H:12])[H:17])([O:7][H:13])[H:18])([C:2]([C:3]([O:9][H:15])([H:20])[H:21])([O:8][H:14])[H:19])=[O:6],63.87230947646536,59.31910054447543,2.1469885277246528
BJHIKXHVCXFQLS_10_6_1,[C:0]([C:1]([C:5]([C:4]([O:10][H:16])([H:22])[H:23])=[O:11])([O:7][H:13])[H:18])([C:2]([C:3]([O:9][H:15])([H:20])[H:21])([O:8][H:14])[H:19])([O:6][H:12])[H:17],[C:0]([C:1]([C:5]([C:4]([O:10][H:16])([H:22])[H:23])([O:11][H:13])[H:18])=[O:7])([C:2]([C:3]([O:9][H:15])([H:20])[H:21])([O:8][H:14])[H:19])([O:6][H:12])[H:17],42.07200193700303,39.76276697698344,2.1469885277246528
BJHIKXHVCXFQLS_136_1_2,[C:0]([C:1]([C:5]([C:4]([O:10][H:16])([H:22])[H:23])=[O:11])([O:7][H:13])[H:18])([C:2]([C:3]([O:9][H:15])([H:20])[H:21])([O:8][H:14])[H:19])([O:6][H:12])[H:17],[C:0]([C:2]([C:3]([O:9][H:15])([H:20])[H:21])([O:8][H:14])[H:19])([C:5]([C:1](=[O:7])[H:18])([C:4]([O:10][H:16])([H:22])[H:23])[O:11][H:13])([O:6][H:12])[H:17],44.43206516646563,43.23854209748272,2.2146271510516433
BJHIKXHVCXFQLS_141_8_0,[C:0]([C:1]([C:5]([C:4]([O:10][H:16])([H:22])[H:23])=[O:11])([O:7][H:13])[H:18])([C:2]([C:3]([O:9][H:15])([H:20])[H:21])([O:8][H:14])[H:19])([O:6][H:12])[H:17],[C:0](/[C:1](=[C:5](\[C:4]([O:10][H:16])([H:22])[H:23])[O:11][H:13])[O:7][H:18])([C:2]([C:3]([O:9][H:15])([H:20])[H:21])([O:8][H:14])[H:19])([O:6][H:12])[H:17],67.25270315299143,65.75295544799692,4.635277246653921
BJHIKXHVCXFQLS_141_9_0,[C:0]([C:1]([C:5]([C:4]([O:10][H:16])([H:22])[H:23])=[O:11])([O:7][H:13])[H:18])([C:2]([C:3]([O:9][H:15])([H:20])[H:21])([O:8][H:14])[H:19])([O:6][H:12])[H:17],[C:0](/[C:1](=[C:5](/[C:4]([O:10][H:16])([H:22])[H:23])[O:11][H:14])[O:7][H:13])([C:2]([C:3]([O:9][H:15])([H:20])[H:21])([O:8][H:18])[H:19])([O:6][H:12])[H:17],52.18180749144645,46.54237961498806,4.635277246653921
BJHIKXHVCXFQLS_141_9_1,[C:0]([C:1]([C:5]([C:4]([O:10][H:16])([H:22])[H:23])=[O:11])([O:7][H:13])[H:18])([C:2]([C:3]([O:9][H:15])([H:20])[H:21])([O:8][H:14])[H:19])([O:6][H:12])[H:17],[C:0](/[C:1](=[C:5](/[C:4]([O:10][H:16])([H:22])[H:23])[O:11][H:14])[O:7][H:13])([C:2]([C:3]([O:9][H:15])([H:20])[H:21])([O:8][H:18])[H:19])([O:6][H:12])[H:17],53.61001911347888,48.19461212852561,4.635277246653921
BJHIKXHVCXFQLS_141_9_2,[C:0]([C:1]([C:5]([C:4]([O:10][H:16])([H:22])[H:23])=[O:11])([O:7][H:13])[H:18])([C:2]([C:3]([O:9][H:15])([H:20])[H:21])([O:8][H:14])[H:19])([O:6][H:12])[H:17],[C:0](/[C:1](=[C:5](/[C:4]([O:10][H:16])([H:22])[H:23])[O:11][H:14])[O:7][H:13])([C:2]([C:3]([O:9][H:15])([H:20])[H:21])([O:8][H:18])[H:19])([O:6][H:12])[H:17],54.019782817014416,49.320364171536944,4.635277246653921
BJHIKXHVCXFQLS_171_2_0,[C:0]([C:1]([C:5]([C:4]([O:10][H:16])([H:22])[H:23])=[O:11])([O:7][H:13])[H:18])([C:2]([C:3]([O:9][H:15])([H:20])[H:21])([O:8][H:14])[H:19])([O:6][H:12])[H:17],[C:0]1([O:6][H:12])([H:17])[C:1]([O:7][H:13])([H:18])[C:5]([C:4]([O:10][H:16])([H:22])[H:23])([O:11][H:14])[O:8][C:2]1([C:3]([O:9][H:15])([H:20])[H:21])[H:19],44.69122658995336,42.1843261375048,1.2425908221797488
BJHIKXHVCXFQLS_171_2_1,[C:0]([C:1]([C:5]([C:4]([O:10][H:16])([H:22])[H:23])=[O:11])([O:7][H:13])[H:18])([C:2]([C:3]([O:9][H:15])([H:20])[H:21])([O:8][H:14])[H:19])([O:6][H:12])[H:17],[C:0]1([O:6][H:12])([H:17])[C:1]([O:7][H:13])([H:18])[C:5]([C:4]([O:10][H:16])([H:22])[H:23])([O:11][H:14])[O:8][C:2]1([C:3]([O:9][H:15])([H:20])[H:21])[H:19],38.56798888893236,37.024943028475846,1.2425908221797488
BJHIKXHVCXFQLS_171_2_3,[C:0]([C:1]([C:5]([C:4]([O:10][H:16])([H:22])[H:23])=[O:11])([O:7][H:13])[H:18])([C:2]([C:3]([O:9][H:15])([H:20])[H:21])([O:8][H:14])[H:19])([O:6][H:12])[H:17],[C:0]1([O:6][H:12])([H:17])[C:1]([O:7][H:13])([H:18])[C:5]([C:4]([O:10][H:16])([H:22])[H:23])([O:11][H:14])[O:8][C:2]1([C:3]([O:9][H:15])([H:20])[H:21])[H:19],43.6194403640198,40.76364462952469,1.2425908221797488
BJHIKXHVCXFQLS_181_1_0,[C:0]([C:1]([C:5]([C:4]([O:10][H:16])([H:22])[H:23])=[O:11])([O:7][H:13])[H:18])([C:2]([C:3]([O:9][H:15])([H:20])[H:21])([O:8][H:14])[H:19])([O:6][H:12])[H:17],[C:0]([C:1]([C:5]([C:3]([O:9][H:15])([H:20])[H:21])([C:4]([O:10][H:16])([H:22])[H:23])[O:11][H:14])([O:7][H:13])[H:18])([C:2](=[O:8])[H:19])([O:6][H:12])[H:17],73.80201980450677,69.96417170249423,-0.5609464627151004
BJHIKXHVCXFQLS_197_1_0,[C:0]([C:1]([C:5]([C:4]([O:10][H:16])([H:22])[H:23])=[O:11])([O:7][H:13])[H:18])([C:2]([C:3]([O:9][H:15])([H:20])[H:21])([O:8][H:14])[H:19])([O:6][H:12])[H:17],[C:0]1([O:6][H:12])([H:17])[C:1]([O:7][H:13])([H:18])[C:5]([C:4]([O:10][H:16])([H:22])[H:23])([O:11][H:15])[O:9][C:3]([H:20])([H:21])[C:2]1([O:8][H:14])[H:19],46.63085845447869,44.62471058297862,-1.4801625239005696
BJHIKXHVCXFQLS_197_1_1,[C:0]([C:1]([C:5]([C:4]([O:10][H:16])([H:22])[H:23])=[O:11])([O:7][H:13])[H:18])([C:2]([C:3]([O:9][H:15])([H:20])[H:21])([O:8][H:14])[H:19])([O:6][H:12])[H:17],[C:0]1([O:6][H:12])([H:17])[C:1]([O:7][H:13])([H:18])[C:5]([C:4]([O:10][H:16])([H:22])[H:23])([O:11][H:15])[O:9][C:3]([H:20])([H:21])[C:2]1([O:8][H:14])[H:19],43.99971112098712,42.78422521948833,-1.4801625239005696
BJHIKXHVCXFQLS_197_1_2,[C:0]([C:1]([C:5]([C:4]([O:10][H:16])([H:22])[H:23])=[O:11])([O:7][H:13])[H:18])([C:2]([C:3]([O:9][H:15])([H:20])[H:21])([O:8][H:14])[H:19])([O:6][H:12])[H:17],[C:0]1([O:6][H:12])([H:17])[C:1]([O:7][H:13])([H:18])[C:5]([C:4]([O:10][H:16])([H:22])[H:23])([O:11][H:15])[O:9][C:3]([H:20])([H:21])[C:2]1([O:8][H:14])[H:19],47.56082753348496,45.608645478991306,-1.4801625239005696
BJHIKXHVCXFQLS_197_1_3,[C:0]([C:1]([C:5]([C:4]([O:10][H:16])([H:22])[H:23])=[O:11])([O:7][H:13])[H:18])([C:2]([C:3]([O:9][H:15])([H:20])[H:21])([O:8][H:14])[H:19])([O:6][H:12])[H:17],[C:0]1([O:6][H:12])([H:17])[C:1]([O:7][H:13])([H:18])[C:5]([C:4]([O:10][H:16])([H:22])[H:23])([O:11][H:15])[O:9][C:3]([H:20])([H:21])[C:2]1([O:8][H:14])[H:19],43.71733184598666,43.71419429849458,-1.4801625239005696
BJHIKXHVCXFQLS_224_1_0,[C:0]([C:1]([C:5]([C:4]([O:10][H:16])([H:22])[H:23])=[O:11])([O:7][H:13])[H:18])([C:2]([C:3]([O:9][H:15])([H:20])[H:21])([O:8][H:14])[H:19])([O:6][H:12])[H:17],[C:0]([C:1]([C:5]1([O:11][H:16])[C:4]([H:22])([H:23])[O:10]1)([O:7][H:13])[H:18])([C:2]([C:3]([O:9][H:15])([H:20])[H:21])([O:8][H:14])[H:19])([O:6][H:12])[H:17],62.30604576449611,59.297765221529296,12.848948374760992
BJHIKXHVCXFQLS_224_1_1,[C:0]([C:1]([C:5]([C:4]([O:10][H:16])([H:22])[H:23])=[O:11])([O:7][H:13])[H:18])([C:2]([C:3]([O:9][H:15])([H:20])[H:21])([O:8][H:14])[H:19])([O:6][H:12])[H:17],[C:0]([C:1]([C:5]1([O:11][H:16])[C:4]([H:22])([H:23])[O:10]1)([O:7][H:13])[H:18])([C:2]([C:3]([O:9][H:15])([H:20])[H:21])([O:8][H:14])[H:19])([O:6][H:12])[H:17],58.196486048956174,55.44297436298818,12.848948374760992
BJHIKXHVCXFQLS_224_1_2,[C:0]([C:1]([C:5]([C:4]([O:10][H:16])([H:22])[H:23])=[O:11])([O:7][H:13])[H:18])([C:2]([C:3]([O:9][H:15])([H:20])[H:21])([O:8][H:14])[H:19])([O:6][H:12])[H:17],[C:0]([C:1]([C:5]1([O:11][H:16])[C:4]([H:22])([H:23])[O:10]1)([O:7][H:13])[H:18])([C:2]([C:3]([O:9][H:15])([H:20])[H:21])([O:8][H:14])[H:19])([O:6][H:12])[H:17],63.37971451899626,59.5675943064901,12.848948374760992
BJHIKXHVCXFQLS_229_10_0,[C:0]([C:1]([C:5]([C:4]([O:10][H:16])([H:22])[H:23])=[O:11])([O:7][H:13])[H:18])([C:2]([C:3]([O:9][H:15])([H:20])[H:21])([O:8][H:14])[H:19])([O:6][H:12])[H:17],[C:0]([C:1](/[C:5](=[C:4](/[O:10][H:16])[H:23])[O:11][H:14])([O:7][H:13])[H:18])([C:2]([C:3]([O:9][H:15])([H:20])[H:21])([O:8][H:22])[H:19])([O:6][H:12])[H:17],51.74945344603928,49.28020356349566,10.58006692160613
BJHIKXHVCXFQLS_229_10_1,[C:0]([C:1]([C:5]([C:4]([O:10][H:16])([H:22])[H:23])=[O:11])([O:7][H:13])[H:18])([C:2]([C:3]([O:9][H:15])([H:20])[H:21])([O:8][H:14])[H:19])([O:6][H:12])[H:17],[C:0]([C:1](/[C:5](=[C:4](/[O:10][H:16])[H:23])[O:11][H:14])([O:7][H:13])[H:18])([C:2]([C:3]([O:9][H:15])([H:20])[H:21])([O:8][H:22])[H:19])([O:6][H:12])[H:17],54.296514506529135,51.45766152849125,10.58006692160613
BJHIKXHVCXFQLS_229_10_2,[C:0]([C:1]([C:5]([C:4]([O:10][H:16])([H:22])[H:23])=[O:11])([O:7][H:13])[H:18])([C:2]([C:3]([O:9][H:15])([H:20])[H:21])([O:8][H:14])[H:19])([O:6][H:12])[H:17],[C:0]([C:1](/[C:5](=[C:4](/[O:10][H:16])[H:23])[O:11][H:14])([O:7][H:13])[H:18])([C:2]([C:3]([O:9][H:15])([H:20])[H:21])([O:8][H:22])[H:19])([O:6][H:12])[H:17],52.47108937092948,50.31622174801953,10.58006692160613
BJHIKXHVCXFQLS_229_10_3,[C:0]([C:1]([C:5]([C:4]([O:10][H:16])([H:22])[H:23])=[O:11])([O:7][H:13])[H:18])([C:2]([C:3]([O:9][H:15])([H:20])[H:21])([O:8][H:14])[H:19])([O:6][H:12])[H:17],[C:0]([C:1](/[C:5](=[C:4](/[O:10][H:16])[H:23])[O:11][H:14])([O:7][H:13])[H:18])([C:2]([C:3]([O:9][H:15])([H:20])[H:21])([O:8][H:22])[H:19])([O:6][H:12])[H:17],53.2209632234624,50.93996619101419,10.58006692160613
BJHIKXHVCXFQLS_229_11_1,[C:0]([C:1]([C:5]([C:4]([O:10][H:16])([H:22])[H:23])=[O:11])([O:7][H:13])[H:18])([C:2]([C:3]([O:9][H:15])([H:20])[H:21])([O:8][H:14])[H:19])([O:6][H:12])[H:17],[C:0]([C:1](/[C:5](=[C:4](/[O:10][H:16])[H:23])[O:11][H:15])([O:7][H:13])[H:18])([C:2]([C:3]([O:9][H:22])([H:20])[H:21])([O:8][H:14])[H:19])([O:6][H:12])[H:17],48.092328079998495,46.451390737503765,10.58006692160613
BJHIKXHVCXFQLS_229_8_1,[C:0]([C:1]([C:5]([C:4]([O:10][H:16])([H:22])[H:23])=[O:11])([O:7][H:13])[H:18])([C:2]([C:3]([O:9][H:15])([H:20])[H:21])([O:8][H:14])[H:19])([O:6][H:12])[H:17],[C:0]([C:1](/[C:5](=[C:4](/[O:10][H:16])[H:23])[O:11][H:12])([O:7][H:13])[H:18])([C:2]([C:3]([O:9][H:15])([H:20])[H:21])([O:8][H:14])[H:19])([O:6][H:22])[H:17],60.6274578520251,58.701631196536255,10.58006692160613
BJHIKXHVCXFQLS_229_4_0,[C:0]([C:1]([C:5]([C:4]([O:10][H:16])([H:22])[H:23])=[O:11])([O:7][H:13])[H:18])([C:2]([C:3]([O:9][H:15])([H:20])[H:21])([O:8][H:14])[H:19])([O:6][H:12])[H:17],[C:0]([C:1]([C:5]([C:4]([O:10][H:16])([H:22])[H:23])([O:11][H:20])[H:19])([O:7][H:13])[H:18])(/[C:2](=[C:3](/[O:9][H:15])[H:21])[O:8][H:14])([O:6][H:12])[H:17],71.30578701345993,68.30942915103435,10.58006692160613
BJHIKXHVCXFQLS_370_0_0,[C:0]([C:1]([C:5]([C:4]([O:10][H:16])([H:22])[H:23])=[O:11])([O:7][H:13])[H:18])([C:2]([C:3]([O:9][H:15])([H:20])[H:21])([O:8][H:14])[H:19])([O:6][H:12])[H:17],[C:0]([C:1]([C:5]([C:4]([O:10][H:16])([H:22])[H:23])([O:8][H:14])[O:11][H:20])([O:7][H:13])[H:18])(/[C:2](=[C:3](/[O:9][H:15])[H:21])[H:19])([O:6][H:12])[H:17],72.90468121941812,69.86502520153053,0.7174952198852659
BJHIKXHVCXFQLS_44_0_0,[C:0]([C:1]([C:5]([C:4]([O:10][H:16])([H:22])[H:23])=[O:11])([O:7][H:13])[H:18])([C:2]([C:3]([O:9][H:15])([H:20])[H:21])([O:8][H:14])[H:19])([O:6][H:12])[H:17],[C:0](=[C:1](/[O:7][H:13])[H:18])(\[C:2]([C:3]([O:9][H:15])([H:20])[H:21])([O:8][H:14])[H:19])[H:17].[C:4]([C:5]([O:6][H:12])=[O:11])([O:10][H:16])([H:22])[H:23],62.65556855604107,59.06495919697502,7.689770554493356
BJHIKXHVCXFQLS_60_1_0,[C:0]([C:1]([C:5]([C:4]([O:10][H:16])([H:22])[H:23])=[O:11])([O:7][H:13])[H:18])([C:2]([C:3]([O:9][H:15])([H:20])[H:21])([O:8][H:14])[H:19])([O:6][H:12])[H:17],[C:0]1([C:2]([C:3]([O:9][H:15])([H:20])[H:21])([O:8][H:14])[H:19])([H:17])[C:1]([O:7][H:13])([H:18])[C:5]([C:4]([O:10][H:16])([H:22])[H:23])([O:11][H:12])[O:6]1,56.81596514901735,52.6486745594805,15.949091778202675
BJHIKXHVCXFQLS_60_1_1,[C:0]([C:1]([C:5]([C:4]([O:10][H:16])([H:22])[H:23])=[O:11])([O:7][H:13])[H:18])([C:2]([C:3]([O:9][H:15])([H:20])[H:21])([O:8][H:14])[H:19])([O:6][H:12])[H:17],[C:0]1([C:2]([C:3]([O:9][H:15])([H:20])[H:21])([O:8][H:14])[H:19])([H:17])[C:1]([O:7][H:13])([H:18])[C:5]([C:4]([O:10][H:16])([H:22])[H:23])([O:11][H:12])[O:6]1,57.763504493979255,54.18607283452261,15.949091778202675
BJHIKXHVCXFQLS_60_1_2,[C:0]([C:1]([C:5]([C:4]([O:10][H:16])([H:22])[H:23])=[O:11])([O:7][H:13])[H:18])([C:2]([C:3]([O:9][H:15])([H:20])[H:21])([O:8][H:14])[H:19])([O:6][H:12])[H:17],[C:0]1([C:2]([C:3]([O:9][H:15])([H:20])[H:21])([O:8][H:14])[H:19])([H:17])[C:1]([O:7][H:13])([H:18])[C:5]([C:4]([O:10][H:16])([H:22])[H:23])([O:11][H:12])[O:6]1,63.24479997648019,62.21505688701182,15.949091778202675
BJHIKXHVCXFQLS_80_1_3,[C:0]([C:1]([C:5]([C:4]([O:10][H:16])([H:22])[H:23])=[O:11])([O:7][H:13])[H:18])([C:2]([C:3]([O:9][H:15])([H:20])[H:21])([O:8][H:14])[H:19])([O:6][H:12])[H:17],[C:0]([C:1]([C:5]([C:2]([C:3]([O:9][H:15])([H:20])[H:21])([O:8][H:14])[H:19])([C:4]([O:10][H:16])([H:22])[H:23])[O:11][H:12])([O:7][H:13])[H:18])(=[O:6])[H:17],71.40681604299022,69.25257592950734,3.9048757170172
JMCRDEBJJPRTPV_9_0_0,[C:0](=[C:1](\[O:3][H:5])[H:7])(\[O:2][H:4])[H:6],[C:0]([C:1](=[O:3])[H:7])(=[O:2])[H:6].[H:4][H:5],69.09820859250472,63.16071370349631,11.248565965583172
RZOVLAAGELHPAH_23_0_0,[C:0]1([O:7][H:12])([H:17])[C:1]([C:2]([C:3]([C:4]([C:5]([O:11][H:16])([H:22])[H:23])([O:10][H:15])[H:21])([O:9][H:14])[H:20])([O:8][H:13])[H:19])([H:18])[O:6]1,[C:0]([O:6][C:1]([C:2]([C:3]([C:4]([C:5]([O:11][H:16])([H:22])[H:23])([O:10][H:15])[H:21])([O:9][H:14])[H:20])([O:8][H:13])[H:19])([H:12])[H:18])(=[O:7])[H:17],72.1554348765263,68.28370126152797,-32.178776290630964
RZOVLAAGELHPAH_2_1_3,[C:0]1([O:7][H:12])([H:17])[C:1]([C:2]([C:3]([C:4]([C:5]([O:11][H:16])([H:22])[H:23])([O:10][H:15])[H:21])([O:9][H:14])[H:20])([O:8][H:13])[H:19])([H:18])[O:6]1,[C:0](=[C:1](\[O:6][C:2]([C:3]([C:4]([C:5]([O:11][H:16])([H:22])[H:23])([O:10][H:15])[H:21])([O:9][H:14])[H:20])([O:8][H:13])[H:19])[H:18])(\[O:7][H:12])[H:17],35.86405045355323,33.55230545553998,-9.463910133843207
RZOVLAAGELHPAH_33_0_3,[C:0]1([O:7][H:12])([H:17])[C:1]([C:2]([C:3]([C:4]([C:5]([O:11][H:16])([H:22])[H:23])([O:10][H:15])[H:21])([O:9][H:14])[H:20])([O:8][H:13])[H:19])([H:18])[O:6]1,[C:0]([C:1](=[O:6])[H:18])([C:2]([C:3]([C:4]([C:5]([O:11][H:16])([H:22])[H:23])([O:10][H:15])[H:21])([O:9][H:14])[H:20])([O:8][H:13])[H:19])([O:7][H:12])[H:17],32.835689606494434,30.669526812541665,-22.85396749521985
RZOVLAAGELHPAH_33_1_0,[C:0]1([O:7][H:12])([H:17])[C:1]([C:2]([C:3]([C:4]([C:5]([O:11][H:16])([H:22])[H:23])([O:10][H:15])[H:21])([O:9][H:14])[H:20])([O:8][H:13])[H:19])([H:18])[O:6]1,[C:0]([C:1]([C:2]([C:3]([C:4]([C:5]([O:11][H:16])([H:22])[H:23])([O:10][H:15])[H:21])([O:9][H:14])[H:20])([O:8][H:13])[H:19])([O:6][H:12])[H:18])(=[O:7])[H:17],48.73615282701381,44.83680879401384,-22.85396749521985
SRFTVSFDSVNYPW_143_0_0,[C:0]1([O:7][H:12])([H:17])[C:1]([O:8][H:13])([H:18])[C:2]([O:9][H:14])([H:19])[C:3]([O:10][H:15])([H:20])[C:4]([O:11][H:16])([H:21])[C:5]([H:22])([H:23])[O:6]1,[C:0]1([O:7][H:12])([H:17])[C:1]([O:8][H:13])([H:18])[C:2]([H:19])=[C:3]([O:10][H:15])[C:4]([O:11][H:16])([H:21])[C:5]([H:22])([H:23])[O:6]1.[O:9]([H:14])[H:20],82.67876919149576,77.19998374698848,15.348709369024814
SRFTVSFDSVNYPW_143_0_1,[C:0]1([O:7][H:12])([H:17])[C:1]([O:8][H:13])([H:18])[C:2]([O:9][H:14])([H:19])[C:3]([O:10][H:15])([H:20])[C:4]([O:11][H:16])([H:21])[C:5]([H:22])([H:23])[O:6]1,[C:0]1([O:7][H:12])([H:17])[C:1]([O:8][H:13])([H:18])[C:2]([H:19])=[C:3]([O:10][H:15])[C:4]([O:11][H:16])([H:21])[C:5]([H:22])([H:23])[O:6]1.[O:9]([H:14])[H:20],92.95109970645689,87.4177209355161,15.348709369024814
SRFTVSFDSVNYPW_153_0_1,[C:0]1([O:7][H:12])([H:17])[C:1]([O:8][H:13])([H:18])[C:2]([O:9][H:14])([H:19])[C:3]([O:10][H:15])([H:20])[C:4]([O:11][H:16])([H:21])[C:5]([H:22])([H:23])[O:6]1,[C:0]1([O:7][H:12])([H:17])[C:1]([O:8][H:13])([H:18])[C:2]([O:9][H:14])=[C:3]([H:20])[C:4]([O:11][H:16])([H:21])[C:5]([H:22])([H:23])[O:6]1.[O:10]([H:15])[H:19],93.5371935795466,88.09982376200611,11.479445506692153
SRFTVSFDSVNYPW_153_0_3,[C:0]1([O:7][H:12])([H:17])[C:1]([O:8][H:13])([H:18])[C:2]([O:9][H:14])([H:19])[C:3]([O:10][H:15])([H:20])[C:4]([O:11][H:16])([H:21])[C:5]([H:22])([H:23])[O:6]1,[C:0]1([O:7][H:12])([H:17])[C:1]([O:8][H:13])([H:18])[C:2]([O:9][H:14])=[C:3]([H:20])[C:4]([O:11][H:16])([H:21])[C:5]([H:22])([H:23])[O:6]1.[O:10]([H:15])[H:19],75.52767092950164,71.15706726197871,11.479445506692153
SRFTVSFDSVNYPW_156_0_1,[C:0]1([O:7][H:12])([H:17])[C:1]([O:8][H:13])([H:18])[C:2]([O:9][H:14])([H:19])[C:3]([O:10][H:15])([H:20])[C:4]([O:11][H:16])([H:21])[C:5]([H:22])([H:23])[O:6]1,[C:0]([C:1]([C:2]1([O:9][H:14])[C:3]([O:10][H:15])([H:20])[C:4]1([O:11][H:16])[H:21])([O:8][H:13])[H:18])([O:6][C:5]([H:19])([H:22])[H:23])([O:7][H:12])[H:17],105.175612275983,98.40227473296252,15.255258126195022
SRFTVSFDSVNYPW_163_0_3,[C:0]1([O:7][H:12])([H:17])[C:1]([O:8][H:13])([H:18])[C:2]([O:9][H:14])([H:19])[C:3]([O:10][H:15])([H:20])[C:4]([O:11][H:16])([H:21])[C:5]([H:22])([H:23])[O:6]1,[C:0]1([O:6][C:5]([C:4]([O:11][H:16])([H:12])[H:21])([H:22])[H:23])([H:17])[C:1]([O:8][H:13])([H:18])[C:2]([O:9][H:14])([H:19])[C:3]([O:10][H:15])([H:20])[O:7]1,80.90605485397704,75.61552225949384,-4.916108986615669
SRFTVSFDSVNYPW_174_0_1,[C:0]1([O:7][H:12])([H:17])[C:1]([O:8][H:13])([H:18])[C:2]([O:9][H:14])([H:19])[C:3]([O:10][H:15])([H:20])[C:4]([O:11][H:16])([H:21])[C:5]([H:22])([H:23])[O:6]1,[C:0]1([O:7][H:12])([H:17])[C:1]([O:8][H:13])([H:18])[C:2]([O:9][H:14])([H:19])[C:3]([H:20])=[C:4]([O:11][H:16])[C:5]([H:22])([H:23])[O:6]1.[O:10]([H:15])[H:21],90.1599374505126,83.89488260249297,8.380497131931131
SRFTVSFDSVNYPW_182_0_1,[C:0]1([O:7][H:12])([H:17])[C:1]([O:8][H:13])([H:18])[C:2]([O:9][H:14])([H:19])[C:3]([O:10][H:15])([H:20])[C:4]([O:11][H:16])([H:21])[C:5]([H:22])([H:23])[O:6]1,[C:0]1([O:7][H:12])([H:17])[C:1]([O:8][H:13])([H:18])[C:2]([O:9][H:14])([H:19])[C:3]([O:10][H:15])=[C:4]([H:21])[C:5]([H:22])([H:23])[O:6]1.[O:11]([H:16])[H:20],103.71414265053453,99.26949286198452,12.751912045889057
SRFTVSFDSVNYPW_182_0_2,[C:0]1([O:7][H:12])([H:17])[C:1]([O:8][H:13])([H:18])[C:2]([O:9][H:14])([H:19])[C:3]([O:10][H:15])([H:20])[C:4]([O:11][H:16])([H:21])[C:5]([H:22])([H:23])[O:6]1,[C:0]1([O:7][H:12])([H:17])[C:1]([O:8][H:13])([H:18])[C:2]([O:9][H:14])([H:19])[C:3]([O:10][H:15])=[C:4]([H:21])[C:5]([H:22])([H:23])[O:6]1.[O:11]([H:16])[H:20],100.3883423005133,96.09868735850002,12.751912045889057
SRFTVSFDSVNYPW_198_0_1,[C:0]1([O:7][H:12])([H:17])[C:1]([O:8][H:13])([H:18])[C:2]([O:9][H:14])([H:19])[C:3]([O:10][H:15])([H:20])[C:4]([O:11][H:16])([H:21])[C:5]([H:22])([H:23])[O:6]1,[C:0]1([O:7][H:12])([H:17])[C:1]([O:8][H:13])([H:18])[C:2]([O:9][H:14])([H:19])[C:3]([O:10][H:15])([H:20])[C:4]([H:21])=[C:5]([H:23])[O:6]1.[O:11]([H:16])[H:22],85.66257686402436,79.63472060697657,13.867112810707452
SRFTVSFDSVNYPW_198_0_2,[C:0]1([O:7][H:12])([H:17])[C:1]([O:8][H:13])([H:18])[C:2]([O:9][H:14])([H:19])[C:3]([O:10][H:15])([H:20])[C:4]([O:11][H:16])([H:21])[C:5]([H:22])([H:23])[O:6]1,[C:0]1([O:7][H:12])([H:17])[C:1]([O:8][H:13])([H:18])[C:2]([O:9][H:14])([H:19])[C:3]([O:10][H:15])([H:20])[C:4]([H:21])=[C:5]([H:23])[O:6]1.[O:11]([H:16])[H:22],89.64537966052764,82.86200196546118,13.867112810707452
SRFTVSFDSVNYPW_32_0_3,[C:0]1([O:7][H:12])([H:17])[C:1]([O:8][H:13])([H:18])[C:2]([O:9][H:14])([H:19])[C:3]([O:10][H:15])([H:20])[C:4]([O:11][H:16])([H:21])[C:5]([H:22])([H:23])[O:6]1,[C:0](=[C:1](/[C:2]([C:3]([C:4]([C:5]([O:6][H:18])([H:22])[H:23])([O:11][H:16])[H:21])([O:10][H:15])[H:20])([O:9][H:14])[H:19])[O:8][H:13])(\[O:7][H:12])[H:17],65.5289345564918,59.44020987795501,15.882648183556398
SRFTVSFDSVNYPW_48_1_0,[C:0]1([O:7][H:12])([H:17])[C:1]([O:8][H:13])([H:18])[C:2]([O:9][H:14])([H:19])[C:3]([O:10][H:15])([H:20])[C:4]([O:11][H:16])([H:21])[C:5]([H:22])([H:23])[O:6]1,[C:0]([C:1]([C:2]([C:3]([C:4]([C:5]([O:6][H:12])([H:22])[H:23])([O:11][H:16])[H:21])([O:10][H:15])[H:20])([O:9][H:14])[H:19])([O:8][H:13])[H:18])(=[O:7])[H:17],43.5667295660102,39.09948943551724,7.900573613766739
SRFTVSFDSVNYPW_48_1_1,[C:0]1([O:7][H:12])([H:17])[C:1]([O:8][H:13])([H:18])[C:2]([O:9][H:14])([H:19])[C:3]([O:10][H:15])([H:20])[C:4]([O:11][H:16])([H:21])[C:5]([H:22])([H:23])[O:6]1,[C:0]([C:1]([C:2]([C:3]([C:4]([C:5]([O:6][H:12])([H:22])[H:23])([O:11][H:16])[H:21])([O:10][H:15])[H:20])([O:9][H:14])[H:19])([O:8][H:13])[H:18])(=[O:7])[H:17],49.42453074848797,44.95352556100452,7.900573613766739
SRFTVSFDSVNYPW_48_1_2,[C:0]1([O:7][H:12])([H:17])[C:1]([O:8][H:13])([H:18])[C:2]([O:9][H:14])([H:19])[C:3]([O:10][H:15])([H:20])[C:4]([O:11][H:16])([H:21])[C:5]([H:22])([H:23])[O:6]1,[C:0]([C:1]([C:2]([C:3]([C:4]([C:5]([O:6][H:12])([H:22])[H:23])([O:11][H:16])[H:21])([O:10][H:15])[H:20])([O:9][H:14])[H:19])([O:8][H:13])[H:18])(=[O:7])[H:17],48.14001880202076,43.58994741752292,7.900573613766739
SRFTVSFDSVNYPW_48_1_3,[C:0]1([O:7][H:12])([H:17])[C:1]([O:8][H:13])([H:18])[C:2]([O:9][H:14])([H:19])[C:3]([O:10][H:15])([H:20])[C:4]([O:11][H:16])([H:21])[C:5]([H:22])([H:23])[O:6]1,[C:0]([C:1]([C:2]([C:3]([C:4]([C:5]([O:6][H:12])([H:22])[H:23])([O:11][H:16])[H:21])([O:10][H:15])[H:20])([O:9][H:14])[H:19])([O:8][H:13])[H:18])(=[O:7])[H:17],42.71645419351675,38.52782828096242,7.900573613766739
SRFTVSFDSVNYPW_48_2_1,[C:0]1([O:7][H:12])([H:17])[C:1]([O:8][H:13])([H:18])[C:2]([O:9][H:14])([H:19])[C:3]([O:10][H:15])([H:20])[C:4]([O:11][H:16])([H:21])[C:5]([H:22])([H:23])[O:6]1,[C:0]([C:1]([C:2]([C:3]([C:4]([C:5]([O:7][H:12])([H:22])[H:23])([O:11][H:16])[H:21])([O:10][H:15])[H:20])([O:9][H:14])[H:19])([O:8][H:13])[H:18])(=[O:6])[H:17],66.33277422595982,63.88925223299391,7.900573613766739
SRFTVSFDSVNYPW_71_0_1,[C:0]1([O:7][H:12])([H:17])[C:1]([O:8][H:13])([H:18])[C:2]([O:9][H:14])([H:19])[C:3]([O:10][H:15])([H:20])[C:4]([O:11][H:16])([H:21])[C:5]([H:22])([H:23])[O:6]1,[C:0]1([O:6][C:5]([C:4]([C:3]([O:10][H:15])([H:17])[H:20])([O:11][H:16])[H:21])([H:22])[H:23])([O:7][H:12])[C:1]([O:8][H:13])([H:18])[C:2]1([O:9][H:14])[H:19],108.37716574503256,99.06429725550323,11.065726577437854
YTBSYETUWUMLBZ_124_0_1,[C:0]([C:1]([C:3](=[O:7])[H:15])([O:5][H:9])[H:12])([C:2]([O:6][H:10])([H:13])[H:14])([O:4][H:8])[H:11],[C:0](=[C:1](/[C:3]([O:7][H:12])([H:11])[H:15])[O:5][H:9])(\[C:2]([O:6][H:10])([H:13])[H:14])[O:4][H:8],67.21944514950405,63.968945939506725,2.2394837476099436
YTBSYETUWUMLBZ_18_2_0,[C:0]([C:1]([C:3](=[O:7])[H:15])([O:5][H:9])[H:12])([C:2]([O:6][H:10])([H:13])[H:14])([O:4][H:8])[H:11],[C:0]1([C:2]([O:6][H:10])([H:13])[H:14])([H:11])[C:1]([O:5][H:9])([H:12])[C:3]([O:7][H:8])([H:15])[O:4]1,53.82462736250776,52.23075323250122,17.40487571701721
YTBSYETUWUMLBZ_18_2_3,[C:0]([C:1]([C:3](=[O:7])[H:15])([O:5][H:9])[H:12])([C:2]([O:6][H:10])([H:13])[H:14])([O:4][H:8])[H:11],[C:0]1([C:2]([O:6][H:10])([H:13])[H:14])([H:11])[C:1]([O:5][H:9])([H:12])[C:3]([O:7][H:8])([H:15])[O:4]1,55.269781741033086,53.27994911649182,17.40487571701721
YTBSYETUWUMLBZ_18_2_1,[C:0]([C:1]([C:3](=[O:7])[H:15])([O:5][H:9])[H:12])([C:2]([O:6][H:10])([H:13])[H:14])([O:4][H:8])[H:11],[C:0]1([C:2]([O:6][H:10])([H:13])[H:14])([H:11])[C:1]([O:5][H:9])([H:12])[C:3]([O:7][H:8])([H:15])[O:4]1,57.176783111498125,54.748321346494194,17.40487571701721
YTBSYETUWUMLBZ_26_0_1,[C:0]([C:1]([C:3](=[O:7])[H:15])([O:5][H:9])[H:12])([C:2]([O:6][H:10])([H:13])[H:14])([O:4][H:8])[H:11],[C:0](=[C:1](/[O:5][H:9])[H:12])(\[C:2]([O:6][H:10])([H:13])[H:14])[H:11].[C:3]([O:4][H:8])(=[O:7])[H:15],59.64917054149816,57.39703894601274,10.757409177820271
YTBSYETUWUMLBZ_28_0_1,[C:0]([C:1]([C:3](=[O:7])[H:15])([O:5][H:9])[H:12])([C:2]([O:6][H:10])([H:13])[H:14])([O:4][H:8])[H:11],[C:0](=[C:1](/[C:3](=[O:7])[H:15])[O:5][H:9])(\[C:2]([O:6][H:10])([H:13])[H:14])[H:11].[O:4]([H:8])[H:12],59.98739816200029,55.77116183147999,5.892686424474181
YTBSYETUWUMLBZ_55_0_1,[C:0]([C:1]([C:3](=[O:7])[H:15])([O:5][H:9])[H:12])([C:2]([O:6][H:10])([H:13])[H:14])([O:4][H:8])[H:11],[C-:3]#[O+:7].[C:0]([C:1]([O:5][H:9])([H:12])[H:15])([C:2]([O:6][H:10])([H:13])[H:14])([O:4][H:8])[H:11],79.15153829198371,75.74667174498376,0.8518164435946649
YTBSYETUWUMLBZ_55_0_2,[C:0]([C:1]([C:3](=[O:7])[H:15])([O:5][H:9])[H:12])([C:2]([O:6][H:10])([H:13])[H:14])([O:4][H:8])[H:11],[C-:3]#[O+:7].[C:0]([C:1]([O:5][H:9])([H:12])[H:15])([C:2]([O:6][H:10])([H:13])[H:14])([O:4][H:8])[H:11],85.7065025289848,82.02364927350897,0.8518164435946649
YTBSYETUWUMLBZ_6_2_0,[C:0]([C:1]([C:3](=[O:7])[H:15])([O:5][H:9])[H:12])([C:2]([O:6][H:10])([H:13])[H:14])([O:4][H:8])[H:11],[C:0]([C:1]([C:3]([O:7][H:8])([H:11])[H:15])([O:5][H:9])[H:12])([C:2]([O:6][H:10])([H:13])[H:14])=[O:4],56.9841376950208,53.57299605300101,-3.8742829827915957
YTBSYETUWUMLBZ_6_2_1,[C:0]([C:1]([C:3](=[O:7])[H:15])([O:5][H:9])[H:12])([C:2]([O:6][H:10])([H:13])[H:14])([O:4][H:8])[H:11],[C:0]([C:1]([C:3]([O:7][H:8])([H:11])[H:15])([O:5][H:9])[H:12])([C:2]([O:6][H:10])([H:13])[H:14])=[O:4],58.69723863001168,55.19950067699651,-3.8742829827915957
YTBSYETUWUMLBZ_6_2_2,[C:0]([C:1]([C:3](=[O:7])[H:15])([O:5][H:9])[H:12])([C:2]([O:6][H:10])([H:13])[H:14])([O:4][H:8])[H:11],[C:0]([C:1]([C:3]([O:7][H:8])([H:11])[H:15])([O:5][H:9])[H:12])([C:2]([O:6][H:10])([H:13])[H:14])=[O:4],57.16109537400206,54.37056062748486,-3.8742829827915957
YTBSYETUWUMLBZ_6_4_0,[C:0]([C:1]([C:3](=[O:7])[H:15])([O:5][H:9])[H:12])([C:2]([O:6][H:10])([H:13])[H:14])([O:4][H:8])[H:11],[C:0]([C:1]([C:3]([O:7][H:9])([H:12])[H:15])=[O:5])([C:2]([O:6][H:10])([H:13])[H:14])([O:4][H:8])[H:11],42.95114274649494,40.48189286398698,-3.8742829827915957
YTBSYETUWUMLBZ_6_4_2,[C:0]([C:1]([C:3](=[O:7])[H:15])([O:5][H:9])[H:12])([C:2]([O:6][H:10])([H:13])[H:14])([O:4][H:8])[H:11],[C:0]([C:1]([C:3]([O:7][H:9])([H:12])[H:15])=[O:5])([C:2]([O:6][H:10])([H:13])[H:14])([O:4][H:8])[H:11],42.07639450349194,39.603379563993485,-3.8742829827915957
YTBSYETUWUMLBZ_71_10_1,[C:0]([C:1]([C:3](=[O:7])[H:15])([O:5][H:9])[H:12])([C:2]([O:6][H:10])([H:13])[H:14])([O:4][H:8])[H:11],[C:0](/[C:1](=[C:3](\[O:7][H:10])[H:15])[O:5][H:9])([C:2]([O:6][H:12])([H:13])[H:14])([O:4][H:8])[H:11],47.87207224551954,45.898554868008425,6.705544933078404
YTBSYETUWUMLBZ_71_3_3,[C:0]([C:1]([C:3](=[O:7])[H:15])([O:5][H:9])[H:12])([C:2]([O:6][H:10])([H:13])[H:14])([O:4][H:8])[H:11],[C:0](/[C:1](=[C:3](\[O:7][H:11])[H:15])[O:5][H:9])([C:2]([O:6][H:10])([H:13])[H:14])([O:4][H:8])[H:12],82.58527027598213,80.2264620654807,6.705544933078404
YTBSYETUWUMLBZ_71_4_2,[C:0]([C:1]([C:3](=[O:7])[H:15])([O:5][H:9])[H:12])([C:2]([O:6][H:10])([H:13])[H:14])([O:4][H:8])[H:11],[C:0](\[C:1]([C:3]([O:7][H:13])([H:11])[H:15])([O:5][H:9])[H:12])(=[C:2](/[O:6][H:10])[H:14])[O:4][H:8],68.6338515625,65.51010927150367,6.705544933078404
YTBSYETUWUMLBZ_78_2_0,[C:0]([C:1]([C:3](=[O:7])[H:15])([O:5][H:9])[H:12])([C:2]([O:6][H:10])([H:13])[H:14])([O:4][H:8])[H:11],[C:0]1([O:4][H:8])([H:11])[C:1]([O:5][H:9])([H:12])[C:3]([O:7][H:10])([H:15])[O:6][C:2]1([H:13])[H:14],39.47787766398932,39.5732591079982,-5.2913479923518185
YTBSYETUWUMLBZ_78_2_2,[C:0]([C:1]([C:3](=[O:7])[H:15])([O:5][H:9])[H:12])([C:2]([O:6][H:10])([H:13])[H:14])([O:4][H:8])[H:11],[C:0]1([O:4][H:8])([H:11])[C:1]([O:5][H:9])([H:12])[C:3]([O:7][H:10])([H:15])[O:6][C:2]1([H:13])[H:14],40.72285651198499,39.96482503600834,-5.2913479923518185
AVVWPBAENSWJCB_19_1_3,[C:0]1([O:7][H:12])([H:17])[C:2]([O:8][H:13])([H:19])[C:3]([O:9][H:14])([H:20])[C:1]([C:4]([C:5]([O:11][H:16])([H:22])[H:23])([O:10][H:15])[H:21])([H:18])[O:6]1,[C:0]([C:2]([C:3]([C:1]([C:4]([C:5]([O:11][H:16])([H:22])[H:23])([O:10][H:15])[H:21])([O:6][H:12])[H:18])([O:9][H:14])[H:20])([O:8][H:13])[H:19])(=[O:7])[H:17],49.36805489348787,44.37370678297029,4.547562141491406
BJHIKXHVCXFQLS_101_0_0,[C:0]([C:1]([C:5]([C:4]([O:10][H:16])([H:22])[H:23])=[O:11])([O:7][H:13])[H:18])([C:2]([C:3]([O:9][H:15])([H:20])[H:21])([O:8][H:14])[H:19])([O:6][H:12])[H:17],[C:0]([C:1]([C:5]([C:4](=[O:10])[H:23])([O:11][H:16])[H:22])([O:7][H:13])[H:18])([C:2]([C:3]([O:9][H:15])([H:20])[H:21])([O:8][H:14])[H:19])([O:6][H:12])[H:17],44.068737165955525,40.99017555902347,2.5979923518164716
BJHIKXHVCXFQLS_10_6_0,[C:0]([C:1]([C:5]([C:4]([O:10][H:16])([H:22])[H:23])=[O:11])([O:7][H:12])[H:18])([C:2]([C:3]([O:9][H:15])([H:20])[H:21])([O:8][H:14])[H:19])([O:6][H:13])[H:17],[C:0]([C:1]1([H:18])[C:5]([C:4]([O:10][H:16])([H:22])[H:23])([O:11][H:13])[O:7]1)([C:2]([C:3]([O:9][H:15])([H:20])[H:21])([O:8][H:14])[H:19])([O:6][H:12])[H:17],48.48452151743572,43.37659418749087,24.392208413001914
BJHIKXHVCXFQLS_10_6_3,[C:0]([C:1]([C:5]([C:4]([O:10][H:16])([H:22])[H:23])=[O:11])([O:7][H:13])[H:18])([C:2]([C:3]([O:9][H:15])([H:20])[H:21])([O:8][H:14])[H:19])([O:6][H:12])[H:17],[C:0]([C:2]([C:3]([O:9][H:15])([H:20])[H:21])([O:8][H:14])[H:19])([C:5]([C:1](=[O:7])[H:18])([C:4]([O:10][H:16])([H:22])[H:23])[O:11][H:13])([O:6][H:12])[H:17],43.869816654529714,42.96871301252192,2.2146271510516433
BJHIKXHVCXFQLS_136_1_1,[C:0]([C:1]([C:5]([C:4]([O:10][H:16])([H:22])[H:23])=[O:11])([O:7][H:13])[H:18])([C:2]([C:3]([O:9][H:15])([H:20])[H:21])([O:8][H:14])[H:19])([O:6][H:12])[H:17],[C:0]([C:2]([C:3]([O:9][H:15])([H:20])[H:21])([O:8][H:14])[H:19])([C:5]([C:1](=[O:7])[H:18])([C:4]([O:10][H:16])([H:22])[H:23])[O:11][H:13])([O:6][H:12])[H:17],42.67503856647864,41.28008494800492,2.2146271510516433
BJHIKXHVCXFQLS_146_0_1,[C:0]([C:1]([C:5]([C:4]([O:10][H:16])([H:22])[H:23])=[O:11])([O:7][H:13])[H:18])([C:2]([C:3]([O:9][H:15])([H:20])[H:21])([O:8][H:14])[H:19])([O:6][H:12])[H:17],[C:0]([C:1]([C:5]([C:4]([O:10][H:16])([H:22])[H:23])([O:11][H:13])[H:18])=[O:7])([C:2]([C:3]([O:9][H:15])([H:20])[H:21])([O:8][H:14])[H:19])([O:6][H:12])[H:17],45.38713462547985,42.41148457650199,2.1469885277246528
BJHIKXHVCXFQLS_146_0_3,[C:0]([C:1]([C:5]([C:4]([O:10][H:16])([H:22])[H:23])=[O:11])([O:7][H:13])[H:18])([C:2]([C:3]([O:9][H:15])([H:20])[H:21])([O:8][H:14])[H:19])([O:6][H:12])[H:17],[C:0]([C:1]([C:5]([C:4]([O:10][H:16])([H:22])[H:23])([O:11][H:13])[H:18])=[O:7])([C:2]([C:3]([O:9][H:15])([H:20])[H:21])([O:8][H:14])[H:19])([O:6][H:12])[H:17],46.8278964374806,44.75083999251687,2.1469885277246528
RZOVLAAGELHPAH_13_2_3,[C:0]1([O:7][H:12])([H:17])[C:1]([C:2]([C:3]([C:4]([C:5]([O:11][H:16])([H:22])[H:23])([O:10][H:15])[H:21])([O:9][H:14])[H:20])([O:8][H:13])[H:19])([H:18])[O:6]1,[C:0]1([O:7][H:12])([H:17])[C:1]([O:6][H:15])([H:18])[C:2]([O:8][H:13])([H:19])[C:3]([O:9][H:14])([H:20])[C:4]([C:5]([O:11][H:16])([H:22])[H:23])([H:21])[O:10]1,30.87158487153089,27.922917731056245,-27.707695984703598
RZOVLAAGELHPAH_141_0_0,[C:0]1([O:7][H:12])([H:17])[C:1]([C:2]([C:3]([C:4]([C:5]([O:11][H:16])([H:22])[H:23])([O:10][H:15])[H:21])([O:9][H:14])[H:20])([O:8][H:13])[H:19])([H:18])[O:6]1,[C:0]([O:6]/[C:1](=[C:2](\[C:3]([C:4]([C:5]([O:11][H:16])([H:22])[H:23])([O:10][H:15])[H:21])([O:9][H:14])[H:20])[H:19])[H:18])(=[O:7])[H:17].[O:8]([H:12])[H:13],45.07651742305069,40.225241478528574,-14.216061185468455
RZOVLAAGELHPAH_1_2_2,[C:0]1([O:7][H:12])([H:17])[C:1]([C:2]([C:3]([C:4]([C:5]([O:11][H:16])([H:22])[H:23])([O:10][H:15])[H:21])([O:9][H:14])[H:20])([O:8][H:13])[H:19])([H:18])[O:6]1,[C:0]([C:1]([C:2]([C:3]([C:4]([C:5]([O:11][H:16])([H:22])[H:23])([O:10][H:15])[H:21])([O:9][H:14])[H:20])([O:8][H:12])[H:19])([O:6][H:13])[H:18])(=[O:7])[H:17],28.373469552060143,25.542774197501668,-22.85396749521985
RZOVLAAGELHPAH_33_0_1,[C:0]1([O:7][H:12])([H:17])[C:1]([C:2]([C:3]([C:4]([C:5]([O:11][H:16])([H:22])[H:23])([O:10][H:15])[H:21])([O:9][H:14])[H:20])([O:8][H:13])[H:19])([H:18])[O:6]1,[C:0]([C:1]([C:2]([C:3]([C:4]([C:5]([O:11][H:16])([H:22])[H:23])([O:10][H:15])[H:21])([O:9][H:14])[H:20])([O:8][H:13])[H:19])([O:6][H:12])[H:18])(=[O:7])[H:17],48.33140919953693,44.30844579499237,-22.85396749521985
RZOVLAAGELHPAH_7_2_3,[C:0]1([O:7][H:12])([H:17])[C:1]([C:2]([C:3]([C:4]([C:5]([O:11][H:16])([H:22])[H:23])([O:10][H:15])[H:21])([O:9][H:14])[H:20])([O:8][H:13])[H:19])([H:18])[O:6]1,[C:0]([C:1]([C:2]([C:3]([C:4]([C:5]([O:11][H:16])([H:22])[H:23])([O:10][H:14])[H:21])([O:9][H:12])[H:20])([O:8][H:13])[H:19])([O:6][H:15])[H:18])(=[O:7])[H:17],22.49370553699515,18.88050583605748,-22.85396749521985
RZOVLAAGELHPAH_45_1_3,[C:0]1([O:7][H:12])([H:17])[C:1]([C:2]([C:3]([C:4]([C:5]([O:11][H:16])([H:22])[H:23])([O:10][H:15])[H:21])([O:9][H:14])[H:20])([O:8][H:13])[H:19])([H:18])[O:6]1,[C:0](/[C:1](=[C:2](\[O:8][H:13])[H:19])[H:18])([O:6][H:14])([O:7][H:12])[H:17].[C:3]([C:4]([C:5]([O:11][H:16])([H:22])[H:23])([O:10][H:15])[H:21])(=[O:9])[H:20],37.65998264251333,32.963074035029514,-2.0164913957934747
SRFTVSFDSVNYPW_47_0_2,[C:0]1([O:7][H:12])([H:17])[C:1]([O:8][H:13])([H:18])[C:2]([O:9][H:14])([H:19])[C:3]([O:10][H:15])([H:20])[C:4]([O:11][H:16])([H:21])[C:5]([H:22])([H:23])[O:6]1,[C:0]([C:1]([C:2]([C:3]([C:4]([C:5]([O:6][H:12])([H:22])[H:23])([O:11][H:16])[H:21])([O:10][H:15])[H:20])([O:9][H:14])[H:19])([O:8][H:13])[H:18])(=[O:7])[H:17],49.52618728751666,44.30781828549396,7.900573613766739
YTBSYETUWUMLBZ_58_1_3,[C:0]([C:1]([C:3](=[O:7])[H:15])([O:5][H:9])[H:12])([C:2]([O:6][H:10])([H:13])[H:14])([O:4][H:8])[H:11],[C:0]1([O:4][H:8])([H:11])[C:1]([O:5][H:9])([H:12])[C:3]([O:7][H:10])([H:15])[O:6][C:2]1([H:13])[H:14],40.72285651198499,39.96482503600834,-5.2913479923518185
FMAORJIQYMIRHF_26_1_1,[C:0]1([O:5][H:8])([H:11])[C:1]([O:6][H:9])([H:12])[C:2]([O:7][H:10])([H:13])[C:3]([H:14])([H:15])[O:4]1,[C:0]([C:1]([C:2]([C:3]([O:4][H:8])([H:14])[H:15])([O:7][H:10])[H:13])([O:6][H:9])[H:12])(=[O:5])[H:11],42.82877839398285,39.30719507999221,5.2913479923518185
FMAORJIQYMIRHF_26_1_2,[C:0]1([O:5][H:8])([H:11])[C:1]([O:6][H:9])([H:12])[C:2]([O:7][H:10])([H:13])[C:3]([H:14])([H:15])[O:4]1,[C:0]([C:1]([C:2]([C:3]([O:4][H:8])([H:14])[H:15])([O:7][H:10])[H:13])([O:6][H:9])[H:12])(=[O:5])[H:11],50.32626189999418,45.15746614848899,5.2913479923518185
FMAORJIQYMIRHF_74_0_3,[C:0]1([O:5][H:8])([H:11])[C:1]([O:6][H:9])([H:12])[C:2]([O:7][H:10])([H:13])[C:3]([H:14])([H:15])[O:4]1,[C:0]1([O:5][H:8])([H:11])[C:1]([O:6][H:9])([H:12])[C:2]([H:13])=[C:3]([H:15])[O:4]1.[O:7]([H:10])[H:14],106.24049589750533,102.34993699748316,15.816443594646282
LKDRXBCSQODPBY_69_0_0,[C:0]1([C:4]([O:11][H:16])([H:20])[H:21])([O:7][H:12])[C:1]([O:8][H:13])([H:17])[C:2]([O:9][H:14])([H:18])[C:3]([O:10][H:15])([H:19])[C:5]([H:22])([H:23])[O:6]1,[C:0]([C:1]([C:2]([C:3]([C:5]([O:6][H:12])([H:22])[H:23])([O:10][H:15])[H:19])([O:9][H:14])[H:18])([O:8][H:13])[H:17])([C:4]([O:11][H:16])([H:20])[H:21])=[O:7],48.95766368052526,43.08919483650309,1.4801625239005696
LKDRXBCSQODPBY_80_0_0,[C:0]1([C:4]([O:11][H:16])([H:20])[H:21])([O:7][H:12])[C:1]([O:8][H:13])([H:17])[C:2]([O:9][H:14])([H:18])[C:3]([O:10][H:15])([H:19])[C:5]([H:22])([H:23])[O:6]1,[C:0]1([C:4]([O:11][H:16])([H:20])[H:21])=[C:1]([O:8][H:13])[C:2]([O:9][H:14])([H:18])[C:3]([O:10][H:15])([H:19])[C:5]([H:22])([H:23])[O:6]1.[O:7]([H:12])[H:17],68.99404201551802,61.52165888955033,10.913479923518173
LKDRXBCSQODPBY_80_0_3,[C:0]1([C:4]([O:11][H:16])([H:20])[H:21])([O:7][H:12])[C:1]([O:8][H:13])([H:17])[C:2]([O:9][H:14])([H:18])[C:3]([O:10][H:15])([H:19])[C:5]([H:22])([H:23])[O:6]1,[C:0]1([C:4]([O:11][H:16])([H:20])[H:21])=[C:1]([O:8][H:13])[C:2]([O:9][H:14])([H:18])[C:3]([O:10][H:15])([H:19])[C:5]([H:22])([H:23])[O:6]1.[O:7]([H:12])[H:17],66.63209625748884,60.45614775852958,10.913479923518173
LKDRXBCSQODPBY_89_0_0,[C:0]1([C:4]([O:11][H:16])([H:20])[H:21])([O:7][H:12])[C:1]([O:8][H:13])([H:17])[C:2]([O:9][H:14])([H:18])[C:3]([O:10][H:15])([H:19])[C:5]([H:22])([H:23])[O:6]1,[C:0]1(=[C:4](/[O:11][H:16])[H:21])\[C:1]([O:8][H:13])([H:17])[C:2]([O:9][H:14])([H:18])[C:3]([O:10][H:15])([H:19])[C:5]([H:22])([H:23])[O:6]1.[O:7]([H:12])[H:20],65.70714725454124,59.74580700453953,18.547323135755278
MNQZXJOMYWMBOU_12_0_0,[C:0]([C:1]([O:4][H:7])([H:9])[H:10])([C:2](=[O:5])[H:11])([O:3][H:6])[H:8],[C-:2]#[O+:5].[C:0]([C:1]([O:4][H:7])([H:9])[H:10])([O:3][H:6])([H:8])[H:11],86.5028120845075,81.39174720699923,0.24091778202676417
MNQZXJOMYWMBOU_12_0_1,[C:0]([C:1]([O:4][H:7])([H:9])[H:10])([C:2](=[O:5])[H:11])([O:3][H:6])[H:8],[C-:2]#[O+:5].[C:0]([C:1]([O:4][H:7])([H:9])[H:10])([O:3][H:6])([H:8])[H:11],81.02465414949863,78.12242271197809,0.24091778202676417
MNQZXJOMYWMBOU_22_0_3,[C:0]([C:1]([O:4][H:7])([H:9])[H:10])([C:2](=[O:5])[H:11])([O:3][H:6])[H:8],[C:0](=[C:1]([H:9])[H:10])([C:2](=[O:5])[H:11])[O:3][H:6].[O:4]([H:7])[H:8],59.00597330401693,54.61968189899795,6.748087954110893
MNQZXJOMYWMBOU_25_4_2,[C:0]([C:1]([O:4][H:7])([H:9])[H:10])([C:2](=[O:5])[H:11])([O:3][H:6])[H:8],[C:0](\[C:1]([O:4][H:7])([H:8])[H:10])(=[C:2](\[O:5][H:9])[H:11])[O:3][H:6],83.41797538248427,81.25683266448316,10.787284894837466
MNQZXJOMYWMBOU_26_0_2,[C:0]([C:1]([O:4][H:7])([H:9])[H:10])([C:2](=[O:5])[H:11])([O:3][H:6])[H:8],[C:0]1([C:1]([O:4][H:7])([H:9])[H:10])([O:3][H:6])[C:2]([H:8])([H:11])[O:5]1,54.24945129400528,52.11027140848438,16.119024856596546
MNQZXJOMYWMBOU_31_2_0,[C:0]([C:1]([O:4][H:7])([H:9])[H:10])([C:2](=[O:5])[H:11])([O:3][H:6])[H:8],[C:0]1([O:3][H:6])([H:8])[C:1]([H:9])([H:10])[O:4][C:2]1([O:5][H:7])[H:11],53.20151042901151,52.03873532548664,15.640535372848948
MNQZXJOMYWMBOU_31_2_1,[C:0]([C:1]([O:4][H:7])([H:9])[H:10])([C:2](=[O:5])[H:11])([O:3][H:6])[H:8],[C:0]1([O:3][H:6])([H:8])[C:1]([H:9])([H:10])[O:4][C:2]1([O:5][H:7])[H:11],55.85336557598647,53.978367189976304,15.640535372848948
MNQZXJOMYWMBOU_4_1_2,[C:0]([C:1]([O:4][H:7])([H:9])[H:10])([C:2](=[O:5])[H:11])([O:3][H:6])[H:8],[C:0]([C:1]([O:4][H:7])([H:9])[H:10])([C:2]([O:5][H:6])([H:8])[H:11])=[O:3],43.88048431600278,40.990803068486215,1.27246653919693
RFSUNEUAIZKAJO_170_0_1,[C:0]1([C:4]([O:10][H:15])([H:20])[H:21])([O:7][H:12])[C:1]([O:8][H:13])([H:17])[C:2]([O:9][H:14])([H:18])[C:3]([C:5]([O:11][H:16])([H:22])[H:23])([H:19])[O:6]1,[C:0]([C:1]([C:2](/[C:3](=[C:5](\[O:11][H:16])[H:23])[H:19])([O:9][H:14])[H:18])([O:8][H:13])[H:17])([C:4]([O:10][H:15])([H:20])[H:21])([O:6][H:22])[O:7][H:12],67.20124737405,61.369801590505695,-0.5250956022944828
RFSUNEUAIZKAJO_170_0_2,[C:0]1([C:4]([O:10][H:15])([H:20])[H:21])([O:7][H:12])[C:1]([O:8][H:13])([H:17])[C:2]([O:9][H:14])([H:18])[C:3]([C:5]([O:11][H:16])([H:22])[H:23])([H:19])[O:6]1,[C:0]([C:1]([C:2](/[C:3](=[C:5](\[O:11][H:16])[H:23])[H:19])([O:9][H:14])[H:18])([O:8][H:13])[H:17])([C:4]([O:10][H:15])([H:20])[H:21])([O:6][H:22])[O:7][H:12],67.35435969202013,62.059434531048026,-0.5250956022944828
RFSUNEUAIZKAJO_170_0_3,[C:0]1([C:4]([O:10][H:15])([H:20])[H:21])([O:7][H:12])[C:1]([O:8][H:13])([H:17])[C:2]([O:9][H:14])([H:18])[C:3]([C:5]([O:11][H:16])([H:22])[H:23])([H:19])[O:6]1,[C:0]([C:1]([C:2](/[C:3](=[C:5](\[O:11][H:16])[H:23])[H:19])([O:9][H:14])[H:18])([O:8][H:13])[H:17])([C:4]([O:10][H:15])([H:20])[H:21])([O:6][H:22])[O:7][H:12],68.80453414656844,62.78107045600956,-0.5250956022944828
RFSUNEUAIZKAJO_35_1_3,[C:0]1([C:4]([O:10][H:15])([H:20])[H:21])([O:7][H:12])[C:1]([O:8][H:13])([H:17])[C:2]([O:9][H:14])([H:18])[C:3]([C:5]([O:11][H:16])([H:22])[H:23])([H:19])[O:6]1,[C:0]1([O:6][C:3]([C:2]([O:9][H:14])([H:18])[H:20])([C:5]([O:11][H:16])([H:22])[H:23])[H:19])([O:7][H:12])[C:1]([O:8][H:13])([H:17])[C:4]1([O:10][H:15])[H:21],124.79908936001948,118.8879498700337,5.375000000000008
RFSUNEUAIZKAJO_62_1_0,[C:0]1([C:4]([O:10][H:15])([H:20])[H:21])([O:7][H:12])[C:1]([O:8][H:13])([H:17])[C:2]([O:9][H:14])([H:18])[C:3]([C:5]([O:11][H:16])([H:22])[H:23])([H:19])[O:6]1,[C:0]([C:1]([C:2]([C:3]([C:5]([O:11][H:16])([H:22])[H:23])([O:6][H:12])[H:19])([O:9][H:14])[H:18])([O:8][H:13])[H:17])([C:4]([O:10][H:15])([H:20])[H:21])=[O:7],44.856261588536064,40.63751521998644,-1.2425908221797488
RFSUNEUAIZKAJO_62_1_3,[C:0]1([C:4]([O:10][H:15])([H:20])[H:21])([O:7][H:12])[C:1]([O:8][H:13])([H:17])[C:2]([O:9][H:14])([H:18])[C:3]([C:5]([O:11][H:16])([H:22])[H:23])([H:19])[O:6]1,[C:0]([C:1]([C:2]([C:3]([C:5]([O:11][H:16])([H:22])[H:23])([O:6][H:12])[H:19])([O:9][H:14])[H:18])([O:8][H:13])[H:17])([C:4]([O:10][H:15])([H:20])[H:21])=[O:7],39.98427783056624,36.07301111702503,-1.2425908221797488
RFSUNEUAIZKAJO_65_0_0,[C:0]1([C:4]([O:10][H:15])([H:20])[H:21])([O:7][H:12])[C:1]([O:8][H:13])([H:17])[C:2]([O:9][H:14])([H:18])[C:3]([C:5]([O:11][H:16])([H:22])[H:23])([H:19])[O:6]1,[C:0](\[C:1]([C:2]([C:3]([C:5]([O:11][H:16])([H:22])[H:23])([O:6][H:20])[H:19])([O:9][H:14])[H:18])([O:8][H:13])[H:17])(=[C:4](/[O:10][H:15])[H:21])[O:7][H:12],65.97823135849887,60.81069062599053,9.337476099426382
WGBICNJMHDVHJB_20_1_0,[C:0]1([O:5][H:8])([H:11])[C:1]([O:6][H:9])([H:12])[C:2]([C:3]([O:7][H:10])([H:14])[H:15])([H:13])[O:4]1,[C:0]([C:1]([C:2]([C:3]([O:7][H:10])([H:14])[H:15])([O:4][H:8])[H:13])([O:6][H:9])[H:12])(=[O:5])[H:11],43.48013325501481,38.802677441981885,-17.40487571701721
WGBICNJMHDVHJB_20_1_1,[C:0]1([O:5][H:8])([H:11])[C:1]([O:6][H:9])([H:12])[C:2]([C:3]([O:7][H:10])([H:14])[H:15])([H:13])[O:4]1,[C:0]([C:1]([C:2]([C:3]([O:7][H:10])([H:14])[H:15])([O:4][H:8])[H:13])([O:6][H:9])[H:12])(=[O:5])[H:11],44.28899300050582,39.35112074498832,-17.40487571701721
WGBICNJMHDVHJB_20_1_3,[C:0]1([O:5][H:8])([H:11])[C:1]([O:6][H:9])([H:12])[C:2]([C:3]([O:7][H:10])([H:14])[H:15])([H:13])[O:4]1,[C:0]([C:1]([C:2]([C:3]([O:7][H:10])([H:14])[H:15])([O:4][H:8])[H:13])([O:6][H:9])[H:12])(=[O:5])[H:11],44.80857086647812,40.14931282900626,-17.40487571701721
WGBICNJMHDVHJB_31_0_1,[C:0]1([O:5][H:8])([H:11])[C:1]([O:6][H:9])([H:12])[C:2]([C:3]([O:7][H:10])([H:14])[H:15])([H:13])[O:4]1,[C:0]1([H:11])=[C:1]([O:6][H:9])[C:2]([C:3]([O:7][H:10])([H:14])[H:15])([H:13])[O:4]1.[O:5]([H:8])[H:12],72.89652359597439,65.97383879200997,18.873326959847038
WGBICNJMHDVHJB_31_0_2,[C:0]1([O:5][H:8])([H:11])[C:1]([O:6][H:9])([H:12])[C:2]([C:3]([O:7][H:10])([H:14])[H:15])([H:13])[O:4]1,[C:0]1([H:11])=[C:1]([O:6][H:9])[C:2]([C:3]([O:7][H:10])([H:14])[H:15])([H:13])[O:4]1.[O:5]([H:8])[H:12],74.76336435850516,67.63862149548017,18.873326959847038
WGBICNJMHDVHJB_31_0_3,[C:0]1([O:5][H:8])([H:11])[C:1]([O:6][H:9])([H:12])[C:2]([C:3]([O:7][H:10])([H:14])[H:15])([H:13])[O:4]1,[C:0]1([H:11])=[C:1]([O:6][H:9])[C:2]([C:3]([O:7][H:10])([H:14])[H:15])([H:13])[O:4]1.[O:5]([H:8])[H:12],77.92852227646826,70.6939652510065,18.873326959847038
WGBICNJMHDVHJB_4_0_2,[C:0]1([O:5][H:8])([H:11])[C:1]([O:6][H:9])([H:12])[C:2]([C:3]([O:7][H:10])([H:14])[H:15])([H:13])[O:4]1,[C:0](=[O:4])([O:5][H:8])[H:11].[C:1](=[C:2](/[C:3]([O:7][H:10])([H:14])[H:15])[H:13])(\[O:6][H:9])[H:12],45.06020217598487,41.71494903147708,-6.647466539196937
WGBICNJMHDVHJB_4_0_3,[C:0]1([O:5][H:8])([H:11])[C:1]([O:6][H:9])([H:12])[C:2]([C:3]([O:7][H:10])([H:14])[H:15])([H:13])[O:4]1,[C:0](=[O:4])([O:5][H:8])[H:11].[C:1](=[C:2](/[C:3]([O:7][H:10])([H:14])[H:15])[H:13])(\[O:6][H:9])[H:12],45.81007602848212,42.63676048700394,-6.647466539196937
YTXCQYABGWUXFL_26_1_1,[C:0](/[C:1](=[C:2](/[O:5][H:8])[H:11])[O:3][H:6])([O:4][H:7])([H:9])[H:10],[C:0]([C:1]([C:2]([O:5][H:8])([H:7])[H:11])([O:3][H:6])[H:9])(=[O:4])[H:10],58.08604437698532,53.38160565552053,-10.787284894837466
YTXCQYABGWUXFL_26_1_2,[C:0](/[C:1](=[C:2](/[O:5][H:8])[H:11])[O:3][H:6])([O:4][H:7])([H:9])[H:10],[C:0]([C:1]([C:2]([O:5][H:8])([H:7])[H:11])([O:3][H:6])[H:9])(=[O:4])[H:10],61.74756230951503,57.52003080802325,-10.787284894837466
YTXCQYABGWUXFL_45_0_3,[C:0](/[C:1](=[C:2](/[O:5][H:8])[H:11])[O:3][H:6])([O:4][H:7])([H:9])[H:10],[C:0]([C:1]([C:2](=[O:5])[H:11])=[O:3])([O:4][H:7])([H:9])[H:10].[H:6][H:8],72.2558363965225,65.28546087050013,9.168738049713198
ZFLZVOVMARLBGK_113_0_1,[C:0]1([C:4]([O:10][H:15])([H:20])[H:21])([O:7][H:12])[C:1]([O:8][H:13])([H:17])[C:2]([C:3]([C:5]([O:11][H:16])([H:22])[H:23])([O:9][H:14])[H:19])([H:18])[O:6]1,[C:0]1([C:4]([O:10][H:15])([H:20])[H:21])([O:7][H:12])[C:1]([H:17])([H:18])[C:2]([C:3]([C:5]([O:11][H:16])([H:22])[H:23])([O:9][H:14])[H:19])([O:8][H:13])[O:6]1,79.381834278473,74.32348019897432,-13.956261950286814
ZFLZVOVMARLBGK_50_0_1,[C:0]1([C:4]([O:10][H:15])([H:20])[H:21])([O:7][H:12])[C:1]([O:8][H:13])([H:17])[C:2]([C:3]([C:5]([O:11][H:16])([H:22])[H:23])([O:9][H:14])[H:19])([H:18])[O:6]1,[C:0](=[C:1](\[O:8][H:13])[H:17])(\[C:4]([O:10][H:15])([H:20])[H:21])[O:7][H:12].[C:2]([C:3]([C:5]([O:11][H:16])([H:22])[H:23])([O:9][H:14])[H:19])(=[O:6])[H:18],55.75484658455686,51.18532240553679,15.84799235181644
ZFLZVOVMARLBGK_68_0_0,[C:0]1([C:4]([O:10][H:15])([H:20])[H:21])([O:7][H:12])[C:1]([O:8][H:13])([H:17])[C:2]([C:3]([C:5]([O:11][H:16])([H:22])[H:23])([O:9][H:14])[H:19])([H:18])[O:6]1,[C:0]([C:1]([C:2]([C:3]([C:5]([O:11][H:16])([H:22])[H:23])([O:9][H:14])[H:19])([O:6][H:12])[H:18])([O:8][H:13])[H:17])([C:4]([O:10][H:15])([H:20])[H:21])=[O:7],43.93445013300921,38.817737670015205,-15.949091778202675
ZFLZVOVMARLBGK_68_0_2,[C:0]1([C:4]([O:10][H:15])([H:20])[H:21])([O:7][H:12])[C:1]([O:8][H:13])([H:17])[C:2]([C:3]([C:5]([O:11][H:16])([H:22])[H:23])([O:9][H:14])[H:19])([H:18])[O:6]1,[C:0]([C:1]([C:2]([C:3]([C:5]([O:11][H:16])([H:22])[H:23])([O:9][H:14])[H:19])([O:6][H:12])[H:18])([O:8][H:13])[H:17])([C:4]([O:10][H:15])([H:20])[H:21])=[O:7],42.11530009253639,36.88187086248037,-15.949091778202675
ZFLZVOVMARLBGK_68_0_3,[C:0]1([C:4]([O:10][H:15])([H:20])[H:21])([O:7][H:12])[C:1]([O:8][H:13])([H:17])[C:2]([C:3]([C:5]([O:11][H:16])([H:22])[H:23])([O:9][H:14])[H:19])([H:18])[O:6]1,[C:0]([C:1]([C:2]([C:3]([C:5]([O:11][H:16])([H:22])[H:23])([O:9][H:14])[H:19])([O:6][H:12])[H:18])([O:8][H:13])[H:17])([C:4]([O:10][H:15])([H:20])[H:21])=[O:7],45.46871086048791,40.29740507098906,-15.949091778202675
MNQZXJOMYWMBOU_7_0_2,[C:0]([C:1]([O:4][H:7])([H:9])[H:10])([C:2](=[O:5])[H:11])([O:3][H:6])[H:8],[C:0](=[C:2](/[O:5][H:7])[H:11])(\[O:3][H:6])[H:8].[C:1](=[O:4])([H:9])[H:10],37.461062131016185,33.59183855397584,30.366873804971306
RFSUNEUAIZKAJO_60_0_1,[C:0]1([C:4]([O:10][H:15])([H:20])[H:21])([O:7][H:12])[C:1]([O:8][H:13])([H:17])[C:2]([O:9][H:14])([H:18])[C:3]([C:5]([O:11][H:16])([H:22])[H:23])([H:19])[O:6]1,[C:0]([C:1]([C:2]([C:3]([C:5]([O:11][H:16])([H:22])[H:23])([O:6][H:12])[H:19])([O:9][H:14])[H:18])([O:8][H:13])[H:17])([C:4]([O:10][H:15])([H:20])[H:21])=[O:7],44.860654155024974,40.87722384902329,-1.2425908221797488
RFSUNEUAIZKAJO_60_0_3,[C:0]1([C:4]([O:10][H:15])([H:20])[H:21])([O:7][H:12])[C:1]([O:8][H:13])([H:17])[C:2]([O:9][H:14])([H:18])[C:3]([C:5]([O:11][H:16])([H:22])[H:23])([H:19])[O:6]1,[C:0]([C:1]([C:2]([C:3]([C:5]([O:11][H:16])([H:22])[H:23])([O:6][H:12])[H:19])([O:9][H:14])[H:18])([O:8][H:13])[H:17])([C:4]([O:10][H:15])([H:20])[H:21])=[O:7],41.05480903757431,38.33581037401918,-1.2425908221797488
WGBICNJMHDVHJB_15_0_3,[C:0]1([O:5][H:8])([H:11])[C:1]([O:6][H:9])([H:12])[C:2]([C:3]([O:7][H:10])([H:14])[H:15])([H:13])[O:4]1,[C:0]([C:1]([C:2]([C:3]([O:7][H:10])([H:14])[H:15])([O:4][H:8])[H:13])([O:6][H:9])[H:12])(=[O:5])[H:11],42.76100736797561,39.246326658503214,-17.40487571701721
WGBICNJMHDVHJB_18_0_1,[C:0]1([O:5][H:8])([H:11])[C:1]([O:6][H:9])([H:12])[C:2]([C:3]([O:7][H:10])([H:14])[H:15])([H:13])[O:4]1,[C:0]([C:1]([C:2]([C:3]([O:7][H:10])([H:14])[H:15])([O:4][H:8])[H:13])([O:6][H:9])[H:12])(=[O:5])[H:11],44.80668833798288,39.91211423799874,-17.40487571701721
WGBICNJMHDVHJB_63_0_1,[C:0]1([O:5][H:8])([H:11])[C:1]([O:6][H:9])([H:12])[C:2]([C:3]([O:7][H:10])([H:14])[H:15])([H:13])[O:4]1,[C:0](=[O:4])([O:5][H:8])[H:11].[C:1](=[C:2](/[C:3]([O:7][H:10])([H:14])[H:15])[H:13])(\[O:6][H:9])[H:12],45.81007602848212,42.63676048700394,-6.647466539196937
WGBICNJMHDVHJB_71_0_2,[C:0]1([O:5][H:8])([H:11])[C:1]([O:6][H:9])([H:12])[C:2]([C:3]([O:7][H:10])([H:14])[H:15])([H:13])[O:4]1,[C:0](=[O:4])([O:5][H:8])[H:11].[C:1](=[C:2](/[C:3]([O:7][H:10])([H:14])[H:15])[H:13])(\[O:6][H:9])[H:12],47.30856871447979,43.49268344498313,-6.647466539196937
ZFLZVOVMARLBGK_104_1_0,[C:0]1([C:4]([O:10][H:15])([H:20])[H:21])([O:7][H:12])[C:1]([O:8][H:13])([H:17])[C:2]([C:3]([C:5]([O:11][H:16])([H:22])[H:23])([O:9][H:14])[H:19])([H:18])[O:6]1,[C:0]([C:1]([C:2]([C:3]([C:5]([O:11][H:16])([H:22])[H:23])([O:9][H:14])[H:19])([O:6][H:12])[H:18])([O:8][H:13])[H:17])([C:4]([O:10][H:15])([H:20])[H:21])=[O:7],46.440095566532285,40.44863486053528,-15.949091778202675
ZFLZVOVMARLBGK_64_0_1,[C:0]1([C:4]([O:10][H:15])([H:20])[H:21])([O:7][H:12])[C:1]([O:8][H:13])([H:17])[C:2]([C:3]([C:5]([O:11][H:16])([H:22])[H:23])([O:9][H:14])[H:19])([H:18])[O:6]1,[C:0]([C:1]([C:2]([C:3]([C:5]([O:11][H:12])([H:22])[H:23])([O:9][H:14])[H:19])([O:6][H:16])[H:18])([O:8][H:13])[H:17])([C:4]([O:10][H:15])([H:20])[H:21])=[O:7],26.622090537558897,22.76541715052254,-15.949091778202675
ZFLZVOVMARLBGK_15_1_0,[C:0]1([C:4]([O:10][H:15])([H:20])[H:21])([O:7][H:12])[C:1]([O:8][H:13])([H:17])[C:2]([C:3]([C:5]([O:11][H:16])([H:22])[H:23])([O:9][H:14])[H:19])([H:18])[O:6]1,[C:0](=[C:1](\[O:8][H:13])[H:17])(\[C:4]([O:10][H:15])([H:20])[H:21])[O:7][H:12].[C:2]([C:3]([C:5]([O:11][H:16])([H:22])[H:23])([O:9][H:14])[H:19])(=[O:6])[H:18],41.27694740051284,37.56899376502904,15.84799235181644
ZFLZVOVMARLBGK_72_0_3,[C:0]1([C:4]([O:10][H:15])([H:20])[H:21])([O:7][H:12])[C:1]([O:8][H:13])([H:17])[C:2]([C:3]([C:5]([O:11][H:16])([H:22])[H:23])([O:9][H:14])[H:19])([H:18])[O:6]1,[C:0](=[C:1](\[O:8][H:13])[H:17])(\[C:4]([O:10][H:15])([H:20])[H:21])[O:7][H:12].[C:2]([C:3]([C:5]([O:11][H:16])([H:22])[H:23])([O:9][H:14])[H:19])(=[O:6])[H:18],38.167637828015735,35.65822733750217,15.84799235181644
ZFLZVOVMARLBGK_95_0_3,[C:0]1([C:4]([O:10][H:15])([H:20])[H:21])([O:7][H:12])[C:1]([O:8][H:13])([H:17])[C:2]([C:3]([C:5]([O:11][H:16])([H:22])[H:23])([O:9][H:14])[H:19])([H:18])[O:6]1,[C:0](=[C:1](\[O:8][H:13])[H:17])(\[C:4]([O:10][H:15])([H:20])[H:21])[O:7][H:12].[C:2]([C:3]([C:5]([O:11][H:16])([H:22])[H:23])([O:9][H:14])[H:19])(=[O:6])[H:18],39.67993572304989,36.56309603650046,15.84799235181644
ZFLZVOVMARLBGK_1_1_3,[C:0]1([C:4]([O:10][H:15])([H:20])[H:21])([O:7][H:12])[C:1]([O:8][H:13])([H:17])[C:2]([C:3]([C:5]([O:11][H:16])([H:22])[H:23])([O:9][H:14])[H:19])([H:18])[O:6]1,[C:0]1([C:1]([C:2]([C:3]([C:5]([O:11][H:16])([H:22])[H:23])([O:9][H:14])[H:19])([O:6][H:15])[H:18])([O:8][H:13])[H:17])([O:7][H:12])[C:4]([H:20])([H:21])[O:10]1,40.59547208352125,36.49658002952572,-3.1001434034416833
ZFLZVOVMARLBGK_72_0_0,[C:0]1([C:4]([O:10][H:15])([H:20])[H:21])([O:7][H:12])[C:1]([O:8][H:13])([H:17])[C:2]([C:3]([C:5]([O:11][H:16])([H:22])[H:23])([O:9][H:14])[H:19])([H:18])[O:6]1,[C:0]1([C:1]([C:2]([C:3]([C:5]([O:11][H:16])([H:22])[H:23])([O:9][H:14])[H:19])([O:6][H:15])[H:18])([O:8][H:13])[H:17])([O:7][H:12])[C:4]([H:20])([H:21])[O:10]1,33.02519747551535,29.066240040023217,-3.1001434034416833
ZFLZVOVMARLBGK_72_0_1,[C:0]1([C:4]([O:10][H:15])([H:20])[H:21])([O:7][H:12])[C:1]([O:8][H:13])([H:17])[C:2]([C:3]([C:5]([O:11][H:16])([H:22])[H:23])([O:9][H:14])[H:19])([H:18])[O:6]1,[C:0]1([C:1]([C:2]([C:3]([C:5]([O:11][H:16])([H:22])[H:23])([O:9][H:14])[H:19])([O:6][H:15])[H:18])([O:8][H:13])[H:17])([O:7][H:12])[C:4]([H:20])([H:21])[O:10]1,37.12973711506796,33.804564274473805,-3.1001434034416833
ZFLZVOVMARLBGK_74_0_3,[C:0]1([C:4]([O:10][H:15])([H:20])[H:21])([O:7][H:12])[C:1]([O:8][H:13])([H:17])[C:2]([C:3]([C:5]([O:11][H:16])([H:22])[H:23])([O:9][H:14])[H:19])([H:18])[O:6]1,[C:0]([C:1]([C:2]([C:3]([C:5]([O:11][H:16])([H:22])[H:23])([O:9][H:14])[H:19])([O:6][H:15])[H:18])([O:8][H:13])[H:17])([C:4]([O:10])([H:20])[H:21])[O:7][H:12],40.38274636298761,37.20629327401736,TCIT fails
CDCKCSRWIDFXIZ_13_1_0,[C:0]([C:1](/[C:4](=[C:5](/[O:11][H:17])[H:23])[O:9][H:15])([O:7][H:13])[H:19])([C:2]([C:3]([O:10][H:16])([H:21])[H:22])([O:8][H:14])[H:20])([O:6][H:12])[H:18],[C:0](/[C:1](=[C:4](\[C:5]([O:11][H:17])([H:19])[H:23])[O:9][H:15])[O:7][H:13])([C:2]([C:3]([O:10][H:16])([H:21])[H:22])([O:8][H:14])[H:20])([O:6][H:12])[H:18],88.60371389051802,82.59907548498295,-5.94478967495221
CDCKCSRWIDFXIZ_13_4_1,[C:0]([C:1](/[C:4](=[C:5](/[O:11][H:17])[H:23])[O:9][H:15])([O:7][H:13])[H:19])([C:2]([C:3]([O:10][H:16])([H:21])[H:22])([O:8][H:14])[H:20])([O:6][H:12])[H:18],[C:0](/[C:1](=[C:4](\[C:5]([O:11][H:17])([H:18])[H:23])[O:9][H:15])[O:7][H:13])([C:2]([C:3]([O:10][H:16])([H:21])[H:22])([O:8][H:14])[H:20])([O:6][H:12])[H:19],81.97282100399461,77.27340235851715,-5.94478967495221
CDCKCSRWIDFXIZ_226_0_0,[C:0]([C:1](/[C:4](=[C:5](/[O:11][H:17])[H:23])[O:9][H:15])([O:7][H:13])[H:19])([C:2]([C:3]([O:10][H:16])([H:21])[H:22])([O:8][H:14])[H:20])([O:6][H:12])[H:18],[C:0]1([O:6][H:12])([H:18])[C:1]([O:7][H:13])([H:19])[C:4]([C:5]([O:11][H:17])([H:14])[H:23])([O:9][H:15])[O:8][C:2]1([C:3]([O:10][H:16])([H:21])[H:22])[H:20],57.599724514536064,53.89930099296191,-9.337476099426382
CDCKCSRWIDFXIZ_228_4_0,[C:0]([C:1](/[C:4](=[C:5](/[O:11][H:17])[H:23])[O:9][H:15])([O:7][H:13])[H:19])([C:2]([C:3]([O:10][H:16])([H:21])[H:22])([O:8][H:14])[H:20])([O:6][H:12])[H:18],[C:0]([C:1]([C:4]([C:5]([O:11][H:17])([H:14])[H:23])([O:9][H:15])[H:20])([O:7][H:13])[H:19])([C:2]([C:3]([O:10][H:16])([H:21])[H:22])=[O:8])([O:6][H:12])[H:18],54.15595237852733,51.426286053499126,-10.58006692160613
CDCKCSRWIDFXIZ_228_5_2,[C:0]([C:1](/[C:4](=[C:5](/[O:11][H:17])[H:23])[O:9][H:15])([O:7][H:13])[H:19])([C:2]([C:3]([O:10][H:16])([H:21])[H:22])([O:8][H:14])[H:20])([O:6][H:12])[H:18],[C:0]([C:1]([C:4]([C:5]([O:11][H:17])([H:20])[H:23])([O:9][H:15])[H:14])([O:7][H:13])[H:19])([C:2]([C:3]([O:10][H:16])([H:21])[H:22])=[O:8])([O:6][H:12])[H:18],62.9912861384782,60.67954114046494,-10.58006692160613
CDCKCSRWIDFXIZ_228_8_2,[C:0]([C:1](/[C:4](=[C:5](/[O:11][H:17])[H:23])[O:9][H:15])([O:7][H:13])[H:19])([C:2]([C:3]([O:10][H:16])([H:21])[H:22])([O:8][H:14])[H:20])([O:6][H:12])[H:18],[C:0]([C:1]([C:4]([C:5]([O:11][H:17])([H:12])[H:23])=[O:9])([O:7][H:13])[H:19])([C:2]([C:3]([O:10][H:16])([H:21])[H:22])([O:8][H:14])[H:20])([O:6][H:15])[H:18],55.56659373446144,52.60412138502164,-10.58006692160613
CDCKCSRWIDFXIZ_233_7_1,[C:0]([C:1](/[C:4](=[C:5](/[O:11][H:17])[H:23])[O:9][H:15])([O:7][H:13])[H:19])([C:2]([C:3]([O:10][H:16])([H:21])[H:22])([O:8][H:14])[H:20])([O:6][H:12])[H:18],[C:0]([C:1]([C:4]([C:5]([O:11][H:17])([H:16])[H:23])([O:9][H:15])[H:21])([O:7][H:13])[H:19])([C:2]([C:3](=[O:10])[H:22])([O:8][H:14])[H:20])([O:6][H:12])[H:18],50.81634681946961,47.41650034849265,-7.982074569789659
CDCKCSRWIDFXIZ_233_7_2,[C:0]([C:1](/[C:4](=[C:5](/[O:11][H:17])[H:23])[O:9][H:15])([O:7][H:13])[H:19])([C:2]([C:3]([O:10][H:16])([H:21])[H:22])([O:8][H:14])[H:20])([O:6][H:12])[H:18],[C:0]([C:1]([C:4]([C:5]([O:11][H:17])([H:16])[H:23])([O:9][H:15])[H:21])([O:7][H:13])[H:19])([C:2]([C:3](=[O:10])[H:22])([O:8][H:14])[H:20])([O:6][H:12])[H:18],49.15972173951449,45.99268129302046,-7.982074569789659
CDCKCSRWIDFXIZ_233_7_3,[C:0]([C:1](/[C:4](=[C:5](/[O:11][H:17])[H:23])[O:9][H:15])([O:7][H:13])[H:19])([C:2]([C:3]([O:10][H:16])([H:21])[H:22])([O:8][H:14])[H:20])([O:6][H:12])[H:18],[C:0]([C:1]([C:4]([C:5]([O:11][H:17])([H:16])[H:23])([O:9][H:15])[H:21])([O:7][H:13])[H:19])([C:2]([C:3](=[O:10])[H:22])([O:8][H:14])[H:20])([O:6][H:12])[H:18],48.118683479003295,45.333168808473424,-7.982074569789659
CDCKCSRWIDFXIZ_233_8_1,[C:0]([C:1](/[C:4](=[C:5](/[O:11][H:17])[H:23])[O:9][H:15])([O:7][H:13])[H:19])([C:2]([C:3]([O:10][H:16])([H:21])[H:22])([O:8][H:14])[H:20])([O:6][H:12])[H:18],[C:0]([C:1]([C:4]([C:5]([O:11][H:17])([H:21])[H:23])([O:9][H:15])[H:16])([O:7][H:13])[H:19])([C:2]([C:3](=[O:10])[H:22])([O:8][H:14])[H:20])([O:6][H:12])[H:18],65.4919114959426,62.58842503949656,-7.982074569789659
CDCKCSRWIDFXIZ_233_8_2,[C:0]([C:1](/[C:4](=[C:5](/[O:11][H:17])[H:23])[O:9][H:15])([O:7][H:13])[H:19])([C:2]([C:3]([O:10][H:16])([H:21])[H:22])([O:8][H:14])[H:20])([O:6][H:12])[H:18],[C:0]([C:1]([C:4]([C:5]([O:11][H:17])([H:21])[H:23])([O:9][H:15])[H:16])([O:7][H:13])[H:19])([C:2]([C:3](=[O:10])[H:22])([O:8][H:14])[H:20])([O:6][H:12])[H:18],66.81030895553828,63.546004536504455,-7.982074569789659
CDCKCSRWIDFXIZ_307_0_2,[C:0]([C:1](/[C:4](=[C:5](/[O:11][H:17])[H:23])[O:9][H:15])([O:7][H:13])[H:19])([C:2]([C:3]([O:10][H:16])([H:21])[H:22])([O:8][H:14])[H:20])([O:6][H:12])[H:18],[C:0]([C:1]1([H:19])[C:4](=[O:9])[C:5]1([O:11][H:17])[H:23])([C:2]([C:3]([O:10][H:16])([H:21])[H:22])([O:8][H:14])[H:20])([O:6][H:12])[H:18].[O:7]([H:13])[H:15],41.70992895548976,39.70189855549444,5.869980879541096
CDCKCSRWIDFXIZ_351_0_0,[C:0]([C:1](/[C:4](=[C:5](/[O:11][H:17])[H:23])[O:9][H:15])([O:7][H:13])[H:19])([C:2]([C:3]([O:10][H:16])([H:21])[H:22])([O:8][H:14])[H:20])([O:6][H:12])[H:18],[C:0]([C:1]([C:4]([C:5](=[O:11])[H:23])=[O:9])([O:7][H:13])[H:19])([C:2]([C:3]([O:10][H:16])([H:21])[H:22])([O:8][H:14])[H:20])([O:6][H:12])[H:18].[H:15][H:17],76.70362373245756,68.96015650246089,13.168260038240918
CDCKCSRWIDFXIZ_351_0_1,[C:0]([C:1](/[C:4](=[C:5](/[O:11][H:17])[H:23])[O:9][H:15])([O:7][H:13])[H:19])([C:2]([C:3]([O:10][H:16])([H:21])[H:22])([O:8][H:14])[H:20])([O:6][H:12])[H:18],[C:0]([C:1]([C:4]([C:5](=[O:11])[H:23])=[O:9])([O:7][H:13])[H:19])([C:2]([C:3]([O:10][H:16])([H:21])[H:22])([O:8][H:14])[H:20])([O:6][H:12])[H:18].[H:15][H:17],72.37631822046801,65.8916350475035,13.168260038240918
CDCKCSRWIDFXIZ_351_0_2,[C:0]([C:1](/[C:4](=[C:5](/[O:11][H:17])[H:23])[O:9][H:15])([O:7][H:13])[H:19])([C:2]([C:3]([O:10][H:16])([H:21])[H:22])([O:8][H:14])[H:20])([O:6][H:12])[H:18],[C:0]([C:1]([C:4]([C:5](=[O:11])[H:23])=[O:9])([O:7][H:13])[H:19])([C:2]([C:3]([O:10][H:16])([H:21])[H:22])([O:8][H:14])[H:20])([O:6][H:12])[H:18].[H:15][H:17],73.41296391449029,67.05943022698001,13.168260038240918
HSKFDMUXTCPHCB_33_1_1,[C:0]1([O:7][H:12])([H:17])[C:2]([O:8][H:13])([H:19])[C:1]([C:3]([C:4]([C:5]([O:11][H:16])([H:22])[H:23])([O:10][H:15])[H:21])([O:9][H:14])[H:20])([H:18])[O:6]1,[C:0]([C:2]([C:1]([C:3]([C:4]([C:5]([O:11][H:16])([H:22])[H:23])([O:10][H:15])[H:21])([O:9][H:14])[H:20])([O:6][H:12])[H:18])([O:8][H:13])[H:19])(=[O:7])[H:17],40.31372031801921,37.629234677019625,-6.809273422562144
HSKFDMUXTCPHCB_33_1_2,[C:0]1([O:7][H:12])([H:17])[C:2]([O:8][H:13])([H:19])[C:1]([C:3]([C:4]([C:5]([O:11][H:16])([H:22])[H:23])([O:10][H:15])[H:21])([O:9][H:14])[H:20])([H:18])[O:6]1,[C:0]([C:2]([C:1]([C:3]([C:4]([C:5]([O:11][H:16])([H:22])[H:23])([O:10][H:15])[H:21])([O:9][H:14])[H:20])([O:6][H:12])[H:18])([O:8][H:13])[H:19])(=[O:7])[H:17],42.25899976803028,39.59208439298634,-6.809273422562144
PVEULSFTFHDNNN_73_0_0,[C:0]1([C:1]([C:2]([C:3]([C:5]([O:11][H:16])([H:22])[H:23])([O:10][H:15])[H:19])([O:9][H:14])[H:18])([O:8][H:13])[H:17])([O:7][H:12])[C:4]([H:20])([H:21])[O:6]1,[C:0]([C:1]([C:2]([C:3]([C:5]([O:11][H:16])([H:22])[H:23])([O:10][H:15])[H:19])([O:9][H:14])[H:18])([O:8][H:13])[H:17])([C:4]([O:6][H:12])([H:20])[H:21])=[O:7],44.73703478348038,39.78723984749299,-12.848948374760992
PVEULSFTFHDNNN_73_0_3,[C:0]1([C:1]([C:2]([C:3]([C:5]([O:11][H:16])([H:22])[H:23])([O:10][H:15])[H:19])([O:9][H:14])[H:18])([O:8][H:13])[H:17])([O:7][H:12])[C:4]([H:20])([H:21])[O:6]1,[C:0]([C:1]([C:2]([C:3]([C:5]([O:11][H:16])([H:22])[H:23])([O:10][H:15])[H:19])([O:9][H:14])[H:18])([O:8][H:13])[H:17])([C:4]([O:6][H:12])([H:20])[H:21])=[O:7],45.87596452602979,40.52205347199259,-12.848948374760992
QRFGDGZPNFSNCE_14_0_3,[C:0]([C:1](=[O:4])[H:6])(=[C:2]([H:7])[H:8])[O:3][H:5],[C:0]([C:1]([O:3][H:5])=[O:4])(=[C:2]([H:7])[H:8])[H:6],91.10747679547453,86.09555841900128,-20.452437858508606
QRFGDGZPNFSNCE_1_0_2,[C:0]([C:1](=[O:4])[H:6])(=[C:2]([H:7])[H:8])[O:3][H:5],[C-:1]#[O+:4].[C:0](=[C:2]([H:7])[H:8])([O:3][H:5])[H:6],92.08827414399512,86.2536908129944,-0.5284416826003855
QRFGDGZPNFSNCE_1_0_3,[C:0]([C:1](=[O:4])[H:6])(=[C:2]([H:7])[H:8])[O:3][H:5],[C-:1]#[O+:4].[C:0](=[C:2]([H:7])[H:8])([O:3][H:5])[H:6],89.72319083850952,84.50482183648683,-0.5284416826003855
QRFGDGZPNFSNCE_3_0_1,[C:0]([C:1](=[O:4])[H:6])(=[C:2]([H:7])[H:8])[O:3][H:5],[C:0](=[C:2](/[C:1](=[O:4])[H:6])[H:8])(\[O:3][H:5])[H:7],65.24279022450087,63.972083486998805,-3.063575525812622
QRFGDGZPNFSNCE_8_0_2,[C:0]([C:1](=[O:4])[H:6])(=[C:2]([H:7])[H:8])[O:3][H:5],[C:0]1([O:3][H:5])([H:6])[C:1](=[O:4])[C:2]1([H:7])[H:8],91.10747679547453,86.09555841900128,13.338910133843205
QRFGDGZPNFSNCE_8_1_1,[C:0]([C:1](=[O:4])[H:6])(=[C:2]([H:7])[H:8])[O:3][H:5],[C:0]1(=[O:3])[C:1]([O:4][H:5])([H:6])[C:2]1([H:7])[H:8],38.660860294983245,38.36216577298831,13.338910133843205
QRFGDGZPNFSNCE_8_0_3,[C:0]([C:1](=[O:4])[H:6])(=[C:2]([H:7])[H:8])[O:3][H:5],[C:0]1([O:3][H:5])([H:6])[C:1](=[O:4])[C:2]1([H:7])[H:8],91.10747679547453,86.09555841900128,13.338910133843205
RXKJFZQQPQGTFL_12_1_0,[C:0]([C:2]([C:1]([O:4][H:7])([H:10])[H:11])=[O:5])([O:3][H:6])([H:8])[H:9],[C:0]1([H:8])([H:9])[C:2]([C:1]([O:4][H:7])([H:10])[H:11])([O:5][H:6])[O:3]1,56.58190410553758,54.7313785900013,14.846558317399616
RXKJFZQQPQGTFL_12_1_1,[C:0]([C:2]([C:1]([O:4][H:7])([H:10])[H:11])=[O:5])([O:3][H:6])([H:8])[H:9],[C:0]1([H:8])([H:9])[C:2]([C:1]([O:4][H:7])([H:10])[H:11])([O:5][H:6])[O:3]1,57.151682731525824,55.60361679501064,14.846558317399616
RXKJFZQQPQGTFL_4_1_0,[C:0]([C:2]([C:1]([O:4][H:7])([H:10])[H:11])=[O:5])([O:3][H:6])([H:8])[H:9],[C:0]([C:2]([C:1]([O:4][H:7])([H:10])[H:11])([O:5][H:6])[H:8])(=[O:3])[H:9],46.30518102401621,43.69034893751912,-1.27246653919693
CDCKCSRWIDFXIZ_128_0_2,[C:0]([C:1](/[C:4](=[C:5](/[O:11][H:17])[H:23])[O:9][H:15])([O:7][H:13])[H:19])([C:2]([C:3]([O:10][H:16])([H:21])[H:22])([O:8][H:14])[H:20])([O:6][H:12])[H:18],[C:0](/[C:1](=[C:4](\[C:5](=[O:11])[H:23])[O:9][H:17])[H:19])([C:2]([C:3]([O:10][H:16])([H:21])[H:22])([O:8][H:14])[H:20])([O:6][H:12])[H:18].[O:7]([H:13])[H:15],40.57601928899902,37.12157949151722,-1.182839388145332
CDCKCSRWIDFXIZ_307_0_0,[C:0]([C:1](/[C:4](=[C:5](/[O:11][H:17])[H:23])[O:9][H:15])([O:7][H:13])[H:19])([C:2]([C:3]([O:10][H:16])([H:21])[H:22])([O:8][H:14])[H:20])([O:6][H:12])[H:18],[C:0](/[C:1](=[C:4](\[C:5](=[O:11])[H:23])[O:9][H:17])[H:19])([C:2]([C:3]([O:10][H:16])([H:21])[H:22])([O:8][H:14])[H:20])([O:6][H:12])[H:18].[O:7]([H:13])[H:15],45.31120597602887,40.8778513585217,-1.182839388145332
CDCKCSRWIDFXIZ_307_0_3,[C:0]([C:1](/[C:4](=[C:5](/[O:11][H:17])[H:23])[O:9][H:14])([O:7][H:15])[H:19])([C:2]([C:3]([O:10][H:16])([H:21])[H:22])([O:8][H:13])[H:20])([O:6][H:12])[H:18],[C:0](/[C:1](=[C:4](/[C:5](=[O:11])[H:23])[O:9][H:17])[H:19])([C:2]([C:3]([O:10][H:16])([H:21])[H:22])([O:8][H:14])[H:20])([O:6][H:12])[H:18].[O:7]([H:13])[H:15],35.70842809744676,30.18885453547113,-1.182839388145332
CDCKCSRWIDFXIZ_13_9_0,[C:0]([C:1](/[C:4](=[C:5](/[O:11][H:17])[H:23])[O:9][H:15])([O:7][H:13])[H:19])([C:2]([C:3]([O:10][H:16])([H:21])[H:22])([O:8][H:14])[H:20])([O:6][H:12])[H:18],[C:0]([C:2]([C:3]([O:10][H:16])([H:21])[H:22])([O:8][H:14])[H:20])(=[O:6])[H:18].[C:1](=[C:4](\[C:5]([O:11][H:17])([H:12])[H:23])[O:9][H:15])(\[O:7][H:13])[H:19],42.831915941510594,38.94449458898053,21.217017208412987
CDCKCSRWIDFXIZ_275_0_1,[C:0]([C:1](/[C:4](=[C:5](/[O:11][H:17])[H:23])[O:9][H:15])([O:7][H:13])[H:19])([C:2]([C:3]([O:10][H:16])([H:21])[H:22])([O:8][H:14])[H:20])([O:6][H:12])[H:18],[C:0]([C:1]([C:4]([C:5]([O:11][H:17])([H:14])[H:23])=[O:9])([O:7][H:13])[H:19])([C:2]([C:3]([O:10][H:16])([H:21])[H:22])([O:8][H:15])[H:20])([O:6][H:12])[H:18],43.10049000754591,40.94185732750279,-10.58006692160613
CDCKCSRWIDFXIZ_75_0_2,[C:0]([C:1](/[C:4](=[C:5](/[O:11][H:17])[H:23])[O:9][H:15])([O:7][H:13])[H:19])([C:2]([C:3]([O:10][H:16])([H:21])[H:22])([O:8][H:14])[H:20])([O:6][H:12])[H:18],[C:0]([C:1]([C:4]([C:5]([O:11][H:17])[H:23])=[O:9])[H:19])([C:2]([C:3]([O:10][H:16])([H:21])[H:22])([O:8][H:14])[H:20])([O:6][H:12])[H:18].[O:7]([H:13])[H:15],42.95867286047592,39.470347550008334,TCIT fails
HSKFDMUXTCPHCB_121_0_1,[C:0]1([O:7][H:12])([H:17])[C:2]([O:8][H:13])([H:19])[C:1]([C:3]([C:4]([C:5]([O:11][H:16])([H:22])[H:23])([O:10][H:15])[H:21])([O:9][H:14])[H:20])([H:18])[O:6]1,[C:0](=[O:6])([O:7][H:12])[H:17].[C:1](=[C:2](/[O:8][H:13])[H:19])(\[C:3]([C:4]([C:5]([O:11][H:16])([H:22])[H:23])([O:10][H:15])[H:21])([O:9][H:14])[H:20])[H:18],48.6727743674598,44.807943357015375,3.6749521988527665
HSKFDMUXTCPHCB_124_0_1,[C:0]1([O:7][H:12])([H:17])[C:2]([O:8][H:13])([H:19])[C:1]([C:3]([C:4]([C:5]([O:11][H:16])([H:22])[H:23])([O:10][H:15])[H:21])([O:9][H:14])[H:20])([H:18])[O:6]1,[C:0](=[O:6])([O:7][H:12])[H:17].[C:1](=[C:2](/[O:8][H:13])[H:19])(\[C:3]([C:4]([C:5]([O:11][H:16])([H:22])[H:23])([O:10][H:15])[H:21])([O:9][H:14])[H:20])[H:18],45.64817857746284,42.4303098615258,3.6749521988527665
HSKFDMUXTCPHCB_38_0_1,[C:0]1([O:7][H:12])([H:17])[C:2]([O:8][H:13])([H:19])[C:1]([C:3]([C:4]([C:5]([O:11][H:16])([H:22])[H:23])([O:10][H:15])[H:21])([O:9][H:14])[H:20])([H:18])[O:6]1,[C:0]([C:2]([C:1]([C:3]([C:4]([C:5]([O:11][H:16])([H:22])[H:23])([O:10][H:15])[H:21])([O:9][H:14])[H:20])([O:6][H:12])[H:18])([O:8][H:13])[H:19])(=[O:7])[H:17],45.78497564847415,41.4802604784989,-6.809273422562144
HSKFDMUXTCPHCB_38_0_3,[C:0]1([O:7][H:12])([H:17])[C:2]([O:8][H:13])([H:19])[C:1]([C:3]([C:4]([C:5]([O:11][H:16])([H:22])[H:23])([O:10][H:15])[H:21])([O:9][H:14])[H:20])([H:18])[O:6]1,[C:0]([C:2]([C:1]([C:3]([C:4]([C:5]([O:11][H:16])([H:22])[H:23])([O:10][H:15])[H:21])([O:9][H:14])[H:20])([O:6][H:12])[H:18])([O:8][H:13])[H:19])(=[O:7])[H:17],39.92089937101223,36.96344709748843,-6.809273422562144
HSKFDMUXTCPHCB_39_0_1,[C:0]1([O:7][H:12])([H:17])[C:2]([O:8][H:13])([H:19])[C:1]([C:3]([C:4]([C:5]([O:11][H:16])([H:22])[H:23])([O:10][H:15])[H:21])([O:9][H:14])[H:20])([H:18])[O:6]1,[C:0]([C:2]([C:1]([C:3]([C:4]([C:5]([O:11][H:16])([H:22])[H:23])([O:10][H:15])[H:21])([O:9][H:14])[H:20])([O:6][H:12])[H:18])([O:8][H:13])[H:19])(=[O:7])[H:17],43.39855702000676,39.23189394003965,-6.809273422562144
HSKFDMUXTCPHCB_43_0_1,[C:0]1([O:7][H:12])([H:17])[C:2]([O:8][H:13])([H:19])[C:1]([C:3]([C:4]([C:5]([O:11][H:16])([H:22])[H:23])([O:10][H:15])[H:21])([O:9][H:14])[H:20])([H:18])[O:6]1,[C:0](=[C:2](/[O:8][H:13])[H:19])(\[O:7][H:12])[H:17].[C:1]([C:3]([C:4]([C:5]([O:11][H:16])([H:22])[H:23])([O:10][H:15])[H:21])([O:9][H:14])[H:20])(=[O:6])[H:18],40.58041185548793,37.31485241752863,22.43522944550667
HSKFDMUXTCPHCB_43_0_3,[C:0]1([O:7][H:12])([H:17])[C:2]([O:8][H:13])([H:19])[C:1]([C:3]([C:4]([C:5]([O:11][H:16])([H:22])[H:23])([O:10][H:15])[H:21])([O:9][H:14])[H:20])([H:18])[O:6]1,[C:0](=[C:2](/[O:8][H:13])[H:19])(\[O:7][H:12])[H:17].[C:1]([C:3]([C:4]([C:5]([O:11][H:16])([H:22])[H:23])([O:10][H:15])[H:21])([O:9][H:14])[H:20])(=[O:6])[H:18],42.77983265292808,40.04263621399024,22.43522944550667
PVEULSFTFHDNNN_17_0_2,[C:0]1([C:1]([C:2]([C:3]([C:5]([O:11][H:16])([H:22])[H:23])([O:10][H:15])[H:19])([O:9][H:14])[H:18])([O:8][H:13])[H:17])([O:7][H:12])[C:4]([H:20])([H:21])[O:6]1,[C:0]([C:1]([C:2]([C:3]([C:5]([O:11][H:16])([H:22])[H:23])([O:10][H:15])[H:19])([O:9][H:14])[H:18])([O:8][H:13])[H:17])([C:4]([O:6][H:12])([H:20])[H:21])=[O:7],37.79050461846916,34.01477995694244,-12.848948374760992
PVEULSFTFHDNNN_73_0_2,[C:0]1([C:1]([C:2]([C:3]([C:5]([O:11][H:16])([H:22])[H:23])([O:10][H:15])[H:19])([O:9][H:14])[H:18])([O:8][H:13])[H:17])([O:7][H:12])[C:4]([H:20])([H:21])[O:6]1,[C:0]([C:1]([C:2]([C:3]([C:5]([O:11][H:16])([H:22])[H:23])([O:10][H:15])[H:19])([O:9][H:14])[H:18])([O:8][H:13])[H:17])([C:4]([O:6][H:12])([H:20])[H:21])=[O:7],42.02054615799026,40.409729271490825,-12.848948374760992
PVEULSFTFHDNNN_79_0_1,[C:0]1([C:1]([C:2]([C:3]([C:5]([O:11][H:16])([H:22])[H:23])([O:10][H:15])[H:19])([O:9][H:14])[H:18])([O:8][H:13])[H:17])([O:7][H:12])[C:4]([H:20])([H:21])[O:6]1,[C:0]([C:1]([C:2]([C:3]([C:5]([O:11][H:16])([H:22])[H:23])([O:10][H:15])[H:19])([O:9][H:14])[H:18])([O:8][H:13])[H:17])([C:4]([O:6][H:12])([H:20])[H:21])=[O:7],31.50097689993996,29.646686327484524,-12.848948374760992
PVEULSFTFHDNNN_79_0_3,[C:0]1([C:1]([C:2]([C:3]([C:5]([O:11][H:16])([H:22])[H:23])([O:10][H:15])[H:19])([O:9][H:14])[H:18])([O:8][H:13])[H:17])([O:7][H:12])[C:4]([H:20])([H:21])[O:6]1,[C:0]([C:1]([C:2]([C:3]([C:5]([O:11][H:16])([H:22])[H:23])([O:10][H:15])[H:19])([O:9][H:14])[H:18])([O:8][H:13])[H:17])([C:4]([O:6][H:12])([H:20])[H:21])=[O:7],27.664383816995585,25.93434012544047,-12.848948374760992
PVEULSFTFHDNNN_233_0_3,[C:0]1([C:1]([C:2]([C:3]([C:5]([O:11][H:14])([H:22])[H:23])([O:10][H:15])[H:19])([O:9][H:16])[H:18])([O:8][H:13])[H:17])([O:7][H:12])[C:4]([H:20])([H:21])[O:6]1,[C:0](=[C:1](/[O:8][H:13])[H:17])(\[C:4]([O:6][H:16])([H:20])[H:21])[O:7][H:12].[C:2]([C:3]([C:5]([O:11][H:14])([H:22])[H:23])([O:10][H:15])[H:19])(=[O:9])[H:18],28.3245238109697,25.25160978945205,18.948135755258125
PVEULSFTFHDNNN_62_1_1,[C:0]1([C:1]([C:2]([C:3]([C:5]([O:11][H:16])([H:22])[H:23])([O:10][H:15])[H:19])([O:9][H:14])[H:18])([O:8][H:13])[H:17])([O:7][H:12])[C:4]([H:20])([H:21])[O:6]1,[C:0](=[C:1](/[O:8][H:13])[H:17])(\[C:4]([O:6][H:14])([H:20])[H:21])[O:7][H:12].[C:2]([C:3]([C:5]([O:11][H:16])([H:22])[H:23])([O:10][H:15])[H:19])(=[O:9])[H:18],32.52946497048284,27.604142905005,18.948135755258125
PVEULSFTFHDNNN_50_0_2,[C:0]1([C:1]([C:2]([C:3]([C:5]([O:11][H:16])([H:22])[H:23])([O:10][H:15])[H:19])([O:9][H:14])[H:18])([O:8][H:13])[H:17])([O:7][H:12])[C:4]([H:20])([H:21])[O:6]1,[C:0]([C:1]([C:2]([C:3]([C:5]([O:11][H:15])([H:22])[H:23])([O:10][H:12])[H:19])([O:9][H:16])[H:18])([O:8][H:13])[H:17])([O:6][C:4]([H:14])([H:20])[H:21])=[O:7],41.83919591252009,38.03084075700442,-17.850621414913935
PVEULSFTFHDNNN_52_0_0,[C:0]1([C:1]([C:2]([C:3]([C:5]([O:11][H:16])([H:22])[H:23])([O:10][H:15])[H:19])([O:9][H:14])[H:18])([O:8][H:13])[H:17])([O:7][H:12])[C:4]([H:20])([H:21])[O:6]1,[C:0]([C:1]([C:2]([C:3]([C:5]([O:11][H:16])([H:22])[H:23])([O:10][H:15])[H:19])([O:9][H:14])[H:18])([O:8][H:13])[H:17])([C:4]([O:6])([H:20])[H:21])[O:7][H:12],28.960818444004023,26.08305987699303,TCIT fails
PVEULSFTFHDNNN_71_0_3,[C:0]1([C:1]([C:2]([C:3]([C:5]([O:11][H:16])([H:22])[H:23])([O:10][H:15])[H:19])([O:9][H:14])[H:18])([O:8][H:13])[H:17])([O:7][H:12])[C:4]([H:20])([H:21])[O:6]1,[C:0]([C:1]([C:2]([C:3]([C:5]([O:11][H:16])([H:22])[H:23])([O:10][H:15])[H:19])([O:9][H:14])[H:18])([O:8][H:13])[H:17])([C:4]([O:6])([H:20])[H:21])[O:7][H:12],43.6947415040437,39.92340940900589,TCIT fails
PVEULSFTFHDNNN_59_0_3,[C:0]1([C:1]([C:2]([C:3]([C:5]([O:11][H:16])([H:22])[H:23])([O:10][H:15])[H:19])([O:9][H:14])[H:18])([O:8][H:13])[H:17])([O:7][H:12])[C:4]([H:20])([H:21])[O:6]1,[C:0]([C:1]([C:2]([C:3]([C:5]([O:11][H:16])([H:22])[H:23])([O:10][H:15])[H:19])([O:9][H:14])[H:18])([O:8][H:13])[H:17])([C:4](=[O:6])[H:21])([O:7][H:12])[H:20],46.649056230004085,42.19813134646994,-10.25095602294452
BNFCVHNGQJGIIA_107_1_0,[C:0]([C:1](/[C:5](=[C:3](\[C:4](=[O:10])[H:19])[O:8][H:13])[H:20])([O:7][H:12])[H:16])([C:2]([O:9][H:14])([H:17])[H:18])([O:6][H:11])[H:15],[C:0]([C:1]1([H:16])[C:5]([H:20])=[C:3]([O:8][H:13])[C:4]([O:10][H:12])([H:19])[O:7]1)([C:2]([O:9][H:14])([H:17])[H:18])([O:6][H:11])[H:15],50.9016881115395,50.96192902353008,-1.1443594646271535
BNFCVHNGQJGIIA_107_1_1,[C:0]([C:1](/[C:5](=[C:3](/[C:4](=[O:10])[H:19])[O:8][H:13])[H:20])([O:7][H:12])[H:16])([C:2]([O:9][H:14])([H:17])[H:18])([O:6][H:11])[H:15],[C:0]([C:1]1([H:16])[C:5]([H:20])=[C:3]([O:8][H:13])[C:4]([O:10][H:12])([H:19])[O:7]1)([C:2]([O:9][H:14])([H:17])[H:18])([O:6][H:11])[H:15],51.87495534600778,50.22084030404633,-1.1443594646271535
BNFCVHNGQJGIIA_107_1_3,[C:0]([C:1](/[C:5](=[C:3](/[C:4](=[O:10])[H:19])[O:8][H:13])[H:20])([O:7][H:12])[H:16])([C:2]([O:9][H:14])([H:17])[H:18])([O:6][H:11])[H:15],[C:0]([C:1]1([H:16])[C:5]([H:20])=[C:3]([O:8][H:13])[C:4]([O:10][H:12])([H:19])[O:7]1)([C:2]([O:9][H:14])([H:17])[H:18])([O:6][H:11])[H:15],54.101359051951135,52.18557254850828,-1.1443594646271535
BNFCVHNGQJGIIA_136_1_2,[C:0]([C:1](/[C:5](=[C:3](/[C:4](=[O:10])[H:19])[O:8][H:13])[H:20])([O:7][H:12])[H:16])([C:2]([O:9][H:14])([H:17])[H:18])([O:6][H:11])[H:15],[C:0]1([O:6][H:11])([H:15])[C:1]([O:7][H:12])([H:16])[C:5]([H:20])=[C:3]([O:8][H:13])[C:4]([O:10][H:14])([H:19])[O:9][C:2]1([H:17])[H:18],66.90506289001306,65.2810683040469,4.641491395793489
BNFCVHNGQJGIIA_136_1_3,[C:0]([C:1](/[C:5](=[C:3](/[C:4](=[O:10])[H:19])[O:8][H:13])[H:20])([O:7][H:12])[H:16])([C:2]([O:9][H:14])([H:17])[H:18])([O:6][H:11])[H:15],[C:0]1([O:6][H:11])([H:15])[C:1]([O:7][H:12])([H:16])[C:5]([H:20])=[C:3]([O:8][H:13])[C:4]([O:10][H:14])([H:19])[O:9][C:2]1([H:17])[H:18],67.89778291900356,67.06633283153393,4.641491395793489
BNFCVHNGQJGIIA_158_0_2,[C:0]([C:1](/[C:5](=[C:3](/[C:4](=[O:10])[H:19])[O:8][H:13])[H:20])([O:7][H:12])[H:16])([C:2]([O:9][H:14])([H:17])[H:18])([O:6][H:11])[H:15],[C-:4]#[O+:10].[C:0]([C:1](/[C:5](=[C:3](\[O:8][H:13])[H:19])[H:20])([O:7][H:12])[H:16])([C:2]([O:9][H:14])([H:17])[H:18])([O:6][H:11])[H:15],90.14424971305222,85.69897241500381,5.545411089866156
BNFCVHNGQJGIIA_168_0_0,[C:0]([C:1](/[C:5](=[C:3](\[C:4](=[O:10])[H:19])[O:8][H:13])[H:20])([O:7][H:12])[H:16])([C:2]([O:9][H:14])([H:17])[H:18])([O:6][H:11])[H:15],[C:0]([C:1]([C:5]([C:3](=[C:4]=[O:10])[O:8][H:13])([H:19])[H:20])([O:7][H:12])[H:16])([C:2]([O:9][H:14])([H:17])[H:18])([O:6][H:11])[H:15],79.20926916598064,74.85498074548786,16.067638623326953
BNFCVHNGQJGIIA_174_5_2,[C:0]([C:1](/[C:5](=[C:3](/[C:4](=[O:10])[H:19])[O:8][H:13])[H:20])([O:7][H:12])[H:16])([C:2]([O:9][H:14])([H:17])[H:18])([O:6][H:11])[H:15],[C:0]([C:1]([C:5]([C:3]([C:4](=[O:10])[H:19])=[O:8])([H:11])[H:20])([O:7][H:12])[H:16])([C:2]([O:9][H:14])([H:17])[H:18])([O:6][H:13])[H:15],43.631363044489696,41.1922336180127,-4.704827915869995
BNFCVHNGQJGIIA_174_7_1,[C:0]([C:1](/[C:5](=[C:3](/[C:4](=[O:10])[H:19])[O:8][H:13])[H:20])([O:7][H:12])[H:16])([C:2]([O:9][H:14])([H:17])[H:18])([O:6][H:11])[H:15],[C:0]([C:1]([C:5]([C:3]([C:4](=[O:10])[H:19])=[O:8])([H:14])[H:20])([O:7][H:12])[H:16])([C:2]([O:9][H:13])([H:17])[H:18])([O:6][H:11])[H:15],42.82564084652644,40.51201332001794,-4.704827915869995
BNFCVHNGQJGIIA_174_7_2,[C:0]([C:1](/[C:5](=[C:3](/[C:4](=[O:10])[H:19])[O:8][H:13])[H:20])([O:7][H:12])[H:16])([C:2]([O:9][H:14])([H:17])[H:18])([O:6][H:11])[H:15],[C:0]([C:1]([C:5]([C:3]([C:4](=[O:10])[H:19])=[O:8])([H:14])[H:20])([O:7][H:12])[H:16])([C:2]([O:9][H:13])([H:17])[H:18])([O:6][H:11])[H:15],39.663620476019744,37.790504618540496,-4.704827915869995
BNFCVHNGQJGIIA_174_7_0,[C:0]([C:1](/[C:5](=[C:3](/[C:4](=[O:10])[H:19])[O:8][H:13])[H:20])([O:7][H:12])[H:16])([C:2]([O:9][H:14])([H:17])[H:18])([O:6][H:11])[H:15],[C:0]([C:1]([C:5]([C:3]([C:4](=[O:10])[H:19])=[O:8])([H:14])[H:20])([O:7][H:12])[H:16])([C:2]([O:9][H:13])([H:17])[H:18])([O:6][H:11])[H:15],40.67955835645163,37.91726153750582,-4.704827915869995
BNFCVHNGQJGIIA_176_0_1,[C:0]([C:1](/[C:5](=[C:3](/[C:4](=[O:10])[H:19])[O:8][H:13])[H:20])([O:7][H:12])[H:16])([C:2]([O:9][H:14])([H:17])[H:18])([O:6][H:11])[H:15],[C:0]1([O:6][H:11])([H:15])[C:1]([O:7][H:12])([H:16])[C:5]([H:14])([H:20])[C:3]([C:4](=[O:10])[H:19])([O:8][H:13])[O:9][C:2]1([H:17])[H:18],61.63712063754417,60.50070093298844,-9.725143403441695
BNFCVHNGQJGIIA_177_0_1,[C:0]([C:1](/[C:5](=[C:3](/[C:4](=[O:10])[H:19])[O:8][H:13])[H:20])([O:7][H:12])[H:16])([C:2]([O:9][H:14])([H:17])[H:18])([O:6][H:11])[H:15],[C:0]1([O:6][H:11])([H:15])[C:1]([O:7][H:12])([H:16])[C:5]([C:3]([C:4](=[O:10])[H:19])([O:8][H:13])[H:14])([H:20])[O:9][C:2]1([H:17])[H:18],59.21807151501648,57.4045690600294,3.569311663479916
BNFCVHNGQJGIIA_177_0_2,[C:0]([C:1](/[C:5](=[C:3](/[C:4](=[O:10])[H:19])[O:8][H:13])[H:20])([O:7][H:12])[H:16])([C:2]([O:9][H:14])([H:17])[H:18])([O:6][H:11])[H:15],[C:0]1([O:6][H:11])([H:15])[C:1]([O:7][H:12])([H:16])[C:5]([C:3]([C:4](=[O:10])[H:19])([O:8][H:13])[H:14])([H:20])[O:9][C:2]1([H:17])[H:18],57.22133628599264,55.54400339251847,3.569311663479916
BNFCVHNGQJGIIA_177_0_3,[C:0]([C:1](/[C:5](=[C:3](/[C:4](=[O:10])[H:19])[O:8][H:13])[H:20])([O:7][H:12])[H:16])([C:2]([O:9][H:14])([H:17])[H:18])([O:6][H:11])[H:15],[C:0]1([O:6][H:11])([H:15])[C:1]([O:7][H:12])([H:16])[C:5]([C:3]([C:4](=[O:10])[H:19])([O:8][H:13])[H:14])([H:20])[O:9][C:2]1([H:17])[H:18],56.55241115904071,55.05266345404621,3.569311663479916
BNFCVHNGQJGIIA_246_1_0,[C:0]([C:1](/[C:5](=[C:3](\[C:4](=[O:10])[H:19])[O:8][H:13])[H:20])([O:7][H:12])[H:16])([C:2]([O:9][H:14])([H:17])[H:18])([O:6][H:11])[H:15],[C:0](/[C:1](=[C:5]([C:3](=[C:4](\[O:10][H:16])[H:19])/[O:8][H:13])\[H:20])[O:7][H:12])([C:2]([O:9][H:14])([H:17])[H:18])([O:6][H:11])[H:15],46.057942280998375,42.90407953404242,-2.621892925430217
BNFCVHNGQJGIIA_317_0_1,[C:0]([C:1](/[C:5](=[C:3](/[C:4](=[O:10])[H:19])[O:8][H:13])[H:20])([O:7][H:12])[H:16])([C:2]([O:9][H:14])([H:17])[H:18])([O:6][H:11])[H:15],[C:0](/[C:1](=[C:5](\[C:3]([C:4](=[O:10])[H:19])=[O:8])[H:20])[H:16])([C:2]([O:9][H:14])([H:17])[H:18])([O:6][H:11])[H:15].[O:7]([H:12])[H:13],30.95441612546444,30.596108201013006,9.20650095602294
BNFCVHNGQJGIIA_317_0_3,[C:0]([C:1](/[C:5](=[C:3](/[C:4](=[O:10])[H:19])[O:8][H:13])[H:20])([O:7][H:12])[H:16])([C:2]([O:9][H:14])([H:17])[H:18])([O:6][H:11])[H:15],[C:0](/[C:1](=[C:5](/[C:3]([C:4](=[O:10])[H:19])=[O:8])[H:20])[H:16])([C:2]([O:9][H:14])([H:17])[H:18])([O:6][H:11])[H:15].[O:7]([H:12])[H:13],35.26666140956336,31.529214827511343,9.20650095602294
BNFCVHNGQJGIIA_332_0_1,[C:0]([C:1](/[C:5](=[C:3](/[C:4](=[O:10])[H:19])[O:8][H:13])[H:20])([O:7][H:12])[H:16])([C:2]([O:9][H:14])([H:17])[H:18])([O:6][H:11])[H:15],[C:0](/[C:1](=[C:5](\[C:3]([C:4](=[O:10])[H:19])=[O:8])[H:20])[O:7][H:12])([C:2]([O:9][H:14])([H:17])[H:18])([O:6][H:11])[H:15].[H:13][H:16],59.76588730848884,55.03446567852082,17.568594646271496
BNFCVHNGQJGIIA_332_0_2,[C:0]([C:1](/[C:5](=[C:3](/[C:4](=[O:10])[H:19])[O:8][H:13])[H:20])([O:7][H:12])[H:16])([C:2]([O:9][H:14])([H:17])[H:18])([O:6][H:11])[H:15],[C:0](/[C:1](=[C:5](\[C:3]([C:4](=[O:10])[H:19])=[O:8])[H:20])[O:7][H:12])([C:2]([O:9][H:14])([H:17])[H:18])([O:6][H:11])[H:15].[H:13][H:16],58.04337373098605,52.92979881548412,17.568594646271496
BNFCVHNGQJGIIA_336_0_0,[C:0]([C:1](/[C:5](=[C:3](\[C:4](=[O:10])[H:19])[O:8][H:13])[H:20])([O:7][H:12])[H:16])([C:2]([O:9][H:14])([H:17])[H:18])([O:6][H:11])[H:15],[C:0]([C:1](/[C:5](=[C:3](\[C:4]([O:10][H:12])([H:16])[H:19])[O:8][H:13])[H:20])=[O:7])([C:2]([O:9][H:14])([H:17])[H:18])([O:6][H:11])[H:15],51.36730016050537,48.55292005304838,-0.2958891013384456
BNFCVHNGQJGIIA_33_0_3,[C:0]([C:1](/[C:5](=[C:3](/[C:4](=[O:10])[H:19])[O:8][H:13])[H:20])([O:7][H:12])[H:16])([C:2]([O:9][H:14])([H:17])[H:18])([O:6][H:11])[H:15],[C:0]1([O:6][H:11])([H:15])[C:1]([O:7][H:12])([H:16])[C:5]([H:20])=[C:3]([O:8][H:13])[C:4]1=[O:10].[C:2]([O:9][H:14])([H:17])([H:18])[H:19],113.41543952051056,107.21752818903543,0.880736137667291
BNFCVHNGQJGIIA_347_0_1,[C:0]([C:1](/[C:5](=[C:3](/[C:4](=[O:10])[H:19])[O:8][H:13])[H:20])([O:7][H:12])[H:16])([C:2]([O:9][H:14])([H:17])[H:18])([O:6][H:11])[H:15],[C:0]([C:1]([C:5]([C:3]([C:4](=[O:10])[H:19])([O:8][H:13])[H:17])([H:14])[H:20])([O:7][H:12])[H:16])([C:2](=[O:9])[H:18])([O:6][H:11])[H:15],63.95890578753208,62.28157289398656,-3.536328871892937
BNFCVHNGQJGIIA_347_1_1,[C:0]([C:1](/[C:5](=[C:3](/[C:4](=[O:10])[H:19])[O:8][H:13])[H:20])([O:7][H:12])[H:16])([C:2]([O:9][H:14])([H:17])[H:18])([O:6][H:11])[H:15],[C:0]([C:1]([C:5]([C:3]([C:4](=[O:10])[H:19])([O:8][H:13])[H:14])([H:17])[H:20])([O:7][H:12])[H:16])([C:2](=[O:9])[H:18])([O:6][H:11])[H:15],58.89302159405242,56.56747138700268,-3.536328871892937
BNFCVHNGQJGIIA_4_1_3,[C:0]([C:1](/[C:5](=[C:3](/[C:4](=[O:10])[H:19])[O:8][H:13])[H:20])([O:7][H:12])[H:16])([C:2]([O:9][H:14])([H:17])[H:18])([O:6][H:11])[H:15],[C:0](/[C:1](=[C:5](/[C:3]([C:4](=[O:10])[H:19])([O:8][H:13])[H:16])[H:20])[O:7][H:12])([C:2]([O:9][H:14])([H:17])[H:18])([O:6][H:11])[H:15],64.11076308650537,60.95313528248758,5.275334608030593
BNFCVHNGQJGIIA_55_1_3,[C:0]([C:1](/[C:5](=[C:3](/[C:4](=[O:10])[H:19])[O:8][H:13])[H:20])([O:7][H:12])[H:16])([C:2]([O:9][H:14])([H:17])[H:18])([O:6][H:11])[H:15],[C:0]1([C:2]([O:9][H:14])([H:17])[H:18])([H:15])[C:1]([O:7][H:12])([H:16])[C:5]([H:20])=[C:3]([O:8][H:13])[C:4]([O:10][H:11])([H:19])[O:6]1,51.81659696251244,50.2503332505432,1.560707456978961
BNFCVHNGQJGIIA_6_0_2,[C:0]([C:1](/[C:5](=[C:3](/[C:4](=[O:10])[H:19])[O:8][H:13])[H:20])([O:7][H:12])[H:16])([C:2]([O:9][H:14])([H:17])[H:18])([O:6][H:11])[H:15],[C:0]([C:2]([O:9][H:14])([H:17])[H:18])([C:5]1([H:20])[C:1]([O:7][H:12])([H:16])[C:3]1([C:4](=[O:10])[H:19])[O:8][H:13])([O:6][H:11])[H:15],60.92050478849863,59.366163756999285,18.60181644359463
BNFCVHNGQJGIIA_90_1_0,[C:0]([C:1](/[C:5](=[C:3](\[C:4](=[O:10])[H:19])[O:8][H:13])[H:20])([O:7][H:12])[H:16])([C:2]([O:9][H:14])([H:17])[H:18])([O:6][H:11])[H:15],[C:0]([C:1](/[C:5](=[C:3](\[C:4](=[O:10])[H:19])[H:20])[O:8][H:13])([O:7][H:12])[H:16])([C:2]([O:9][H:14])([H:17])[H:18])([O:6][H:11])[H:15],142.13215676898884,138.8126315140231,-1.9670172084130062
NGHTTWGPJSZSKH_207_0_1,[C:0]([C:1]([C:2]([O:10][H:16])([H:20])[H:21])([O:8][H:14])[H:19])(/[C:4](=[C:5](\[C:3]([O:11][H:17])([H:22])[H:23])[O:9][H:15])[O:7][H:13])([O:6][H:12])[H:18],[C:0]1([C:1]([C:2]([O:10][H:16])([H:20])[H:21])([O:8][H:14])[H:19])([H:18])[C:4]([C:5]([C:3]([O:11][H:17])([H:22])[H:23])([O:9][H:15])[H:12])([O:7][H:13])[O:6]1,61.93393263100819,56.93393693500487,12.772705544933086
NGHTTWGPJSZSKH_209_10_0,[C:0]([C:1]([C:2]([O:10][H:16])([H:20])[H:21])([O:8][H:14])[H:19])(/[C:4](=[C:5](\[C:3]([O:11][H:17])([H:22])[H:23])[O:9][H:15])[O:7][H:13])([O:6][H:12])[H:18],[C:0]([C:1]([C:2]([O:10][H:13])([H:20])[H:21])([O:8][H:14])[H:19])([C:4]([C:5]([C:3]([O:11][H:17])([H:22])[H:23])([O:9][H:15])[H:16])=[O:7])([O:6][H:12])[H:18],45.440472933059205,42.89403938206777,-2.488288718929268
NGHTTWGPJSZSKH_306_0_3,[C:0]([C:1]([C:2]([O:10][H:16])([H:20])[H:21])([O:8][H:14])[H:19])(/[C:4](=[C:5](\[C:3]([O:11][H:17])([H:22])[H:23])[O:9][H:15])[O:7][H:13])([O:6][H:12])[H:18],[C:0](\[C:1]([C:2]([O:10][H:16])([H:20])[H:21])([O:8][H:14])[H:19])(=[C:4](/[C:5](=[C:3]([H:22])[H:23])[O:9][H:15])[O:7][H:13])[O:6][H:12].[O:11]([H:17])[H:18],65.57788029751092,58.47384524804065,1.5956022944550503
NGHTTWGPJSZSKH_307_0_1,[C:0]([C:1]([C:2]([O:10][H:16])([H:20])[H:21])([O:8][H:14])[H:19])(/[C:4](=[C:5](\[C:3]([O:11][H:17])([H:22])[H:23])[O:9][H:15])[O:7][H:13])([O:6][H:12])[H:18],[C:0](\[C:1]([C:2]([O:10][H:16])([H:20])[H:21])([O:8][H:14])[H:19])(=[C:4]([C:5](=[C:3](\[O:11][H:17])[H:23])/[O:9][H:15])\[O:7][H:13])[O:6][H:12].[H:18][H:22],74.76901194406224,68.54349019451412,17.803298279158707
NGHTTWGPJSZSKH_307_0_3,[C:0]([C:1]([C:2]([O:10][H:16])([H:20])[H:21])([O:8][H:14])[H:19])(/[C:4](=[C:5](\[C:3]([O:11][H:17])([H:22])[H:23])[O:9][H:15])[O:7][H:13])([O:6][H:12])[H:18],[C:0](\[C:1]([C:2]([O:10][H:16])([H:20])[H:21])([O:8][H:14])[H:19])(=[C:4]([C:5](=[C:3](\[O:11][H:17])[H:23])/[O:9][H:15])\[O:7][H:13])[O:6][H:12].[H:18][H:22],70.3406774025424,64.93029049350511,17.803298279158707
NGHTTWGPJSZSKH_31_11_1,[C:0]([C:1]([C:2]([O:10][H:16])([H:20])[H:21])([O:8][H:14])[H:19])(/[C:4](=[C:5](\[C:3]([O:11][H:17])([H:22])[H:23])[O:9][H:15])[O:7][H:13])([O:6][H:12])[H:18],[C:0]([C:1]([C:2]([O:10][H:16])([H:20])[H:21])([O:8][H:22])[H:19])([C:4](/[C:5](=[C:3](/[O:11][H:17])[H:23])[O:9][H:15])([O:7][H:13])[H:14])([O:6][H:12])[H:18],59.74141443797928,56.89377632703492,5.94478967495221
NGHTTWGPJSZSKH_31_13_1,[C:0]([C:1]([C:2]([O:10][H:16])([H:20])[H:21])([O:8][H:14])[H:19])(/[C:4](=[C:5](\[C:3]([O:11][H:17])([H:22])[H:23])[O:9][H:15])[O:7][H:13])([O:6][H:12])[H:18],[C:0]([C:1]([C:2]([O:10][H:22])([H:20])[H:21])([O:8][H:14])[H:19])([C:4](/[C:5](=[C:3](\[O:11][H:17])[H:23])[O:9][H:15])([O:7][H:13])[H:16])([O:6][H:12])[H:18],64.5242918470314,60.922387317065215,5.94478967495221
NGHTTWGPJSZSKH_351_0_0,[C:0]([C:1]([C:2]([O:10][H:16])([H:20])[H:21])([O:8][H:14])[H:19])(/[C:4](=[C:5](\[C:3]([O:11][H:17])([H:22])[H:23])[O:9][H:15])[O:7][H:13])([O:6][H:12])[H:18],[C:0]([C:1]([C:2](=[O:10])[H:21])([O:8][H:14])[H:19])([C:4]([C:5]([C:3]([O:11][H:17])([H:22])[H:23])([O:9][H:15])[H:16])([O:7][H:13])[H:20])([O:6][H:12])[H:18],61.23865210498012,56.96907746705882,-2.037284894837449
NGHTTWGPJSZSKH_351_0_1,[C:0]([C:1]([C:2]([O:10][H:16])([H:20])[H:21])([O:8][H:14])[H:19])(/[C:4](=[C:5](\[C:3]([O:11][H:17])([H:22])[H:23])[O:9][H:15])[O:7][H:13])([O:6][H:12])[H:18],[C:0]([C:1]([C:2](=[O:10])[H:21])([O:8][H:14])[H:19])([C:4]([C:5]([C:3]([O:11][H:17])([H:22])[H:23])([O:9][H:15])[H:16])([O:7][H:13])[H:20])([O:6][H:12])[H:18],60.19008373055927,58.02643097452882,-2.037284894837449
NGHTTWGPJSZSKH_364_0_2,[C:0]([C:1]([C:2]([O:10][H:16])([H:20])[H:21])([O:8][H:14])[H:19])(/[C:4](=[C:5](\[C:3]([O:11][H:17])([H:22])[H:23])[O:9][H:15])[O:7][H:13])([O:6][H:12])[H:18],[C:0]1([O:6][H:12])([H:18])[C:1]([O:8][H:14])([H:19])[C:2]([H:20])([H:21])[O:10][C:4]1([C:5](=[C:3]([H:22])[H:23])[O:9][H:15])[O:7][H:13].[O:11]([H:16])[H:17],44.67428383349614,39.9378421275408,3.1006214149139475
NGHTTWGPJSZSKH_376_0_1,[C:0]([C:1]([C:2]([O:10][H:16])([H:20])[H:21])([O:8][H:14])[H:19])(/[C:4](=[C:5](\[C:3]([O:11][H:17])([H:22])[H:23])[O:9][H:15])[O:7][H:13])([O:6][H:12])[H:18],[C:0]([C:1]([C:2]([O:10][H:16])([H:20])[H:21])([O:8][H:14])[H:19])([C:4]([C:5]([C:3]([O:11][H:17])([H:22])[H:23])=[O:9])=[O:7])([O:6][H:12])[H:18].[H:13][H:15],72.28783938097737,66.23237270599928,16.331261950286816
UQPHVQVXLPRNCX_12_0_1,[C:0]([C:1]([O:5][H:9])([H:12])[H:13])([C:3]([C:2]([O:6][H:10])([H:14])[H:15])=[O:7])([O:4][H:8])[H:11],[C:0](=[C:1]([H:12])[H:13])([O:4][H:8])[H:11].[C:2]([C:3]([O:5][H:9])=[O:7])([O:6][H:10])([H:14])[H:15],58.96393016751608,57.89151643201275,3.2543021032505015
UQPHVQVXLPRNCX_12_0_2,[C:0]([C:1]([O:5][H:9])([H:12])[H:13])([C:3]([C:2]([O:6][H:10])([H:14])[H:15])=[O:7])([O:4][H:8])[H:11],[C:0](=[C:1]([H:12])[H:13])([O:4][H:8])[H:11].[C:2]([C:3]([O:5][H:9])=[O:7])([O:6][H:10])([H:14])[H:15],54.18983789151311,52.98250961349372,3.2543021032505015
UQPHVQVXLPRNCX_14_0_1,[C:0]([C:1]([O:5][H:9])([H:12])[H:13])([C:3]([C:2]([O:6][H:10])([H:14])[H:15])=[O:7])([O:4][H:8])[H:11],[C:0](=[C:1](\[O:5][H:9])[H:13])(\[O:4][H:8])[H:11].[C:2]([C:3](=[O:7])[H:12])([O:6][H:10])([H:14])[H:15],57.33115044850075,55.34194533349357,34.60229445506694
UQPHVQVXLPRNCX_18_2_0,[C:0]([C:1]([O:5][H:9])([H:12])[H:13])([C:3]([C:2]([O:6][H:10])([H:14])[H:15])=[O:7])([O:4][H:8])[H:11],[C:0]([C:1](=[O:5])[H:13])([C:3]([C:2]([O:6][H:10])([H:14])[H:15])([O:7][H:9])[H:12])([O:4][H:8])[H:11],58.64892039852666,55.15431999300357,3.8742829827915957
UQPHVQVXLPRNCX_18_2_1,[C:0]([C:1]([O:5][H:9])([H:12])[H:13])([C:3]([C:2]([O:6][H:10])([H:14])[H:15])=[O:7])([O:4][H:8])[H:11],[C:0]([C:1](=[O:5])[H:13])([C:3]([C:2]([O:6][H:10])([H:14])[H:15])([O:7][H:9])[H:12])([O:4][H:8])[H:11],59.269527293993576,55.77555439800457,3.8742829827915957
UQPHVQVXLPRNCX_18_4_0,[C:0]([C:1]([O:5][H:9])([H:12])[H:13])([C:3]([C:2]([O:6][H:10])([H:14])[H:15])=[O:7])([O:4][H:8])[H:11],[C:0]([C:1]([O:5][H:9])([H:12])[H:13])([C:3]([C:2](=[O:6])[H:15])([O:7][H:10])[H:14])([O:4][H:8])[H:11],44.59208008902533,41.99230823049022,3.8742829827915957
UQPHVQVXLPRNCX_18_4_1,[C:0]([C:1]([O:5][H:9])([H:12])[H:13])([C:3]([C:2]([O:6][H:10])([H:14])[H:15])=[O:7])([O:4][H:8])[H:11],[C:0]([C:1]([O:5][H:9])([H:12])[H:13])([C:3]([C:2](=[O:6])[H:15])([O:7][H:10])[H:14])([O:4][H:8])[H:11],45.213314493990666,42.74406461148271,3.8742829827915957
UQPHVQVXLPRNCX_18_4_2,[C:0]([C:1]([O:5][H:9])([H:12])[H:13])([C:3]([C:2]([O:6][H:10])([H:14])[H:15])=[O:7])([O:4][H:8])[H:11],[C:0]([C:1]([O:5][H:9])([H:12])[H:13])([C:3]([C:2](=[O:6])[H:15])([O:7][H:10])[H:14])([O:4][H:8])[H:11],43.03397400049983,40.93495472298454,3.8742829827915957
UQPHVQVXLPRNCX_31_2_3,[C:0]([C:1]([O:5][H:9])([H:12])[H:13])([C:3]([C:2]([O:6][H:10])([H:14])[H:15])=[O:7])([O:4][H:8])[H:11],[C:0]1([C:1]([O:5][H:9])([H:12])[H:13])([H:11])[C:3]([C:2]([O:6][H:10])([H:14])[H:15])([O:7][H:8])[O:4]1,51.12194394598279,50.14804920201608,26.376434034416835
UQPHVQVXLPRNCX_36_0_1,[C:0]([C:1]([O:5][H:9])([H:12])[H:13])([C:3]([C:2]([O:6][H:10])([H:14])[H:15])=[O:7])([O:4][H:8])[H:11],[C:0](=[C:1]([H:12])[H:13])([C:3]([C:2]([O:6][H:10])([H:14])[H:15])=[O:7])[O:4][H:8].[O:5]([H:9])[H:11],63.30817843599852,59.03672126951064,9.073374760994255
UQPHVQVXLPRNCX_39_1_1,[C:0]([C:1]([O:5][H:9])([H:12])[H:13])([C:3]([C:2]([O:6][H:10])([H:14])[H:15])=[O:7])([O:4][H:8])[H:11],[C:0]([C:3]([C:1]([O:5][H:9])([H:12])[H:13])([C:2]([O:6][H:10])([H:14])[H:15])[O:7][H:8])(=[O:4])[H:11],46.39491488250368,45.0746348944841,5.154158699808808
UQPHVQVXLPRNCX_43_0_2,[C:0]([C:1]([O:5][H:9])([H:12])[H:13])([C:3]([C:2]([O:6][H:10])([H:14])[H:15])=[O:7])([O:4][H:8])[H:11],[C:0]([C:1]([O:5][H:9])([H:12])[H:13])([C:3]([C:2]([O:6][H:10])[H:15])=[O:7])[O:4][H:8].[H:11][H:14],93.33388050152487,86.29196889250477,TCIT fails
UQPHVQVXLPRNCX_53_1_0,[C:0]([C:1]([O:5][H:9])([H:12])[H:13])([C:3]([C:2]([O:6][H:10])([H:14])[H:15])=[O:7])([O:4][H:8])[H:11],[C:0]1([O:4][H:8])([H:11])[C:1]([H:12])([H:13])[O:5][C:3]1([C:2]([O:6][H:10])([H:14])[H:15])[O:7][H:9],51.52292251650484,49.81233161950762,12.027246653919693
UQPHVQVXLPRNCX_53_1_2,[C:0]([C:1]([O:5][H:9])([H:12])[H:13])([C:3]([C:2]([O:6][H:10])([H:14])[H:15])=[O:7])([O:4][H:8])[H:11],[C:0]1([O:4][H:8])([H:11])[C:1]([H:12])([H:13])[O:5][C:3]1([C:2]([O:6][H:10])([H:14])[H:15])[O:7][H:9],53.31948221499902,51.54425783948663,12.027246653919693
UQPHVQVXLPRNCX_72_1_1,[C:0]([C:1]([O:5][H:9])([H:12])[H:13])([C:3]([C:2]([O:6][H:10])([H:14])[H:15])=[O:7])([O:4][H:8])[H:11],[C:0]([C:1]([O:5][H:9])([H:12])[H:13])([C:3]1([O:7][H:10])[C:2]([H:14])([H:15])[O:6]1)([O:4][H:8])[H:11],56.923269273496125,54.92904408250162,13.567638623326973
UQPHVQVXLPRNCX_72_1_3,[C:0]([C:1]([O:5][H:9])([H:12])[H:13])([C:3]([C:2]([O:6][H:10])([H:14])[H:15])=[O:7])([O:4][H:8])[H:11],[C:0]([C:1]([O:5][H:9])([H:12])[H:13])([C:3]1([O:7][H:10])[C:2]([H:14])([H:15])[O:6]1)([O:4][H:8])[H:11],59.4766054290058,56.908836554996896,13.567638623326973
UQPHVQVXLPRNCX_72_1_2,[C:0]([C:1]([O:5][H:9])([H:12])[H:13])([C:3]([C:2]([O:6][H:10])([H:14])[H:15])=[O:7])([O:4][H:8])[H:11],[C:0]([C:1]([O:5][H:9])([H:12])[H:13])([C:3]1([O:7][H:10])[C:2]([H:14])([H:15])[O:6]1)([O:4][H:8])[H:11],58.09922207648772,55.59106660500665,13.567638623326973
UQPHVQVXLPRNCX_75_2_3,[C:0]([C:1]([O:5][H:9])([H:12])[H:13])([C:3]([C:2]([O:6][H:10])([H:14])[H:15])=[O:7])([O:4][H:8])[H:11],[C:0](=[C:1](/[O:5][H:9])[H:13])(\[C:3]([C:2]([O:6][H:10])([H:14])[H:15])([O:7][H:12])[H:11])[O:4][H:8],66.25998312400091,62.4629231394924,10.579827915869998
UQPHVQVXLPRNCX_76_0_2,[C:0]([C:1]([O:5][H:9])([H:12])[H:13])([C:3]([C:2]([O:6][H:10])([H:14])[H:15])=[O:7])([O:4][H:8])[H:11],[C:0]([C:1]([O:5][H:9])([H:12])[H:13])([C:3]1([H:14])[C:2]([O:6][H:10])([H:15])[O:7]1)([O:4][H:8])[H:11],55.13612221751384,53.96958205699848,26.728250478011475
UQPHVQVXLPRNCX_93_0_1,[C:0]([C:1]([O:5][H:9])([H:12])[H:13])([C:3]([C:2]([O:6][H:10])([H:14])[H:15])=[O:7])([O:4][H:8])[H:11],[C:0](=[C:3](\[C:2]([O:6][H:10])([H:14])[H:15])[O:7][H:9])(\[O:4][H:8])[H:11].[C:1](=[O:5])([H:12])[H:13],35.836440035515935,32.178687160012394,34.19574569789676
WESGJWRMMBFBMN_18_0_0,[C:0]1([C:2]([O:5][H:7])([H:10])[H:11])([O:4][H:6])[C:1]([H:8])([H:9])[O:3]1,[C:0]([C:1]([O:3][H:6])([H:8])[H:9])([C:2]([O:5][H:7])([H:10])[H:11])=[O:4],36.91638388496457,33.87735537650405,-14.846558317399616
WESGJWRMMBFBMN_18_0_2,[C:0]1([C:2]([O:5][H:7])([H:10])[H:11])([O:4][H:6])[C:1]([H:8])([H:9])[O:3]1,[C:0]([C:1]([O:3][H:6])([H:8])[H:9])([C:2]([O:5][H:7])([H:10])[H:11])=[O:4],36.26189147651186,33.37346524799214,-14.846558317399616
YFZAQUOSZLJSOF_50_0_0,[C:0]1([C:4]([O:10][H:15])([H:20])[H:21])([O:7][H:12])[C:1]([C:2]([C:3]([C:5]([O:11][H:16])([H:22])[H:23])([O:9][H:14])[H:19])([O:8][H:13])[H:18])([H:17])[O:6]1,[C:0]([C:1](=[O:6])[H:17])([C:2]([C:3]([C:5]([O:11][H:16])([H:22])[H:23])([O:9][H:14])[H:19])([O:8][H:13])[H:18])([C:4]([O:10][H:15])([H:20])[H:21])[O:7][H:12],43.21657926503817,40.34195824551925,-22.177581261950273
YFZAQUOSZLJSOF_65_1_0,[C:0]1([C:4]([O:10][H:15])([H:20])[H:21])([O:7][H:12])[C:1]([C:2]([C:3]([C:5]([O:11][H:16])([H:22])[H:23])([O:9][H:14])[H:19])([O:8][H:13])[H:18])([H:17])[O:6]1,[C:0]([C:1]1([H:17])[C:2]([O:8][H:13])([H:18])[C:3]([O:9][H:14])([H:19])[C:5]([H:22])([H:23])[O:11]1)([C:4]([O:10][H:15])([H:20])[H:21])([O:6][H:16])[O:7][H:12],42.02242868648551,38.94261206055663,-32.89794455066921
YFZAQUOSZLJSOF_65_1_1,[C:0]1([C:4]([O:10][H:15])([H:20])[H:21])([O:7][H:12])[C:1]([C:2]([C:3]([C:5]([O:11][H:16])([H:22])[H:23])([O:9][H:14])[H:19])([O:8][H:13])[H:18])([H:17])[O:6]1,[C:0]([C:1]1([H:17])[C:2]([O:8][H:13])([H:18])[C:3]([O:9][H:14])([H:19])[C:5]([H:22])([H:23])[O:11]1)([C:4]([O:10][H:15])([H:20])[H:21])([O:6][H:16])[O:7][H:12],36.74005371555306,34.802931889021394,-32.89794455066921
YFZAQUOSZLJSOF_68_0_2,[C:0]1([C:4]([O:10][H:15])([H:20])[H:21])([O:7][H:12])[C:1]([C:2]([C:3]([C:5]([O:11][H:16])([H:22])[H:23])([O:9][H:14])[H:19])([O:8][H:13])[H:18])([H:17])[O:6]1,[C:0]([C:1]([C:2]([C:3]([C:5]([O:11][H:16])([H:22])[H:23])([O:9][H:14])[H:19])([O:8][H:13])[H:18])([O:6][H:12])[H:17])([C:4]([O:10][H:15])([H:20])[H:21])=[O:7],32.94926882606437,32.16801949853933,-24.392208413001914
BNFCVHNGQJGIIA_161_0_2,[C:0]([C:1](/[C:5](=[C:3](/[C:4](=[O:10])[H:19])[O:8][H:13])[H:20])([O:7][H:12])[H:16])([C:2]([O:9][H:14])([H:17])[H:18])([O:6][H:11])[H:15],[C:0]([C:2]([O:9][H:14])([H:17])[H:18])(=[O:6])[H:15].[C:1](=[C:5](\[C:3]([C:4](=[O:10])[H:19])([O:8][H:13])[H:11])[H:20])(\[O:7][H:12])[H:16],43.93319511401238,39.32853040300969,23.912523900573603
BNFCVHNGQJGIIA_217_0_3,[C:0]([C:1](/[C:5](=[C:3](/[C:4](=[O:10])[H:19])[O:8][H:13])[H:20])([O:7][H:12])[H:16])([C:2]([O:9][H:14])([H:17])[H:18])([O:6][H:11])[H:15],[C:0]([C:2]([O:9][H:14])([H:17])[H:18])(=[O:6])[H:15].[C:1](=[C:5](\[C:3]([C:4](=[O:10])[H:19])([O:8][H:13])[H:11])[H:20])(\[O:7][H:12])[H:16],42.568989461032366,38.40232638099393,23.912523900573603
BNFCVHNGQJGIIA_169_1_0,[C:0]([C:1](/[C:5](=[C:3](\[C:4](=[O:10])[H:19])[O:8][H:13])[H:20])([O:7][H:12])[H:16])([C:2]([O:9][H:14])([H:17])[H:18])([O:6][H:11])[H:15],[C:0]([C:1]([C:5]1([H:20])[C:3](=[O:8])[C:4]1([O:10][H:13])[H:19])([O:7][H:12])[H:16])([C:2]([O:9][H:14])([H:17])[H:18])([O:6][H:11])[H:15],41.03159118606159,40.90357924802809,7.052820267686427
BNFCVHNGQJGIIA_235_0_0,[C:0]([C:1](/[C:5](=[C:3](\[C:4](=[O:10])[H:19])[O:8][H:13])[H:20])([O:7][H:12])[H:16])([C:2]([O:9][H:14])([H:17])[H:18])([O:6][H:11])[H:15],[C:0]([C:2]([O:9][H:14])([H:17])[H:18])([O:6][H:11])([O:10]/[C:4](=[C:3]([C:5](=[C:1](/[O:7][H:12])[H:16])\[H:20])/[O:8][H:13])[H:19])[H:15],42.69825641799136,41.61831256850705,2.936663479923499
BNFCVHNGQJGIIA_327_0_0,[C:0]([C:1](/[C:5](=[C:3](\[C:4](=[O:10])[H:19])[O:8][H:13])[H:20])([O:7][H:12])[H:16])([C:2]([O:9][H:14])([H:17])[H:18])([O:6][H:11])[H:15],[C:0]([C:1]([C:5](/[C:3](=[C:4](\[O:10][H:12])[H:19])[O:8][H:13])([H:16])[H:20])=[O:7])([C:2]([O:9][H:14])([H:17])[H:18])([O:6][H:11])[H:15],42.99506841152672,39.605262092524406,0.32385277246651634
BNFCVHNGQJGIIA_336_1_0,[C:0]([C:1](/[C:5](=[C:3](\[C:4](=[O:10])[H:19])[O:8][H:13])[H:20])([O:7][H:12])[H:16])([C:2]([O:9][H:14])([H:17])[H:18])([O:6][H:11])[H:15],[C:0](/[C:1](=[C:5]([C:3](=[C:4](\[O:10][H:16])[H:19])/[O:8][H:13])\[H:20])[O:7][H:12])([C:2]([O:9][H:14])([H:17])[H:18])([O:6][H:11])[H:15],45.40282236301158,42.43783997550679,-2.621892925430217
NGHTTWGPJSZSKH_124_1_1,[C:0]([C:1]([C:2]([O:10][H:16])([H:20])[H:21])([O:8][H:14])[H:19])(/[C:4](=[C:5](\[C:3]([O:11][H:17])([H:22])[H:23])[O:9][H:15])[O:7][H:13])([O:6][H:12])[H:18],[C:0](=[C:4](\[C:5](=[C:3]([H:22])[H:23])[O:9][H:15])[O:7][H:13])(\[O:6][H:12])[H:18].[C:1]([C:2]([O:10][H:16])([H:20])[H:21])(=[O:8])[H:19].[O:11]([H:14])[H:17],49.77593606852817,44.25134243056521,27.409655831739965
NGHTTWGPJSZSKH_124_1_2,[C:0]([C:1]([C:2]([O:10][H:16])([H:20])[H:21])([O:8][H:14])[H:19])(/[C:4](=[C:5](\[C:3]([O:11][H:17])([H:22])[H:23])[O:9][H:15])[O:7][H:13])([O:6][H:12])[H:18],[C:0](=[C:4](\[C:5](=[C:3]([H:22])[H:23])[O:9][H:15])[O:7][H:13])(\[O:6][H:12])[H:18].[C:1]([C:2]([O:10][H:16])([H:20])[H:21])(=[O:8])[H:19].[O:11]([H:14])[H:17],43.08793981750625,38.35651818753824,27.409655831739965
NGHTTWGPJSZSKH_124_1_3,[C:0]([C:1]([C:2]([O:10][H:16])([H:20])[H:21])([O:8][H:14])[H:19])(/[C:4](=[C:5](\[C:3]([O:11][H:17])([H:22])[H:23])[O:9][H:15])[O:7][H:13])([O:6][H:12])[H:18],[C:0](=[C:4](\[C:5](=[C:3]([H:22])[H:23])[O:9][H:15])[O:7][H:13])(\[O:6][H:12])[H:18].[C:1]([C:2]([O:10][H:16])([H:20])[H:21])(=[O:8])[H:19].[O:11]([H:14])[H:17],41.05920160399188,36.41625881351449,27.409655831739965
NGHTTWGPJSZSKH_158_1_2,[C:0]([C:1]([C:2]([O:10][H:16])([H:20])[H:21])([O:8][H:14])[H:19])(/[C:4](=[C:5](\[C:3]([O:11][H:17])([H:22])[H:23])[O:9][H:15])[O:7][H:13])([O:6][H:12])[H:18],[C:0]([C:1]([C:2]([O:10][H:16])([H:20])[H:21])([O:8][H:14])[H:19])(/[C:4](=[C:5](\[C:3]([H:22])[H:23])[O:9][H:15])[O:7][H:13])([O:6])[H:18].[O:11]([H:12])[H:17],37.03184563302976,33.59372108250676,TCIT fails
NGHTTWGPJSZSKH_364_0_3,[C:0]([C:1]([C:2]([O:10][H:16])([H:20])[H:21])([O:8][H:14])[H:19])(/[C:4](=[C:5](\[C:3]([O:11][H:17])([H:22])[H:23])[O:9][H:15])[O:7][H:13])([O:6][H:12])[H:18],[C:0]([C:1]([C:2]([O:10][H:16])([H:20])[H:21])([O:8][H:14])[H:19])(/[C:4](=[C:5](\[C:3]([H:22])[H:23])[O:9][H:15])[O:7][H:13])([O:6])[H:18].[O:11]([H:12])[H:17],35.79878946550398,32.07828564005187,TCIT fails
NGHTTWGPJSZSKH_158_1_3,[C:0]([C:1]([C:2]([O:10][H:16])([H:20])[H:21])([O:8][H:14])[H:19])(/[C:4](=[C:5](\[C:3]([O:11][H:17])([H:22])[H:23])[O:9][H:15])[O:7][H:13])([O:6][H:12])[H:18],[C:0]([C:1]([C:2]([O:10][H:16])([H:20])[H:21])([O:8][H:14])[H:19])([C:4]([C:5](=[C:3]([H:22])[H:23])[O:9][H:13])=[O:7])([O:6][H:12])[H:18].[O:11]([H:15])[H:17],46.99920653097612,42.634877958508696,4.510755258126206
NGHTTWGPJSZSKH_355_0_3,[C:0]([C:1]([C:2]([O:10][H:16])([H:20])[H:21])([O:8][H:14])[H:19])(/[C:4](=[C:5](\[C:3]([O:11][H:17])([H:22])[H:23])[O:9][H:15])[O:7][H:13])([O:6][H:12])[H:18],[C:0]([C:1]([C:2]([O:10][H:16])([H:20])[H:21])([O:8][H:14])[H:19])([C:4]([C:5](=[C:3]([H:22])[H:23])[O:9][H:13])=[O:7])([O:6][H:12])[H:18].[O:11]([H:15])[H:17],43.07915468452843,41.16023063352216,4.510755258126206
NGHTTWGPJSZSKH_359_0_1,[C:0]([C:1]([C:2]([O:10][H:16])([H:20])[H:21])([O:8][H:14])[H:19])(/[C:4](=[C:5](\[C:3]([O:11][H:17])([H:22])[H:23])[O:9][H:15])[O:7][H:13])([O:6][H:12])[H:18],[C:0]([C:1]([C:2]([O:10][H:16])([H:20])[H:21])([O:8][H:14])[H:19])([C:4]([C:5](=[C:3]([H:22])[H:23])[O:9][H:13])=[O:7])([O:6][H:12])[H:18].[O:11]([H:15])[H:17],41.618940078005465,39.09133181203784,4.510755258126206
NGHTTWGPJSZSKH_359_0_3,[C:0]([C:1]([C:2]([O:10][H:16])([H:20])[H:21])([O:8][H:14])[H:19])(/[C:4](=[C:5](\[C:3]([O:11][H:17])([H:22])[H:23])[O:9][H:15])[O:7][H:13])([O:6][H:12])[H:18],[C:0]([C:1]([C:2]([O:10][H:16])([H:20])[H:21])([O:8][H:14])[H:19])([C:4]([C:5](=[C:3]([H:22])[H:23])[O:9][H:13])=[O:7])([O:6][H:12])[H:18].[O:11]([H:15])[H:17],45.76740538251851,43.94951036104253,4.510755258126206
NGHTTWGPJSZSKH_161_0_0,[C:0]([C:1]([C:2]([O:10][H:16])([H:20])[H:21])([O:8][H:14])[H:19])(/[C:4](=[C:5](\[C:3]([O:11][H:17])([H:22])[H:23])[O:9][H:15])[O:7][H:13])([O:6][H:12])[H:18],[C:0]1([C:1]([C:2]([O:10][H:16])([H:20])[H:21])([O:8][H:14])[H:19])([H:18])[C:4]([C:5](=[C:3]([H:22])[H:23])[O:9][H:15])([O:7][H:13])[O:6]1.[O:11]([H:12])[H:17],50.02944990645882,44.2099268035271,25.773661567877653
NGHTTWGPJSZSKH_304_0_1,[C:0]([C:1]([C:2]([O:10][H:16])([H:20])[H:21])([O:8][H:14])[H:19])(/[C:4](=[C:5](\[C:3]([O:11][H:17])([H:22])[H:23])[O:9][H:15])[O:7][H:13])([O:6][H:12])[H:18],[C:0]1([C:1]([C:2]([O:10][H:16])([H:20])[H:21])([O:8][H:14])[H:19])([H:18])[C:4]([C:5](=[C:3]([H:22])[H:23])[O:9][H:15])([O:7][H:13])[O:6]1.[O:11]([H:12])[H:17],46.40495503447833,41.49971327302113,25.773661567877653
NGHTTWGPJSZSKH_209_8_3,[C:0]([C:1]([C:2]([O:10][H:16])([H:20])[H:21])([O:8][H:14])[H:19])(/[C:4](=[C:5](\[C:3]([O:11][H:17])([H:22])[H:23])[O:9][H:15])[O:7][H:13])([O:6][H:12])[H:18],[C:0](=[C:4](\[C:5]([C:3]([O:11][H:17])([H:22])[H:23])([O:9][H:15])[H:14])[O:7][H:13])(\[O:6][H:12])[H:18].[C:1]([C:2]([O:10][H:16])([H:20])[H:21])(=[O:8])[H:19],47.55204240050713,44.270795225016094,24.528919694072687
NGHTTWGPJSZSKH_211_0_0,[C:0]([C:1]([C:2]([O:10][H:16])([H:20])[H:21])([O:8][H:14])[H:19])(/[C:4](=[C:5](\[C:3]([O:11][H:17])([H:22])[H:23])[O:9][H:15])[O:7][H:13])([O:6][H:12])[H:18],[C:0](=[C:4](\[C:5]([C:3]([O:11][H:17])([H:22])[H:23])([O:9][H:15])[H:14])[O:7][H:13])(\[O:6][H:12])[H:18].[C:1]([C:2]([O:10][H:16])([H:20])[H:21])(=[O:8])[H:19],44.670518776505645,41.18533101353013,24.528919694072687
NGHTTWGPJSZSKH_258_1_3,[C:0]([C:1]([C:2]([O:10][H:16])([H:20])[H:21])([O:8][H:14])[H:19])(/[C:4](=[C:5](\[C:3]([O:11][H:17])([H:22])[H:23])[O:9][H:15])[O:7][H:13])([O:6][H:12])[H:18],[C:0](=[C:4](/[C:5]([C:3]([O:11][H:17])([H:22])[H:23])([O:9][H:15])[H:14])[O:7][H:13])(\[O:6][H:12])[H:18].[C:1]([C:2]([O:10][H:16])([H:20])[H:21])(=[O:8])[H:19],47.61040078400247,42.56710693253712,24.528919694072687
NGHTTWGPJSZSKH_214_11_2,[C:0]([C:1]([C:2]([O:10][H:16])([H:20])[H:21])([O:8][H:14])[H:19])(/[C:4](=[C:5](\[C:3]([O:11][H:17])([H:22])[H:23])[O:9][H:15])[O:7][H:13])([O:6][H:12])[H:18],[C:0]([C:1]([C:2]([O:10][H:17])([H:20])[H:21])([O:8][H:14])[H:19])([C:4]([C:5]([C:3]([O:11][H:15])([H:22])[H:23])=[O:9])([O:7][H:13])[H:16])([O:6][H:12])[H:18],45.94750060899185,42.828150884520106,-4.635277246653921
NGHTTWGPJSZSKH_214_6_2,[C:0]([C:1]([C:2]([O:10][H:15])([H:20])[H:21])([O:8][H:14])[H:19])(/[C:4](=[C:5](\[C:3]([O:11][H:17])([H:22])[H:23])[O:9][H:13])[O:7][H:16])([O:6][H:12])[H:18],[C:0]([C:1]([C:2]([O:10][H:16])([H:20])[H:21])([O:8][H:14])[H:19])([C:4]([C:5]([C:3]([O:11][H:17])([H:22])[H:23])=[O:9])([O:7][H:13])[H:15])([O:6][H:12])[H:18],47.95615851855693,43.70352663702152,-4.635277246653921
NGHTTWGPJSZSKH_216_0_3,[C:0]([C:1]([C:2]([O:10][H:16])([H:20])[H:21])([O:8][H:14])[H:19])(/[C:4](=[C:5](\[C:3]([O:11][H:17])([H:22])[H:23])[O:9][H:15])[O:7][H:13])([O:6][H:12])[H:18],[C:0]([C:1]([C:2]([O:10][H:17])([H:20])[H:21])([O:8][H:14])[H:19])([C:4]([C:5]([C:3]([O:11])([H:22])[H:23])[O:9][H:15])([O:7][H:13])[H:16])([O:6][H:12])[H:18],40.74921191106113,36.8774782960628,TCIT fails
NGHTTWGPJSZSKH_331_0_1,[C:0]([C:1]([C:2]([O:10][H:14])([H:20])[H:21])([O:8][H:13])[H:19])(/[C:4](=[C:5](\[C:3]([O:11][H:17])([H:22])[H:23])[O:9][H:15])[O:7][H:16])([O:6][H:12])[H:18],[C:0]([C:1]([C:2]([O:10][H:16])([H:20])[H:21])([O:8][H:14])[H:19])([C:4]([C:5]([C:3]([O:11][H:17])([H:22])[H:23])([O:9][H:15])[H:13])=[O:7])([O:6][H:12])[H:18],38.42491672307957,36.7576239815087,-2.488288718929268
NGHTTWGPJSZSKH_364_0_1,[C:0]([C:1]([C:2]([O:10][H:16])([H:20])[H:21])([O:8][H:14])[H:19])(/[C:4](=[C:5](\[C:3]([O:11][H:17])([H:22])[H:23])[O:9][H:15])[O:7][H:13])([O:6][H:12])[H:18],[C:0]1([O:6][H:12])([H:18])[C:1]([O:8][H:14])([H:19])[C:2]([H:20])([H:21])[O:10][C:4]1([C:5](=[C:3]([H:22])[H:23])[O:9][H:15])[O:7][H:13].[O:11]([H:16])[H:17],44.03736169103474,40.0903269360125,3.1006214149139475
NGHTTWGPJSZSKH_39_0_2,[C:0]([C:1]([C:2]([O:10][H:16])([H:20])[H:21])([O:8][H:14])[H:19])(/[C:4](=[C:5](\[C:3]([O:11][H:17])([H:22])[H:23])[O:9][H:15])[O:7][H:13])([O:6][H:12])[H:18],[C:0]1([O:6][H:12])([H:18])[C:1]([C:2]([O:10][H:16])([H:20])[H:21])([H:19])[O:8][C:4]1([C:5](=[C:3]([H:22])[H:23])[O:9][H:15])[O:7][H:13].[O:11]([H:14])[H:17],45.839568974979,40.891656567558194,23.215105162523916
NGHTTWGPJSZSKH_44_0_2,[C:0]([C:1]([C:2]([O:10][H:16])([H:20])[H:21])([O:8][H:14])[H:19])(/[C:4](=[C:5](\[C:3]([O:11][H:17])([H:22])[H:23])[O:9][H:15])[O:7][H:13])([O:6][H:12])[H:18],[C:0](\[C:1]([C:2]([O:10][H:13])([H:20])[H:21])([O:8][H:14])[H:19])(=[C:4](/[C:5]([C:3]([O:11][H:17])([H:22])[H:23])=[O:9])[O:7][H:15])[H:18].[O:6]([H:12])[H:16],31.98164917701049,31.172161922056745,9.720124282982814
NGHTTWGPJSZSKH_44_0_3,[C:0]([C:1]([C:2]([O:10][H:16])([H:20])[H:21])([O:8][H:14])[H:19])(/[C:4](=[C:5](\[C:3]([O:11][H:17])([H:22])[H:23])[O:9][H:15])[O:7][H:13])([O:6][H:12])[H:18],[C:0](\[C:1]([C:2]([O:10][H:13])([H:20])[H:21])([O:8][H:14])[H:19])(=[C:4](/[C:5]([C:3]([O:11][H:17])([H:22])[H:23])=[O:9])[O:7][H:15])[H:18].[O:6]([H:12])[H:16],37.15609251400142,33.67717984601006,9.720124282982814
UQPHVQVXLPRNCX_39_1_3,[C:0]([C:1]([O:5][H:9])([H:12])[H:13])([C:3]([C:2]([O:6][H:10])([H:14])[H:15])=[O:7])([O:4][H:8])[H:11],[C:0]([C:3]([C:1]([O:5][H:9])([H:12])[H:13])([C:2]([O:6][H:10])([H:14])[H:15])[O:7][H:8])(=[O:4])[H:11],41.50410583947436,40.14241022448802,5.154158699808808
UQPHVQVXLPRNCX_99_0_2,[C:0]([C:1]([O:5][H:9])([H:12])[H:13])([C:3]([C:2]([O:6][H:10])([H:14])[H:15])=[O:7])([O:4][H:8])[H:11],[C:0]([C:1]([O:5][H:9])([H:12])[H:13])([C:3]([C:2](=[O:6])[H:15])([O:7][H:10])[H:14])([O:4][H:8])[H:11],42.85576130248607,40.91048185251066,3.8742829827915957
WESGJWRMMBFBMN_15_0_2,[C:0]1([C:2]([O:5][H:7])([H:10])[H:11])([O:4][H:6])[C:1]([H:8])([H:9])[O:3]1,[C:0]([C:1]([O:3][H:6])([H:8])[H:9])([C:2]([O:5][H:7])([H:10])[H:11])=[O:4],35.69211285052363,32.5012270429828,-14.846558317399616
YFZAQUOSZLJSOF_124_0_3,[C:0]1([C:4]([O:10][H:15])([H:20])[H:21])([O:7][H:12])[C:1]([C:2]([C:3]([C:5]([O:11][H:16])([H:22])[H:23])([O:9][H:14])[H:19])([O:8][H:13])[H:18])([H:17])[O:6]1,[C:0]([C:4]([O:10][H:15])([H:20])[H:21])([O:6]/[C:1](=[C:2](\[C:3]([C:5]([O:11][H:16])([H:22])[H:23])([O:9][H:14])[H:19])[H:18])[H:17])=[O:7].[O:8]([H:12])[H:13],40.410356781060585,35.7492162150578,-15.346558317399627
YFZAQUOSZLJSOF_141_0_0,[C:0]1([C:4]([O:10][H:15])([H:20])[H:21])([O:7][H:12])[C:1]([C:2]([C:3]([C:5]([O:11][H:16])([H:22])[H:23])([O:9][H:14])[H:19])([O:8][H:13])[H:18])([H:17])[O:6]1,[C:0]([C:4]([O:10][H:15])([H:20])[H:21])([O:6]/[C:1](=[C:2](\[C:3]([C:5]([O:11][H:16])([H:22])[H:23])([O:9][H:14])[H:19])[H:18])[H:17])=[O:7].[O:8]([H:12])[H:13],43.965198098574255,39.32853040300969,-15.346558317399627
YFZAQUOSZLJSOF_1_2_2,[C:0]1([C:4]([O:10][H:15])([H:20])[H:21])([O:7][H:13])[C:1]([C:2]([C:3]([C:5]([O:11][H:16])([H:22])[H:23])([O:9][H:14])[H:19])([O:8][H:12])[H:18])([H:17])[O:6]1,[C:0]([C:1]([C:2]([C:3]([C:5]([O:11][H:16])([H:22])[H:23])([O:9][H:14])[H:19])([O:8][H:12])[H:18])([O:6][H:13])[H:17])([C:4]([O:10][H:15])([H:20])[H:21])=[O:7],43.512763749003774,41.14077783899994,-24.392208413001914
YFZAQUOSZLJSOF_50_0_1,[C:0]1([C:4]([O:10][H:15])([H:20])[H:21])([O:7][H:12])[C:1]([C:2]([C:3]([C:5]([O:11][H:16])([H:22])[H:23])([O:9][H:14])[H:19])([O:8][H:13])[H:18])([H:17])[O:6]1,[C:0]([C:1]([C:2]([C:3]([C:5]([O:11][H:16])([H:22])[H:23])([O:9][H:14])[H:19])([O:8][H:13])[H:18])([O:6][H:12])[H:17])([C:4]([O:10][H:15])([H:20])[H:21])=[O:7],30.581675482549446,28.055322235507315,-24.392208413001914
YFZAQUOSZLJSOF_50_0_2,[C:0]1([C:4]([O:10][H:15])([H:20])[H:21])([O:7][H:12])[C:1]([C:2]([C:3]([C:5]([O:11][H:16])([H:22])[H:23])([O:9][H:14])[H:19])([O:8][H:13])[H:18])([H:17])[O:6]1,[C:0]([C:1]([C:2]([C:3]([C:5]([O:11][H:16])([H:22])[H:23])([O:9][H:14])[H:19])([O:8][H:13])[H:18])([O:6][H:12])[H:17])([C:4]([O:10][H:15])([H:20])[H:21])=[O:7],36.64969234749584,34.10137626800916,-24.392208413001914
YFZAQUOSZLJSOF_50_0_3,[C:0]1([C:4]([O:10][H:15])([H:20])[H:21])([O:7][H:12])[C:1]([C:2]([C:3]([C:5]([O:11][H:16])([H:22])[H:23])([O:9][H:14])[H:19])([O:8][H:13])[H:18])([H:17])[O:6]1,[C:0]([C:1]([C:2]([C:3]([C:5]([O:11][H:16])([H:22])[H:23])([O:9][H:14])[H:19])([O:8][H:13])[H:18])([O:6][H:12])[H:17])([C:4]([O:10][H:15])([H:20])[H:21])=[O:7],29.777208303511685,27.486798628515903,-24.392208413001914
YFZAQUOSZLJSOF_51_0_3,[C:0]1([C:4]([O:10][H:15])([H:20])[H:21])([O:7][H:12])[C:1]([C:2]([C:3]([C:5]([O:11][H:16])([H:22])[H:23])([O:9][H:14])[H:19])([O:8][H:13])[H:18])([H:17])[O:6]1,[C:0]([C:1]([C:2]([C:3]([C:5]([O:11][H:16])([H:22])[H:23])([O:9][H:14])[H:19])([O:8][H:13])[H:18])([O:6])[H:17])([C:4]([O:10][H:15])([H:20])[H:21])[O:7][H:12],29.99746413802631,26.17530377354549,TCIT fails
YFZAQUOSZLJSOF_52_0_2,[C:0]1([C:4]([O:10][H:15])([H:20])[H:21])([O:7][H:12])[C:1]([C:2]([C:3]([C:5]([O:11][H:16])([H:22])[H:23])([O:9][H:14])[H:19])([O:8][H:13])[H:18])([H:17])[O:6]1,[C:0]([C:1]([C:2]([C:3]([C:5]([O:11][H:16])([H:22])[H:23])([O:9][H:14])[H:19])([O:8][H:13])[H:18])([O:6])[H:17])([C:4]([O:10][H:15])([H:20])[H:21])[O:7][H:12],40.78435244304375,36.6358871385307,TCIT fails
YFZAQUOSZLJSOF_67_0_0,[C:0]1([C:4]([O:10][H:15])([H:20])[H:21])([O:7][H:12])[C:1]([C:2]([C:3]([C:5]([O:11][H:16])([H:22])[H:23])([O:9][H:14])[H:19])([O:8][H:13])[H:18])([H:17])[O:6]1,[C:0]([C:1]([C:2]([C:3]([C:5]([O:11][H:16])([H:22])[H:23])([O:9][H:14])[H:19])([O:8][H:13])[H:18])([O:6])[H:17])([C:4]([O:10][H:15])([H:20])[H:21])[O:7][H:12],35.21206808305852,33.37095520999847,TCIT fails
YFZAQUOSZLJSOF_52_0_0,[C:0]1([C:4]([O:10][H:15])([H:20])[H:21])([O:7][H:12])[C:1]([C:2]([C:3]([C:5]([O:11][H:16])([H:22])[H:23])([O:9][H:14])[H:19])([O:8][H:13])[H:18])([H:17])[O:6]1,[C:0]([C:1]([C:2]([C:3]([C:5]([O:11][H:16])([H:22])[H:23])([O:9][H:14])[H:19])([O:8][H:13])[H:18])=[O:6])([C:4]([O:10][H:15])([H:20])[H:21])([O:7][H:12])[H:17],41.27192732452552,37.84258790705167,-22.245219885277262
YFZAQUOSZLJSOF_72_0_0,[C:0]1([C:4]([O:10][H:15])([H:20])[H:21])([O:7][H:12])[C:1]([C:2]([C:3]([C:5]([O:11][H:16])([H:22])[H:23])([O:9][H:14])[H:19])([O:8][H:13])[H:18])([H:17])[O:6]1,[C:0]([C:1]([C:2]([C:3]([C:5]([O:11][H:16])([H:22])[H:23])([O:9][H:14])[H:19])([O:8][H:13])[H:18])([O:6])[H:17])([C:4]([O:10][H:15])([H:20])[H:21])[O:7][H:12],22.565869129526973,21.24747167000265,TCIT fails
BXMMDTDOWCVDIM_262_0_0,[C:0]1([O:7][H:11])([H:15])[C:4]([O:9][H:13])=[C:5]([H:20])[C:1]([C:2]([C:3]([O:10][H:14])([H:18])[H:19])([O:8][H:12])[H:17])([H:16])[O:6]1,[C:0]1([O:7][H:11])([H:15])[C:4]([O:9][H:13])([H:18])[C:5]([H:14])([H:20])[C:1]([C:2]([C:3](=[O:10])[H:19])([O:8][H:12])[H:17])([H:16])[O:6]1,57.28973482146264,55.07776383398284,-1.6895315487571878
BXMMDTDOWCVDIM_41_0_2,[C:0]1([O:7][H:11])([H:15])[C:4]([O:9][H:13])=[C:5]([H:20])[C:1]([C:2]([C:3]([O:10][H:14])([H:18])[H:19])([O:8][H:12])[H:17])([H:16])[O:6]1,[C:0](/[C:4](=[C:5](\[C:1]([C:2]([C:3]([O:10][H:14])([H:18])[H:19])([O:8][H:12])[H:17])([O:6][H:11])[H:16])[H:20])[O:9][H:13])(=[O:7])[H:15],48.18017940999071,44.85688909796314,1.1443594646271535
BXMMDTDOWCVDIM_67_0_1,[C:0]1([O:7][H:11])([H:15])[C:4]([O:9][H:13])=[C:5]([H:20])[C:1]([C:2]([C:3]([O:10][H:14])([H:18])[H:19])([O:8][H:12])[H:17])([H:16])[O:6]1,[C:0]1(=[O:7])[C:4]([O:9][H:13])=[C:5]([H:20])[C:1]([C:2]([C:3]([O:10][H:14])([H:18])[H:19])([O:8][H:12])[H:17])([H:16])[O:6]1.[H:11][H:15],78.71981175600362,73.21718095048521,-4.365200764818358
DWJZKGYQNOQQEZ_123_1_0,[C:0]([C:1]([C:3]([O:9][H:15])([H:20])[H:21])([O:7][H:13])[H:18])([C:5]([C:2]([C:4]([O:10][H:16])([H:22])[H:23])([O:8][H:14])[H:19])=[O:11])([O:6][H:12])[H:17],[C:0]1([O:6][H:12])([H:17])[C:1]([C:3]([O:9][H:15])([H:20])[H:21])([H:18])[O:7][C:5]1([C:2]([C:4]([O:10][H:16])([H:22])[H:23])([O:8][H:14])[H:19])[O:11][H:13],57.49242039002162,52.72523071850123,7.242351816443627
DWJZKGYQNOQQEZ_123_1_1,[C:0]([C:1]([C:3]([O:9][H:15])([H:20])[H:21])([O:7][H:13])[H:18])([C:5]([C:2]([C:4]([O:10][H:16])([H:22])[H:23])([O:8][H:14])[H:19])=[O:11])([O:6][H:12])[H:17],[C:0]1([O:6][H:12])([H:17])[C:1]([C:3]([O:9][H:15])([H:20])[H:21])([H:18])[O:7][C:5]1([C:2]([C:4]([O:10][H:16])([H:22])[H:23])([O:8][H:14])[H:19])[O:11][H:13],56.275051960027575,53.663984930485306,7.242351816443627
DWJZKGYQNOQQEZ_123_1_2,[C:0]([C:1]([C:3]([O:9][H:15])([H:20])[H:21])([O:7][H:13])[H:18])([C:5]([C:2]([C:4]([O:10][H:16])([H:22])[H:23])([O:8][H:14])[H:19])=[O:11])([O:6][H:12])[H:17],[C:0]1([O:6][H:12])([H:17])[C:1]([C:3]([O:9][H:15])([H:20])[H:21])([H:18])[O:7][C:5]1([C:2]([C:4]([O:10][H:16])([H:22])[H:23])([O:8][H:14])[H:19])[O:11][H:13],55.88536856058402,52.03497026846048,7.242351816443627
DWJZKGYQNOQQEZ_133_1_1,[C:0]([C:1]([C:3]([O:9][H:15])([H:20])[H:21])([O:7][H:13])[H:18])([C:5]([C:2]([C:4]([O:10][H:16])([H:22])[H:23])([O:8][H:14])[H:19])=[O:11])([O:6][H:12])[H:17],[C:0]([C:1](=[O:7])[H:18])([C:5]([C:2]([C:4]([O:10][H:16])([H:22])[H:23])([O:8][H:14])[H:19])([C:3]([O:9][H:15])([H:20])[H:21])[O:11][H:13])([O:6][H:12])[H:17],70.54022542353796,66.34155935900898,1.7578871892925474
DWJZKGYQNOQQEZ_133_1_2,[C:0]([C:1]([C:3]([O:9][H:15])([H:20])[H:21])([O:7][H:13])[H:18])([C:5]([C:2]([C:4]([O:10][H:16])([H:22])[H:23])([O:8][H:14])[H:19])=[O:11])([O:6][H:12])[H:17],[C:0]([C:1](=[O:7])[H:18])([C:5]([C:2]([C:4]([O:10][H:16])([H:22])[H:23])([O:8][H:14])[H:19])([C:3]([O:9][H:15])([H:20])[H:21])[O:11][H:13])([O:6][H:12])[H:17],63.92564778404471,60.796885416954034,1.7578871892925474
DWJZKGYQNOQQEZ_13_4_1,[C:0]([C:1]([C:3]([O:9][H:15])([H:20])[H:21])([O:7][H:13])[H:18])([C:5]([C:2]([C:4]([O:10][H:16])([H:22])[H:23])([O:8][H:14])[H:19])=[O:11])([O:6][H:12])[H:17],[C:0]([C:1]([C:3]([O:9][H:15])([H:20])[H:21])=[O:7])([C:5]([C:2]([C:4]([O:10][H:16])([H:22])[H:23])([O:8][H:14])[H:19])([O:11][H:13])[H:18])([O:6][H:12])[H:17],55.947492001069854,51.77518133547433,-2.1469885277246528
DWJZKGYQNOQQEZ_13_4_2,[C:0]([C:1]([C:3]([O:9][H:15])([H:20])[H:21])([O:7][H:13])[H:18])([C:5]([C:2]([C:4]([O:10][H:16])([H:22])[H:23])([O:8][H:14])[H:19])=[O:11])([O:6][H:12])[H:17],[C:0]([C:1]([C:3]([O:9][H:15])([H:20])[H:21])=[O:7])([C:5]([C:2]([C:4]([O:10][H:16])([H:22])[H:23])([O:8][H:14])[H:19])([O:11][H:13])[H:18])([O:6][H:12])[H:17],57.60725462851705,52.57462843845342,-2.1469885277246528
DWJZKGYQNOQQEZ_13_4_3,[C:0]([C:1]([C:3]([O:9][H:15])([H:20])[H:21])([O:7][H:13])[H:18])([C:5]([C:2]([C:4]([O:10][H:16])([H:22])[H:23])([O:8][H:14])[H:19])=[O:11])([O:6][H:12])[H:17],[C:0]([C:1]([C:3]([O:9][H:15])([H:20])[H:21])=[O:7])([C:5]([C:2]([C:4]([O:10][H:16])([H:22])[H:23])([O:8][H:14])[H:19])([O:11][H:13])[H:18])([O:6][H:12])[H:17],61.30014803603887,56.11189949001146,-2.1469885277246528
DWJZKGYQNOQQEZ_13_6_0,[C:0]([C:1]([C:3]([O:9][H:15])([H:20])[H:21])([O:7][H:13])[H:18])([C:5]([C:2]([C:4]([O:10][H:16])([H:22])[H:23])([O:8][H:14])[H:19])=[O:11])([O:6][H:12])[H:17],[C:0]([C:1]([C:3]([O:9][H:15])([H:20])[H:21])([O:7][H:13])[H:18])([C:5]([C:2]([C:4]([O:10][H:16])([H:22])[H:23])=[O:8])([O:11][H:14])[H:19])([O:6][H:12])[H:17],46.9904213979983,42.25586222046686,-2.1469885277246528
DWJZKGYQNOQQEZ_13_6_1,[C:0]([C:1]([C:3]([O:9][H:15])([H:20])[H:21])([O:7][H:13])[H:18])([C:5]([C:2]([C:4]([O:10][H:16])([H:22])[H:23])([O:8][H:14])[H:19])=[O:11])([O:6][H:12])[H:17],[C:0]([C:1]([C:3]([O:9][H:15])([H:20])[H:21])([O:7][H:13])[H:18])([C:5]([C:2]([C:4]([O:10][H:16])([H:22])[H:23])=[O:8])([O:11][H:14])[H:19])([O:6][H:12])[H:17],49.83178441402984,45.43921791399103,-2.1469885277246528
DWJZKGYQNOQQEZ_13_6_2,[C:0]([C:1]([C:3]([O:9][H:15])([H:20])[H:21])([O:7][H:13])[H:18])([C:5]([C:2]([C:4]([O:10][H:16])([H:22])[H:23])([O:8][H:14])[H:19])=[O:11])([O:6][H:12])[H:17],[C:0]([C:1]([C:3]([O:9][H:15])([H:20])[H:21])([O:7][H:13])[H:18])([C:5]([C:2]([C:4]([O:10][H:16])([H:22])[H:23])=[O:8])([O:11][H:14])[H:19])([O:6][H:12])[H:17],49.532462382500825,43.836558650971,-2.1469885277246528
DWJZKGYQNOQQEZ_13_6_3,[C:0]([C:1]([C:3]([O:9][H:15])([H:20])[H:21])([O:7][H:13])[H:18])([C:5]([C:2]([C:4]([O:10][H:16])([H:22])[H:23])([O:8][H:14])[H:19])=[O:11])([O:6][H:12])[H:17],[C:0]([C:1]([C:3]([O:9][H:15])([H:20])[H:21])([O:7][H:13])[H:18])([C:5]([C:2]([C:4]([O:10][H:16])([H:22])[H:23])=[O:8])([O:11][H:14])[H:19])([O:6][H:12])[H:17],51.91762599204273,47.36504456947988,-2.1469885277246528
DWJZKGYQNOQQEZ_165_0_0,[C:0]([C:1]([C:3]([O:9][H:15])([H:20])[H:21])([O:7][H:13])[H:18])([C:5]([C:2]([C:4]([O:10][H:16])([H:22])[H:23])([O:8][H:14])[H:19])=[O:11])([O:6][H:12])[H:17],[C:0]([C:1]([C:3]([O:9][H:15])([H:20])[H:21])([O:7][H:13])[H:18])([C:5]([O:10][H:16])=[O:11])([O:6][H:12])[H:17].[C:2](=[C:4]([H:22])[H:23])([O:8][H:14])[H:19],63.99592884800994,59.72572670044755,3.414674952198861
DWJZKGYQNOQQEZ_165_0_1,[C:0]([C:1]([C:3]([O:9][H:15])([H:20])[H:21])([O:7][H:13])[H:18])([C:5]([C:2]([C:4]([O:10][H:16])([H:22])[H:23])([O:8][H:14])[H:19])=[O:11])([O:6][H:12])[H:17],[C:0]([C:1]([C:3]([O:9][H:15])([H:20])[H:21])([O:7][H:13])[H:18])([C:5]([O:10][H:16])=[O:11])([O:6][H:12])[H:17].[C:2](=[C:4]([H:22])[H:23])([O:8][H:14])[H:19],57.4836352570438,54.62344695598844,3.414674952198861
DWJZKGYQNOQQEZ_165_0_3,[C:0]([C:1]([C:3]([O:9][H:15])([H:20])[H:21])([O:7][H:13])[H:18])([C:5]([C:2]([C:4]([O:10][H:16])([H:22])[H:23])([O:8][H:14])[H:19])=[O:11])([O:6][H:12])[H:17],[C:0]([C:1]([C:3]([O:9][H:15])([H:20])[H:21])([O:7][H:13])[H:18])([C:5]([O:10][H:16])=[O:11])([O:6][H:12])[H:17].[C:2](=[C:4]([H:22])[H:23])([O:8][H:14])[H:19],55.846462971539566,52.42277113948013,3.414674952198861
DWJZKGYQNOQQEZ_183_1_2,[C:0]([C:1]([C:3]([O:9][H:15])([H:20])[H:21])([O:7][H:13])[H:18])([C:5]([C:2]([C:4]([O:10][H:16])([H:22])[H:23])([O:8][H:14])[H:19])=[O:11])([O:6][H:12])[H:17],[C:0]([C:1]([C:3]([O:9][H:15])([H:20])[H:21])([O:7][H:13])[H:18])([C:5]1([O:11][H:14])[C:2]([C:4]([O:10][H:16])([H:22])[H:23])([H:19])[O:8]1)([O:6][H:12])[H:17],54.41009372602773,51.59634112799782,18.392447418738065
DWJZKGYQNOQQEZ_193_0_2,[C:0]([C:1]([C:3]([O:9][H:15])([H:20])[H:21])([O:7][H:13])[H:18])([C:5]([C:2]([C:4]([O:10][H:16])([H:22])[H:23])([O:8][H:14])[H:19])=[O:11])([O:6][H:12])[H:17],[C:0]([C:1]([C:3]([O:9][H:15])([H:20])[H:21])([O:7][H:13])[H:18])([C:5]([C:2](=[C:4]([H:22])[H:23])[O:8][H:14])=[O:11])([O:6][H:12])[H:17].[O:10]([H:16])[H:19],57.05065370206688,55.21142335750208,6.999043977055474
DWJZKGYQNOQQEZ_193_0_3,[C:0]([C:1]([C:3]([O:9][H:15])([H:20])[H:21])([O:7][H:13])[H:18])([C:5]([C:2]([C:4]([O:10][H:16])([H:22])[H:23])([O:8][H:14])[H:19])=[O:11])([O:6][H:12])[H:17],[C:0]([C:1]([C:3]([O:9][H:15])([H:20])[H:21])([O:7][H:13])[H:18])([C:5]([C:2](=[C:4]([H:22])[H:23])[O:8][H:14])=[O:11])([O:6][H:12])[H:17].[O:10]([H:16])[H:19],62.94736047351776,56.74568408498078,6.999043977055474
DWJZKGYQNOQQEZ_196_10_0,[C:0]([C:1]([C:3]([O:9][H:15])([H:20])[H:21])([O:7][H:13])[H:18])([C:5]([C:2]([C:4]([O:10][H:16])([H:22])[H:23])([O:8][H:14])[H:19])=[O:11])([O:6][H:12])[H:17],[C:0]([C:1]([C:3]([O:9][H:19])([H:20])[H:21])([O:7][H:13])[H:18])(/[C:5](=[C:2](\[C:4]([O:10][H:16])([H:22])[H:23])[O:8][H:14])[O:11][H:15])([O:6][H:12])[H:17],49.50798951199127,46.8542518364854,2.488288718929268
DWJZKGYQNOQQEZ_196_10_3,[C:0]([C:1]([C:3]([O:9][H:15])([H:20])[H:21])([O:7][H:13])[H:18])([C:5]([C:2]([C:4]([O:10][H:16])([H:22])[H:23])([O:8][H:14])[H:19])=[O:11])([O:6][H:12])[H:17],[C:0]([C:1]([C:3]([O:9][H:19])([H:20])[H:21])([O:7][H:13])[H:18])(/[C:5](=[C:2](/[C:4]([O:10][H:16])([H:22])[H:23])[O:8][H:14])[O:11][H:15])([O:6][H:12])[H:17],49.87696509798711,46.88688233047435,2.488288718929268
DWJZKGYQNOQQEZ_196_11_3,[C:0]([C:1]([C:3]([O:9][H:15])([H:20])[H:21])([O:7][H:13])[H:18])([C:5]([C:2]([C:4]([O:10][H:16])([H:22])[H:23])([O:8][H:14])[H:19])=[O:11])([O:6][H:12])[H:17],[C:0]([C:1]([C:3]([O:9][H:15])([H:20])[H:21])([O:7][H:13])[H:18])(/[C:5](=[C:2](/[C:4]([O:10][H:19])([H:22])[H:23])[O:8][H:14])[O:11][H:16])([O:6][H:12])[H:17],57.05065370206688,55.21142335750208,2.488288718929268
DWJZKGYQNOQQEZ_207_1_0,[C:0]([C:1]([C:3]([O:9][H:15])([H:20])[H:21])([O:7][H:13])[H:18])([C:5]([C:2]([C:4]([O:10][H:16])([H:22])[H:23])([O:8][H:14])[H:19])=[O:11])([O:6][H:12])[H:17],[C:0]1([O:6][H:12])([H:17])[C:1]([O:7][H:13])([H:18])[C:3]([H:20])([H:21])[O:9][C:5]1([C:2]([C:4]([O:10][H:16])([H:22])[H:23])([O:8][H:14])[H:19])[O:11][H:15],40.0702466320632,37.53699078046716,-12.553298279158678
DWJZKGYQNOQQEZ_207_1_1,[C:0]([C:1]([C:3]([O:9][H:15])([H:20])[H:21])([O:7][H:13])[H:18])([C:5]([C:2]([C:4]([O:10][H:16])([H:22])[H:23])([O:8][H:14])[H:19])=[O:11])([O:6][H:12])[H:17],[C:0]1([O:6][H:12])([H:17])[C:1]([O:7][H:13])([H:18])[C:3]([H:20])([H:21])[O:9][C:5]1([C:2]([C:4]([O:10][H:16])([H:22])[H:23])([O:8][H:14])[H:19])[O:11][H:15],42.87960666353287,40.29552254249381,-12.553298279158678
DWJZKGYQNOQQEZ_224_1_0,[C:0]([C:1]([C:3]([O:9][H:15])([H:20])[H:21])([O:7][H:13])[H:18])([C:5]([C:2]([C:4]([O:10][H:16])([H:22])[H:23])([O:8][H:14])[H:19])=[O:11])([O:6][H:12])[H:17],[C:0]([C:1]([C:3]([O:9][H:15])([H:20])[H:21])([O:7][H:13])[H:18])([C:5]1([O:11][H:16])[C:2]([O:8][H:14])([H:19])[C:4]([H:22])([H:23])[O:10]1)([O:6][H:12])[H:17],62.694474145014176,57.55391632100904,4.38790630975147
DWJZKGYQNOQQEZ_224_1_2,[C:0]([C:1]([C:3]([O:9][H:15])([H:20])[H:21])([O:7][H:13])[H:18])([C:5]([C:2]([C:4]([O:10][H:16])([H:22])[H:23])([O:8][H:14])[H:19])=[O:11])([O:6][H:12])[H:17],[C:0]([C:1]([C:3]([O:9][H:15])([H:20])[H:21])([O:7][H:13])[H:18])([C:5]1([O:11][H:16])[C:2]([O:8][H:14])([H:19])[C:4]([H:22])([H:23])[O:10]1)([O:6][H:12])[H:17],54.51802535996925,51.3641626130133,4.38790630975147
DWJZKGYQNOQQEZ_224_1_3,[C:0]([C:1]([C:3]([O:9][H:15])([H:20])[H:21])([O:7][H:13])[H:18])([C:5]([C:2]([C:4]([O:10][H:16])([H:22])[H:23])([O:8][H:14])[H:19])=[O:11])([O:6][H:12])[H:17],[C:0]([C:1]([C:3]([O:9][H:15])([H:20])[H:21])([O:7][H:13])[H:18])([C:5]1([O:11][H:16])[C:2]([O:8][H:14])([H:19])[C:4]([H:22])([H:23])[O:10]1)([O:6][H:12])[H:17],52.6631072780154,49.32852179494501,4.38790630975147
DWJZKGYQNOQQEZ_25_0_0,[C:0]([C:1]([C:3]([O:9][H:15])([H:20])[H:21])([O:7][H:13])[H:18])([C:5]([C:2]([C:4]([O:10][H:16])([H:22])[H:23])([O:8][H:14])[H:19])=[O:11])([O:6][H:12])[H:17],[C:0](=[C:1](\[C:3]([O:9][H:15])([H:20])[H:21])[H:18])(\[O:6][H:12])[H:17].[C:2]([C:4]([O:10][H:16])([H:22])[H:23])([C:5]([O:7][H:13])=[O:11])([O:8][H:14])[H:19],53.727990899466384,50.84458474696965,7.359225621414954
DWJZKGYQNOQQEZ_25_0_1,[C:0]([C:1]([C:3]([O:9][H:15])([H:20])[H:21])([O:7][H:13])[H:18])([C:5]([C:2]([C:4]([O:10][H:16])([H:22])[H:23])([O:8][H:14])[H:19])=[O:11])([O:6][H:12])[H:17],[C:0](=[C:1](/[C:3]([O:9][H:15])([H:20])[H:21])[H:18])(\[O:6][H:12])[H:17].[C:2]([C:4]([O:10][H:16])([H:22])[H:23])([C:5]([O:7][H:13])=[O:11])([O:8][H:14])[H:19],55.692723144071024,51.87872040299828,7.359225621414954
DWJZKGYQNOQQEZ_32_1_0,[C:0]([C:1]([C:3]([O:9][H:15])([H:20])[H:21])([O:7][H:13])[H:18])([C:5]([C:2]([C:4]([O:10][H:16])([H:22])[H:23])([O:8][H:14])[H:19])=[O:11])([O:6][H:12])[H:17],[C:0]([C:1]([C:3]([O:9][H:15])([H:20])[H:21])([O:7][H:13])[H:18])([C:5]([C:2](=[O:8])[H:19])([C:4]([O:10][H:16])([H:22])[H:23])[O:11][H:14])([O:6][H:12])[H:17],44.71820949852791,43.41863732395606,0.06763862332699071
DWJZKGYQNOQQEZ_39_2_0,[C:0]([C:1]([C:3]([O:9][H:15])([H:20])[H:21])([O:7][H:13])[H:18])([C:5]([C:2]([C:4]([O:10][H:16])([H:22])[H:23])([O:8][H:14])[H:19])=[O:11])([O:6][H:12])[H:17],[C:0]([C:1]([C:3](=[O:9])[H:21])([O:7][H:13])[H:18])([C:5]([C:2]([C:4]([O:10][H:16])([H:22])[H:23])([O:8][H:14])[H:19])([O:11][H:15])[H:20])([O:6][H:12])[H:17],49.021669649506336,44.07124720394919,0.45100382409181905
DWJZKGYQNOQQEZ_39_3_1,[C:0]([C:1]([C:3]([O:9][H:15])([H:20])[H:21])([O:7][H:13])[H:18])([C:5]([C:2]([C:4]([O:10][H:16])([H:22])[H:23])([O:8][H:14])[H:19])=[O:11])([O:6][H:12])[H:17],[C:0]([C:1]([C:3](=[O:9])[H:21])([O:7][H:13])[H:18])([C:5]([C:2]([C:4]([O:10][H:16])([H:22])[H:23])([O:8][H:14])[H:19])([O:11][H:20])[H:15])([O:6][H:12])[H:17],86.60635115199577,79.5041986309494,0.45100382409181905
DWJZKGYQNOQQEZ_39_3_2,[C:0]([C:1]([C:3]([O:9][H:15])([H:20])[H:21])([O:7][H:13])[H:18])([C:5]([C:2]([C:4]([O:10][H:16])([H:22])[H:23])([O:8][H:14])[H:19])=[O:11])([O:6][H:12])[H:17],[C:0]([C:1]([C:3](=[O:9])[H:21])([O:7][H:13])[H:18])([C:5]([C:2]([C:4]([O:10][H:16])([H:22])[H:23])([O:8][H:14])[H:19])([O:11][H:20])[H:15])([O:6][H:12])[H:17],82.2702605070284,76.42438200494918,0.45100382409181905
DWJZKGYQNOQQEZ_39_3_3,[C:0]([C:1]([C:3]([O:9][H:15])([H:20])[H:21])([O:7][H:13])[H:18])([C:5]([C:2]([C:4]([O:10][H:16])([H:22])[H:23])([O:8][H:14])[H:19])=[O:11])([O:6][H:12])[H:17],[C:0]([C:1]([C:3](=[O:9])[H:21])([O:7][H:13])[H:18])([C:5]([C:2]([C:4]([O:10][H:16])([H:22])[H:23])([O:8][H:14])[H:19])([O:11][H:20])[H:15])([O:6][H:12])[H:17],81.42186766303018,75.74667174494809,0.45100382409181905
DWJZKGYQNOQQEZ_39_2_1,[C:0]([C:1]([C:3]([O:9][H:15])([H:20])[H:21])([O:7][H:13])[H:18])([C:5]([C:2]([C:4]([O:10][H:16])([H:22])[H:23])([O:8][H:14])[H:19])=[O:11])([O:6][H:12])[H:17],[C:0]([C:1]([C:3](=[O:9])[H:21])([O:7][H:13])[H:18])([C:5]([C:2]([C:4]([O:10][H:16])([H:22])[H:23])([O:8][H:14])[H:19])([O:11][H:15])[H:20])([O:6][H:12])[H:17],47.947373385507774,43.468838083972,0.45100382409181905
DWJZKGYQNOQQEZ_39_2_2,[C:0]([C:1]([C:3]([O:9][H:15])([H:20])[H:21])([O:7][H:13])[H:18])([C:5]([C:2]([C:4]([O:10][H:16])([H:22])[H:23])([O:8][H:14])[H:19])=[O:11])([O:6][H:12])[H:17],[C:0]([C:1]([C:3](=[O:9])[H:21])([O:7][H:13])[H:18])([C:5]([C:2]([C:4]([O:10][H:16])([H:22])[H:23])([O:8][H:14])[H:19])([O:11][H:15])[H:20])([O:6][H:12])[H:17],49.34295451347991,45.7950158004488,0.45100382409181905
DWJZKGYQNOQQEZ_39_2_3,[C:0]([C:1]([C:3]([O:9][H:15])([H:20])[H:21])([O:7][H:13])[H:18])([C:5]([C:2]([C:4]([O:10][H:16])([H:22])[H:23])([O:8][H:14])[H:19])=[O:11])([O:6][H:12])[H:17],[C:0]([C:1]([C:3](=[O:9])[H:21])([O:7][H:13])[H:18])([C:5]([C:2]([C:4]([O:10][H:16])([H:22])[H:23])([O:8][H:14])[H:19])([O:11][H:15])[H:20])([O:6][H:12])[H:17],47.20628466602401,42.619817730475376,0.45100382409181905
DWJZKGYQNOQQEZ_39_4_1,[C:0]([C:1]([C:3]([O:9][H:15])([H:20])[H:21])([O:7][H:13])[H:18])([C:5]([C:2]([C:4]([O:10][H:16])([H:22])[H:23])([O:8][H:14])[H:19])=[O:11])([O:6][H:12])[H:17],[C:0]([C:1]([C:3]([O:9][H:15])([H:20])[H:21])([O:7][H:13])[H:18])([C:5]([C:2]([C:4](=[O:10])[H:23])([O:8][H:14])[H:19])([O:11][H:16])[H:22])([O:6][H:12])[H:17],63.28621560351831,58.5648341254536,0.45100382409181905
DWJZKGYQNOQQEZ_39_4_2,[C:0]([C:1]([C:3]([O:9][H:15])([H:20])[H:21])([O:7][H:13])[H:18])([C:5]([C:2]([C:4]([O:10][H:16])([H:22])[H:23])([O:8][H:14])[H:19])=[O:11])([O:6][H:12])[H:17],[C:0]([C:1]([C:3]([O:9][H:15])([H:20])[H:21])([O:7][H:13])[H:18])([C:5]([C:2]([C:4](=[O:10])[H:23])([O:8][H:14])[H:19])([O:11][H:16])[H:22])([O:6][H:12])[H:17],60.21957667705615,55.42163903997072,0.45100382409181905
DWJZKGYQNOQQEZ_39_4_3,[C:0]([C:1]([C:3]([O:9][H:15])([H:20])[H:21])([O:7][H:13])[H:18])([C:5]([C:2]([C:4]([O:10][H:16])([H:22])[H:23])([O:8][H:14])[H:19])=[O:11])([O:6][H:12])[H:17],[C:0]([C:1]([C:3]([O:9][H:15])([H:20])[H:21])([O:7][H:13])[H:18])([C:5]([C:2]([C:4](=[O:10])[H:23])([O:8][H:14])[H:19])([O:11][H:16])[H:22])([O:6][H:12])[H:17],58.63323266099493,54.60775921845672,0.45100382409181905
DWJZKGYQNOQQEZ_60_0_0,[C:0]([C:1]([C:3]([O:9][H:15])([H:20])[H:21])([O:7][H:13])[H:18])([C:5]([C:2]([C:4]([O:10][H:16])([H:22])[H:23])([O:8][H:14])[H:19])=[O:11])([O:6][H:12])[H:17],[C:0]1([C:5]([C:2]([C:4]([O:10][H:16])([H:22])[H:23])([O:8][H:14])[H:19])=[O:11])([H:17])[C:1]([O:7][H:13])([H:18])[C:3]1([O:9][H:15])[H:21].[O:6]([H:12])[H:20],96.71301915901844,87.86701773745183,14.095602294455093
DWJZKGYQNOQQEZ_65_2_0,[C:0]([C:1]([C:3]([O:9][H:15])([H:20])[H:21])([O:7][H:13])[H:18])([C:5]([C:2]([C:4]([O:10][H:16])([H:22])[H:23])([O:8][H:14])[H:19])=[O:11])([O:6][H:12])[H:17],[C:0]1([C:1]([C:3]([O:9][H:15])([H:20])[H:21])([O:7][H:13])[H:18])([H:17])[C:5]([C:2]([C:4]([O:10][H:16])([H:22])[H:23])([O:8][H:14])[H:19])([O:11][H:12])[O:6]1,56.41624159752781,52.06383570545894,15.260994263862353
DWJZKGYQNOQQEZ_65_2_1,[C:0]([C:1]([C:3]([O:9][H:15])([H:20])[H:21])([O:7][H:13])[H:18])([C:5]([C:2]([C:4]([O:10][H:16])([H:22])[H:23])([O:8][H:14])[H:19])=[O:11])([O:6][H:12])[H:17],[C:0]1([C:1]([C:3]([O:9][H:15])([H:20])[H:21])([O:7][H:13])[H:18])([H:17])[C:5]([C:2]([C:4]([O:10][H:16])([H:22])[H:23])([O:8][H:14])[H:19])([O:11][H:12])[O:6]1,59.699998811012506,55.84332542397615,15.260994263862353
DWJZKGYQNOQQEZ_79_1_0,[C:0]([C:1]([C:3]([O:9][H:15])([H:20])[H:21])([O:7][H:13])[H:18])([C:5]([C:2]([C:4]([O:10][H:16])([H:22])[H:23])([O:8][H:14])[H:19])=[O:11])([O:6][H:12])[H:17],[C:0]([C:5]([C:1]([C:3]([O:9][H:15])([H:20])[H:21])([O:7][H:13])[H:18])([C:2]([C:4]([O:10][H:16])([H:22])[H:23])([O:8][H:14])[H:19])[O:11][H:12])(=[O:6])[H:17],53.722970823550405,49.30969650999253,2.3138145315487666
DWJZKGYQNOQQEZ_90_8_1,[C:0]([C:1]([C:3]([O:9][H:15])([H:20])[H:21])([O:7][H:13])[H:18])([C:5]([C:2]([C:4]([O:10][H:16])([H:22])[H:23])([O:8][H:14])[H:19])=[O:11])([O:6][H:12])[H:17],[C:0](\[C:1]([C:3]([O:9][H:17])([H:20])[H:21])([O:7][H:13])[H:18])(=[C:5](/[C:2]([C:4]([O:10][H:16])([H:22])[H:23])([O:8][H:14])[H:19])[O:11][H:15])[O:6][H:12],50.34634220401482,46.16461889594306,-0.26720841300189724
DWJZKGYQNOQQEZ_90_8_2,[C:0]([C:1]([C:3]([O:9][H:15])([H:20])[H:21])([O:7][H:13])[H:18])([C:5]([C:2]([C:4]([O:10][H:16])([H:22])[H:23])([O:8][H:14])[H:19])=[O:11])([O:6][H:12])[H:17],[C:0](\[C:1]([C:3]([O:9][H:17])([H:20])[H:21])([O:7][H:13])[H:18])(=[C:5](/[C:2]([C:4]([O:10][H:16])([H:22])[H:23])([O:8][H:14])[H:19])[O:11][H:15])[O:6][H:12],52.49179718451988,48.212182394481246,-0.26720841300189724
MOJQURDISZNTIY_104_1_0,[C:0]([C:1]([C:2]([O:9][H:14])([H:17])[H:18])([O:7][H:12])[H:16])([C:3]([C:4](=[C:5]([H:19])[H:20])[O:8][H:13])=[O:10])([O:6][H:11])[H:15],[C:0]1([O:6][H:11])([H:15])[C:1]([C:2]([O:9][H:14])([H:17])[H:18])([H:16])[O:7][C:3]1([C:4](=[C:5]([H:19])[H:20])[O:8][H:13])[O:10][H:12],64.63975359495392,61.21731678203398,18.70434990439771
MOJQURDISZNTIY_104_1_1,[C:0]([C:1]([C:2]([O:9][H:14])([H:17])[H:18])([O:7][H:12])[H:16])([C:3]([C:4](=[C:5]([H:19])[H:20])[O:8][H:13])=[O:10])([O:6][H:11])[H:15],[C:0]1([O:6][H:11])([H:15])[C:1]([C:2]([O:9][H:14])([H:17])[H:18])([H:16])[O:7][C:3]1([C:4](=[C:5]([H:19])[H:20])[O:8][H:13])[O:10][H:12],53.73991358000762,51.83542224753625,18.70434990439771
MOJQURDISZNTIY_134_1_1,[C:0]([C:1]([C:2]([O:9][H:14])([H:17])[H:18])([O:7][H:12])[H:16])([C:3]([C:4](=[C:5]([H:19])[H:20])[O:8][H:13])=[O:10])([O:6][H:11])[H:15],[C:0]1([O:6][H:11])([H:15])[C:1]([O:7][H:12])([H:16])[C:2]([H:17])([H:18])[O:9][C:3]1([C:4](=[C:5]([H:19])[H:20])[O:8][H:13])[O:10][H:14],39.60965465894198,38.5253182430401,-1.4101338432122317
MOJQURDISZNTIY_144_1_0,[C:0]([C:1]([C:2]([O:9][H:14])([H:17])[H:18])([O:7][H:12])[H:16])([C:3]([C:4](=[C:5]([H:19])[H:20])[O:8][H:13])=[O:10])([O:6][H:11])[H:15],[C:0]([C:1]([C:2](=[O:9])[H:18])([O:7][H:12])[H:16])([C:3]([C:4](=[C:5]([H:19])[H:20])[O:8][H:13])([O:10][H:14])[H:17])([O:6][H:11])[H:15],49.353622174952974,44.91273744353616,0.9510038240917882
MOJQURDISZNTIY_176_0_2,[C:0]([C:1]([C:2]([O:9][H:14])([H:17])[H:18])([O:7][H:12])[H:16])([C:3]([C:4](=[C:5]([H:19])[H:20])[O:8][H:13])=[O:10])([O:6][H:11])[H:15],[C:0]1([O:6][H:11])([H:15])[C:1]([C:2]([O:9][H:14])([H:17])[H:18])([H:16])[O:7][C:4]([C:5]([H:12])([H:19])[H:20])([O:8][H:13])[C:3]1=[O:10],54.67364771600438,52.06509072452711,-13.961042065009563
MOJQURDISZNTIY_177_0_0,[C:0]([C:1]([C:2]([O:9][H:14])([H:17])[H:18])([O:7][H:12])[H:16])([C:3]([C:4](=[C:5]([H:19])[H:20])[O:8][H:13])=[O:10])([O:6][H:11])[H:15],[C:0]1([O:6][H:11])([H:15])[C:1]([C:2]([O:9][H:14])([H:17])[H:18])([H:16])[O:7][C:5]([H:19])([H:20])[C:4]([O:8][H:13])([H:12])[C:3]1=[O:10],63.45878071601066,65.95564101648458,-2.8998565965583265
MOJQURDISZNTIY_178_5_1,[C:0]([C:1]([C:2]([O:9][H:14])([H:17])[H:18])([O:7][H:12])[H:16])([C:3]([C:4](=[C:5]([H:19])[H:20])[O:8][H:13])=[O:10])([O:6][H:11])[H:15],[C:0]([C:1]([C:2]([O:9][H:14])([H:17])[H:18])([O:7][H:13])[H:16])([C:3]([C:4]([C:5]([H:12])([H:19])[H:20])=[O:8])=[O:10])([O:6][H:11])[H:15],44.52681910101175,43.40169456749884,-9.791108986615681
MOJQURDISZNTIY_178_6_3,[C:0]([C:1]([C:2]([O:9][H:14])([H:17])[H:18])([O:7][H:12])[H:16])([C:3]([C:4](=[C:5]([H:19])[H:20])[O:8][H:13])=[O:10])([O:6][H:11])[H:15],[C:0]([C:1]([C:2]([O:9][H:13])([H:17])[H:18])([O:7][H:12])[H:16])([C:3]([C:4]([C:5]([H:14])([H:19])[H:20])=[O:8])=[O:10])([O:6][H:11])[H:15],37.07012371243311,35.70780058801969,-9.791108986615681
MOJQURDISZNTIY_180_0_0,[C:0]([C:1]([C:2]([O:9][H:14])([H:17])[H:18])([O:7][H:12])[H:16])([C:3]([C:4](=[C:5]([H:19])[H:20])[O:8][H:13])=[O:10])([O:6][H:11])[H:15],[C:0]1([O:6][H:11])([H:15])[C:1]([O:7][H:12])([H:16])[C:2]([H:17])([H:18])[O:9][C:4]([C:5]([H:14])([H:19])[H:20])([O:8][H:13])[C:3]1=[O:10],48.667126781974055,46.56496995700237,-14.859942638623322
MOJQURDISZNTIY_187_0_3,[C:0]([C:1]([C:2]([O:9][H:14])([H:17])[H:18])([O:7][H:12])[H:16])([C:3]([C:4](=[C:5]([H:19])[H:20])[O:8][H:13])=[O:10])([O:6][H:11])[H:15],[C:0]1([O:6][H:11])([H:15])[C:1]([C:2]([O:9][H:14])([H:17])[H:18])([H:16])[O:7][C:5]([H:20])=[C:4]([O:8][H:13])[C:3]1=[O:10].[H:12][H:19],100.35759433494825,96.91695974650293,16.244980879541092
MOJQURDISZNTIY_21_0_3,[C:0]([C:1]([C:2]([O:9][H:14])([H:17])[H:18])([O:7][H:12])[H:16])([C:3]([C:4](=[C:5]([H:19])[H:20])[O:8][H:13])=[O:10])([O:6][H:11])[H:15],[C:0](=[C:1](\[C:2]([O:9][H:14])([H:17])[H:18])[H:16])(\[O:6][H:11])[H:15].[C:3]([C:4](=[C:5]([H:19])[H:20])[O:8][H:13])([O:7][H:12])=[O:10],59.43016972598036,56.521035683977246,9.641252390057348
MOJQURDISZNTIY_29_0_0,[C:0]([C:1]([C:2]([O:9][H:14])([H:17])[H:18])([O:7][H:12])[H:16])([C:3]([C:4](=[C:5]([H:19])[H:20])[O:8][H:13])=[O:10])([O:6][H:11])[H:15],[C:0]([C:1]([C:2]([O:9][H:14])([H:17])[H:18])([O:7][H:12])[H:16])([C:4]1([O:8][H:13])[C:3](=[O:10])[C:5]1([H:19])[H:20])([O:6][H:11])[H:15],90.05514336399183,86.9590114910328,-2.4244741873804982
MOJQURDISZNTIY_303_0_1,[C:0]([C:1]([C:2]([O:9][H:14])([H:17])[H:18])([O:7][H:12])[H:16])([C:3]([C:4](=[C:5]([H:19])[H:20])[O:8][H:13])=[O:10])([O:6][H:11])[H:15],[C:0]1([C:1]([C:2]([O:9][H:14])([H:17])[H:18])([O:7][H:12])[H:16])([O:6][H:11])/[C:3](=[C:4](\[C:5]([H:15])([H:19])[H:20])[O:8][H:13])[O:10]1,69.60711879696828,65.09093292552757,8.569550669216065
MOJQURDISZNTIY_34_0_1,[C:0]([C:1]([C:2]([O:9][H:14])([H:17])[H:18])([O:7][H:12])[H:16])([C:3]([C:4](=[C:5]([H:19])[H:20])[O:8][H:13])=[O:10])([O:6][H:11])[H:15],[C:0]([C:1]([C:2]([O:9][H:14])([H:17])[H:18])([O:7][H:12])[H:16])(=[O:6])[H:15].[C:3]([C:4](=[C:5]([H:19])[H:20])[O:8][H:13])(=[O:10])[H:11],106.08675606996545,100.79308592799018,18.611854684512444
MOJQURDISZNTIY_361_0_1,[C:0]([C:1]([C:2]([O:9][H:14])([H:17])[H:18])([O:7][H:12])[H:16])([C:3]([C:4](=[C:5]([H:19])[H:20])[O:8][H:13])=[O:10])([O:6][H:11])[H:15],[C:0]([C:1]([C:2](=[O:9])[H:18])([O:7][H:12])[H:16])([C:3]([C:4]([C:5]([H:14])([H:19])[H:20])([O:8][H:13])[H:17])=[O:10])([O:6][H:11])[H:15],53.70038048146476,49.98050416551106,-8.30712237093689
MOJQURDISZNTIY_370_0_1,[C:0]([C:1]([C:2]([O:9][H:14])([H:17])[H:18])([O:7][H:12])[H:16])([C:3]([C:4](=[C:5]([H:19])[H:20])[O:8][H:13])=[O:10])([O:6][H:11])[H:15],[C:0]1([O:6][H:11])([H:15])[C:1]([O:7][H:12])([H:16])[C:2]([H:17])([H:18])[O:9][C:5]([H:19])([H:20])[C:4]([O:8][H:13])=[C:3]1[O:10][H:14],67.33427938792815,67.14163397148648,-1.9694072657743806
MOJQURDISZNTIY_5_1_2,[C:0]([C:1]([C:2]([O:9][H:14])([H:17])[H:18])([O:7][H:12])[H:16])([C:3]([C:4](=[C:5]([H:19])[H:20])[O:8][H:13])=[O:10])([O:6][H:11])[H:15],[C:0]([C:1]([C:2]([O:9][H:14])([H:17])[H:18])([O:7][H:12])[H:16])([C:3]([C:4](=[C:5]([H:19])[H:20])[O:8][H:13])([O:10][H:11])[H:15])=[O:6],39.54941374695139,37.94487195550745,1.7294455066921581
MOJQURDISZNTIY_5_1_3,[C:0]([C:1]([C:2]([O:9][H:14])([H:17])[H:18])([O:7][H:12])[H:16])([C:3]([C:4](=[C:5]([H:19])[H:20])[O:8][H:13])=[O:10])([O:6][H:11])[H:15],[C:0]([C:1]([C:2]([O:9][H:14])([H:17])[H:18])([O:7][H:12])[H:16])([C:3]([C:4](=[C:5]([H:19])[H:20])[O:8][H:13])([O:10][H:11])[H:15])=[O:6],49.22561023699081,45.245317478481205,1.7294455066921581
MOJQURDISZNTIY_63_0_2,[C:0]([C:1]([C:2]([O:9][H:14])([H:17])[H:18])([O:7][H:12])[H:16])([C:3]([C:4](=[C:5]([H:19])[H:20])[O:8][H:13])=[O:10])([O:6][H:11])[H:15],[C:0](=[C:1](\[C:2]([O:9][H:14])([H:17])[H:18])[H:16])(\[C:3]([C:4](=[C:5]([H:19])[H:20])[O:8][H:13])=[O:10])[O:6][H:11].[O:7]([H:12])[H:15],64.50546656193626,60.40218194152315,16.50262906309752
MOJQURDISZNTIY_71_7_1,[C:0]([C:1]([C:2]([O:9][H:14])([H:17])[H:18])([O:7][H:12])[H:16])([C:3]([C:4](=[C:5]([H:19])[H:20])[O:8][H:13])=[O:10])([O:6][H:11])[H:15],[C:0](\[C:1]([C:2]([O:9][H:15])([H:17])[H:18])([O:7][H:12])[H:16])(=[C:3](/[C:4](=[C:5]([H:19])[H:20])[O:8][H:13])[O:10][H:14])[O:6][H:11],46.8542518364854,43.74305973549305,-2.9151529636711286
MOJQURDISZNTIY_71_7_2,[C:0]([C:1]([C:2]([O:9][H:14])([H:17])[H:18])([O:7][H:12])[H:16])([C:3]([C:4](=[C:5]([H:19])[H:20])[O:8][H:13])=[O:10])([O:6][H:11])[H:15],[C:0](\[C:1]([C:2]([O:9][H:15])([H:17])[H:18])([O:7][H:12])[H:16])(=[C:3](/[C:4](=[C:5]([H:19])[H:20])[O:8][H:13])[O:10][H:14])[O:6][H:11],49.80291897696004,46.14767613948584,-2.9151529636711286
MOJQURDISZNTIY_82_1_1,[C:0]([C:1]([C:2]([O:9][H:14])([H:17])[H:18])([O:7][H:12])[H:16])([C:3]([C:4](=[C:5]([H:19])[H:20])[O:8][H:13])=[O:10])([O:6][H:11])[H:15],[C:0]([C:1]([C:2]([O:9][H:14])([H:17])[H:18])=[O:7])([C:3]([C:4](=[C:5]([H:19])[H:20])[O:8][H:13])([O:10][H:12])[H:16])([O:6][H:11])[H:15],60.40782952700889,56.01338049847484,-1.6467495219885244
MOJQURDISZNTIY_82_1_2,[C:0]([C:1]([C:2]([O:9][H:14])([H:17])[H:18])([O:7][H:12])[H:16])([C:3]([C:4](=[C:5]([H:19])[H:20])[O:8][H:13])=[O:10])([O:6][H:11])[H:15],[C:0]([C:1]([C:2]([O:9][H:14])([H:17])[H:18])=[O:7])([C:3]([C:4](=[C:5]([H:19])[H:20])[O:8][H:13])([O:10][H:12])[H:16])([O:6][H:11])[H:15],61.86678911453503,57.38511626550718,-1.6467495219885244
MOJQURDISZNTIY_82_1_3,[C:0]([C:1]([C:2]([O:9][H:14])([H:17])[H:18])([O:7][H:12])[H:16])([C:3]([C:4](=[C:5]([H:19])[H:20])[O:8][H:13])=[O:10])([O:6][H:11])[H:15],[C:0]([C:1]([C:2]([O:9][H:14])([H:17])[H:18])=[O:7])([C:3]([C:4](=[C:5]([H:19])[H:20])[O:8][H:13])([O:10][H:12])[H:16])([O:6][H:11])[H:15],59.2770574079389,54.89327604102058,-1.6467495219885244
YFPLIJPMOFVJPV_112_1_0,[C:0]([C:2]([O:9][H:14])([H:18])[H:19])(/[C:5](=[C:4](/[C:3]([C:1]([O:8][H:13])([H:16])[H:17])=[O:10])[O:6][H:11])[H:20])([O:7][H:12])[H:15],[C:0]([C:2]([O:9][H:14])([H:18])[H:19])(/[C:5](=[C:4](/[C:3]([C:1](=[O:8])[H:17])([O:10][H:13])[H:16])[O:6][H:11])[H:20])([O:7][H:12])[H:15],50.5584404149787,47.13223854499695,3.097036328871886
YFPLIJPMOFVJPV_112_1_2,[C:0]([C:2]([O:9][H:14])([H:18])[H:19])(/[C:5](=[C:4](/[C:3]([C:1]([O:8][H:13])([H:16])[H:17])=[O:10])[O:6][H:11])[H:20])([O:7][H:12])[H:15],[C:0]([C:2]([O:9][H:14])([H:18])[H:19])(/[C:5](=[C:4](/[C:3]([C:1](=[O:8])[H:17])([O:10][H:13])[H:16])[O:6][H:11])[H:20])([O:7][H:12])[H:15],52.67942252497421,49.63349141203111,3.097036328871886
YFPLIJPMOFVJPV_112_1_3,[C:0]([C:2]([O:9][H:14])([H:18])[H:19])(/[C:5](=[C:4](/[C:3]([C:1]([O:8][H:13])([H:16])[H:17])=[O:10])[O:6][H:11])[H:20])([O:7][H:12])[H:15],[C:0]([C:2]([O:9][H:14])([H:18])[H:19])(/[C:5](=[C:4](/[C:3]([C:1](=[O:8])[H:17])([O:10][H:13])[H:16])[O:6][H:11])[H:20])([O:7][H:12])[H:15],48.7744309064885,45.89980988696959,3.097036328871886
YFPLIJPMOFVJPV_166_6_0,[C:0]([C:2]([O:9][H:14])([H:18])[H:19])(/[C:5](=[C:4](/[C:3]([C:1]([O:8][H:13])([H:16])[H:17])=[O:10])[O:6][H:11])[H:20])([O:7][H:12])[H:15],[C:0]([C:2]([O:9][H:11])([H:18])[H:19])([C:5]([C:4]([C:3]([C:1]([O:8][H:13])([H:16])[H:17])=[O:10])=[O:6])([H:14])[H:20])([O:7][H:12])[H:15],38.681568108502304,35.92491887497089,-13.288240917782042
YFPLIJPMOFVJPV_166_6_3,[C:0]([C:2]([O:9][H:14])([H:18])[H:19])(/[C:5](=[C:4](/[C:3]([C:1]([O:8][H:13])([H:16])[H:17])=[O:10])[O:6][H:11])[H:20])([O:7][H:12])[H:15],[C:0]([C:2]([O:9][H:11])([H:18])[H:19])([C:5]([C:4]([C:3]([C:1]([O:8][H:13])([H:16])[H:17])=[O:10])=[O:6])([H:14])[H:20])([O:7][H:12])[H:15],40.922404533051896,38.51527809099411,-13.288240917782042
YFPLIJPMOFVJPV_179_0_1,[C:0]([C:2]([O:9][H:14])([H:18])[H:19])(/[C:5](=[C:4](/[C:3]([C:1]([O:8][H:13])([H:16])[H:17])=[O:10])[O:6][H:11])[H:20])([O:7][H:12])[H:15],[C:0]([C:2]([O:9][H:14])([H:18])[H:19])([C:5]1=[C:4]([O:6][H:11])[C:3](=[O:10])[C:1]([H:16])([H:17])[O:8]1)([O:7][H:12])[H:15].[H:13][H:20],97.55764694602615,93.39976899896553,14.20602294455064
YFPLIJPMOFVJPV_18_0_2,[C:0]([C:2]([O:9][H:14])([H:18])[H:19])(/[C:5](=[C:4](/[C:3]([C:1]([O:8][H:13])([H:16])[H:17])=[O:10])[O:6][H:11])[H:20])([O:7][H:12])[H:15],[C:0]1([O:7][H:12])([H:15])[C:5]([H:20])=[C:4]([O:6][H:11])[C:3](=[O:10])[C:1]([H:16])([H:17])[O:8]1.[C:2]([O:9][H:14])([H:13])([H:18])[H:19],72.7132908219733,69.42388602300286,-4.331022944550692
YFPLIJPMOFVJPV_208_0_0,[C:0]([C:2]([O:9][H:14])([H:18])[H:19])(/[C:5](=[C:4](/[C:3]([C:1]([O:8][H:13])([H:16])[H:17])=[O:10])[O:6][H:11])[H:20])([O:7][H:12])[H:15],[C:0](=[C:5](/[C:4]([C:3]([C:1]([O:8][H:13])([H:16])[H:17])=[O:10])=[O:6])[H:20])(\[O:7][H:12])[H:15].[C:2]([O:9][H:14])([H:11])([H:18])[H:19],58.04211871198922,54.36240300400546,11.273661567877598
YFPLIJPMOFVJPV_208_0_2,[C:0]([C:2]([O:9][H:14])([H:18])[H:19])(/[C:5](=[C:4](/[C:3]([C:1]([O:8][H:13])([H:16])[H:17])=[O:10])[O:6][H:11])[H:20])([O:7][H:12])[H:15],[C:0](=[C:5](/[C:4]([C:3]([C:1]([O:8][H:13])([H:16])[H:17])=[O:10])=[O:6])[H:20])(\[O:7][H:12])[H:15].[C:2]([O:9][H:14])([H:11])([H:18])[H:19],59.64917054149816,55.06584115351294,11.273661567877598
YFPLIJPMOFVJPV_217_0_1,[C:0]([C:2]([O:9][H:14])([H:18])[H:19])(/[C:5](=[C:4](/[C:3]([C:1]([O:8][H:13])([H:16])[H:17])=[O:10])[O:6][H:11])[H:20])([O:7][H:12])[H:15],[C:0](=[C:5](\[C:4]([C:3]([C:1]([O:8][H:13])([H:16])[H:17])=[O:10])([O:6][H:11])[H:14])[H:20])(\[O:7][H:12])[H:15].[C:2](=[O:9])([H:18])[H:19],45.732892359962975,42.20440644152544,16.366395793499038
YFPLIJPMOFVJPV_217_0_2,[C:0]([C:2]([O:9][H:14])([H:18])[H:19])(/[C:5](=[C:4](/[C:3]([C:1]([O:8][H:13])([H:16])[H:17])=[O:10])[O:6][H:11])[H:20])([O:7][H:12])[H:15],[C:0](=[C:5](/[C:4]([C:3]([C:1]([O:8][H:13])([H:16])[H:17])=[O:10])([O:6][H:11])[H:14])[H:20])(\[O:7][H:12])[H:15].[C:2](=[O:9])([H:18])[H:19],49.2594957499766,45.45114059453227,16.366395793499038
YFPLIJPMOFVJPV_251_0_1,[C:0]([C:2]([O:9][H:14])([H:18])[H:19])(/[C:5](=[C:4](/[C:3]([C:1]([O:8][H:13])([H:16])[H:17])=[O:10])[O:6][H:11])[H:20])([O:7][H:12])[H:15],[C:0](\[C:2]([O:9][H:14])([H:18])[H:19])(=[C:5](\[C:4]([C:3]([C:1]([O:8][H:13])([H:16])[H:17])=[O:10])=[O:6])[H:20])[H:15].[O:7]([H:11])[H:12],27.52444919849219,25.916769859484837,1.2839388145315385
YFPLIJPMOFVJPV_251_0_2,[C:0]([C:2]([O:9][H:14])([H:18])[H:19])(/[C:5](=[C:4](/[C:3]([C:1]([O:8][H:13])([H:16])[H:17])=[O:10])[O:6][H:11])[H:20])([O:7][H:12])[H:15],[C:0](\[C:2]([O:9][H:14])([H:18])[H:19])(=[C:5](/[C:4]([C:3]([C:1]([O:8][H:13])([H:16])[H:17])=[O:10])=[O:6])[H:20])[H:15].[O:7]([H:11])[H:12],30.075902825470948,27.931702864034065,1.2839388145315385
YFPLIJPMOFVJPV_280_0_1,[C:0]([C:2]([O:9][H:14])([H:18])[H:19])(/[C:5](=[C:4](/[C:3]([C:1]([O:8][H:13])([H:16])[H:17])=[O:10])[O:6][H:11])[H:20])([O:7][H:12])[H:15],[C:0](\[C:2]([O:9][H:14])([H:18])[H:19])(=[C:5](/[C:4]([C:3]([C:1]([O:8][H:13])([H:16])[H:17])=[O:10])=[O:6])[H:20])[O:7][H:12].[H:11][H:15],55.82889270551259,51.6829374389932,12.286328871892913
YFPLIJPMOFVJPV_280_0_2,[C:0]([C:2]([O:9][H:14])([H:18])[H:19])(/[C:5](=[C:4](/[C:3]([C:1]([O:8][H:13])([H:16])[H:17])=[O:10])[O:6][H:11])[H:20])([O:7][H:12])[H:15],[C:0](\[C:2]([O:9][H:14])([H:18])[H:19])(=[C:5](/[C:4]([C:3]([C:1]([O:8][H:13])([H:16])[H:17])=[O:10])=[O:6])[H:20])[O:7][H:12].[H:11][H:15],56.83604545296666,52.26840380251317,12.286328871892913
YFPLIJPMOFVJPV_293_0_1,[C:0]([C:2]([O:9][H:14])([H:18])[H:19])(/[C:5](=[C:4](/[C:3]([C:1]([O:8][H:13])([H:16])[H:17])=[O:10])[O:6][H:11])[H:20])([O:7][H:12])[H:15],[C:0]([C:2]([O:9][H:14])([H:18])[H:19])([C:5]1([H:20])[C:3](=[O:10])[C:4]1=[O:6])([O:7][H:12])[H:15].[C:1]([O:8][H:13])([H:11])([H:16])[H:17],68.64451922397306,63.00948391400359,11.395315487571674
YFPLIJPMOFVJPV_307_0_1,[C:0]([C:2]([O:9][H:14])([H:18])[H:19])(/[C:5](=[C:4](/[C:3]([C:1]([O:8][H:13])([H:16])[H:17])=[O:10])[O:6][H:11])[H:20])([O:7][H:12])[H:15],[C:0]([C:2]([O:9][H:14])([H:18])[H:19])([C:5](/[C:4](=[C:3]1\[C:1]([H:16])([H:17])[O:10]1)[O:6][H:11])([O:8][H:13])[H:20])([O:7][H:12])[H:15],74.3410504650013,74.6598252909812,18.1598948374761
YFPLIJPMOFVJPV_307_0_3,[C:0]([C:2]([O:9][H:14])([H:18])[H:19])(/[C:5](=[C:4](/[C:3]([C:1]([O:8][H:13])([H:16])[H:17])=[O:10])[O:6][H:11])[H:20])([O:7][H:12])[H:15],[C:0]([C:2]([O:9][H:14])([H:18])[H:19])([C:5](/[C:4](=[C:3]1\[C:1]([H:16])([H:17])[O:10]1)[O:6][H:11])([O:8][H:13])[H:20])([O:7][H:12])[H:15],69.39062801951549,70.46492428351405,18.1598948374761
YFPLIJPMOFVJPV_349_0_0,[C:0]([C:2]([O:9][H:14])([H:18])[H:19])(/[C:5](=[C:4](/[C:3]([C:1]([O:8][H:13])([H:16])[H:17])=[O:10])[O:6][H:11])[H:20])([O:7][H:12])[H:15],[C:0]([C:2](=[O:9])[H:19])([C:5]([C:4]([C:3]([C:1]([O:8][H:13])([H:16])[H:17])=[O:10])([O:6][H:11])[H:18])([H:14])[H:20])([O:7][H:12])[H:15],70.68706264645259,68.65204933802539,-13.021032504780118
YFPLIJPMOFVJPV_78_0_2,[C:0]([C:2]([O:9][H:14])([H:18])[H:19])(/[C:5](=[C:4](/[C:3]([C:1]([O:8][H:13])([H:16])[H:17])=[O:10])[O:6][H:11])[H:20])([O:7][H:12])[H:15],[C:0]([C:2]([O:9][H:14])([H:18])[H:19])([C:5]1([H:20])[C:3](=[O:10])[C:4]1([C:1]([O:8][H:13])([H:16])[H:17])[O:6][H:11])([O:7][H:12])[H:15],90.46302453896078,86.74503075150233,7.886711281070729
YFPLIJPMOFVJPV_78_0_3,[C:0]([C:2]([O:9][H:14])([H:18])[H:19])(/[C:5](=[C:4](/[C:3]([C:1]([O:8][H:13])([H:16])[H:17])=[O:10])[O:6][H:11])[H:20])([O:7][H:12])[H:15],[C:0]([C:2]([O:9][H:14])([H:18])[H:19])([C:5]1([H:20])[C:3](=[O:10])[C:4]1([C:1]([O:8][H:13])([H:16])[H:17])[O:6][H:11])([O:7][H:12])[H:15],92.37002590942582,88.75682620848815,7.886711281070729
YFPLIJPMOFVJPV_87_0_3,[C:0]([C:2]([O:9][H:14])([H:18])[H:19])(/[C:5](=[C:4](/[C:3]([C:1]([O:8][H:13])([H:16])[H:17])=[O:10])[O:6][H:11])[H:20])([O:7][H:12])[H:15],[C:0]([C:2]([O:9][H:14])([H:18])[H:19])(/[C:5](=[C:4](/[C:3](=[O:10])[H:13])[O:6][H:11])[H:20])([O:7][H:12])[H:15].[C:1](=[O:8])([H:16])[H:17],108.9896150169844,104.78969393352992,14.162762906309739
YSSNFXZGTOLNNX_102_0_2,[C:0]([C:1]([O:7][H:11])([H:13])[H:14])(/[C:4](=[C:5](\[C:2]([C:3](=[O:9])[H:15])=[O:8])[H:17])[H:16])([O:6][H:10])[H:12],[C:0]1([C:1]([O:7][H:11])([H:13])[H:14])([H:12])[C:4]([H:16])=[C:5]([H:17])[C:2](=[O:8])[O:6]1.[C:3](=[O:9])([H:10])[H:15],63.69786183547775,58.33704817695799,-7.199091778202672
YSSNFXZGTOLNNX_102_0_3,[C:0]([C:1]([O:7][H:11])([H:13])[H:14])(/[C:4](=[C:5](\[C:2]([C:3](=[O:9])[H:15])=[O:8])[H:17])[H:16])([O:6][H:10])[H:12],[C:0]1([C:1]([O:7][H:11])([H:13])[H:14])([H:12])[C:4]([H:16])=[C:5]([H:17])[C:2](=[O:8])[O:6]1.[C:3](=[O:9])([H:10])[H:15],65.39025495698525,60.37959159950885,-7.199091778202672
YSSNFXZGTOLNNX_107_0_0,[C:0]([C:1]([O:7][H:11])([H:13])[H:14])(/[C:4](=[C:5](\[C:2]([C:3](=[O:9])[H:15])=[O:8])[H:17])[H:16])([O:6][H:10])[H:12],[C:0]([C:1]([O:7][H:11])([H:13])[H:14])(/[C:4](=[C:5](\[C:3]1([H:15])[C:2](=[O:8])[O:9]1)[H:17])[H:16])([O:6][H:10])[H:12],61.3779592139851,58.15695295048464,14.484225621414907
YSSNFXZGTOLNNX_107_1_0,[C:0]([C:1]([O:7][H:11])([H:13])[H:14])(/[C:4](=[C:5](\[C:2]([C:3](=[O:9])[H:15])=[O:8])[H:17])[H:16])([O:6][H:10])[H:12],[C:0]([C:1]([O:7][H:11])([H:13])[H:14])(/[C:4](=[C:5](\[C:2]1([H:15])[C:3](=[O:9])[O:8]1)[H:17])[H:16])([O:6][H:10])[H:12],59.65983820297122,55.20765830044024,14.484225621414907
YSSNFXZGTOLNNX_107_1_2,[C:0]([C:1]([O:7][H:11])([H:13])[H:14])(/[C:4](=[C:5](\[C:2]([C:3](=[O:9])[H:15])=[O:8])[H:17])[H:16])([O:6][H:10])[H:12],[C:0]([C:1]([O:7][H:11])([H:13])[H:14])(/[C:4](=[C:5](\[C:2]1([H:15])[C:3](=[O:9])[O:8]1)[H:17])[H:16])([O:6][H:10])[H:12],60.58792475348224,57.098971933444886,14.484225621414907
YSSNFXZGTOLNNX_108_0_1,[C:0]([C:1]([O:7][H:11])([H:13])[H:14])(/[C:4](=[C:5](\[C:2]([C:3](=[O:9])[H:15])=[O:8])[H:17])[H:16])([O:6][H:10])[H:12],[C:0]([C:1]([O:7][H:11])([H:13])[H:14])([C:4](=[C:5]([H:15])[H:17])[H:16])([O:6][H:10])[H:12].[C:2](=[C:3]=[O:9])=[O:8],67.38322512901858,62.36377663849304,TCIT fails
YSSNFXZGTOLNNX_108_0_2,[C:0]([C:1]([O:7][H:11])([H:13])[H:14])(/[C:4](=[C:5](\[C:2]([C:3](=[O:9])[H:15])=[O:8])[H:17])[H:16])([O:6][H:10])[H:12],[C:0]([C:1]([O:7][H:11])([H:13])[H:14])([C:4](=[C:5]([H:15])[H:17])[H:16])([O:6][H:10])[H:12].[C:2](=[C:3]=[O:9])=[O:8],66.89125768097658,61.22108183895314,TCIT fails
YSSNFXZGTOLNNX_108_0_3,[C:0]([C:1]([O:7][H:11])([H:13])[H:14])(/[C:4](=[C:5](\[C:2]([C:3](=[O:9])[H:15])=[O:8])[H:17])[H:16])([O:6][H:10])[H:12],[C:0]([C:1]([O:7][H:11])([H:13])[H:14])([C:4](=[C:5]([H:15])[H:17])[H:16])([O:6][H:10])[H:12].[C:2](=[C:3]=[O:9])=[O:8],69.37682281047901,63.71103953494448,TCIT fails
YSSNFXZGTOLNNX_115_6_1,[C:0]([C:1]([O:7][H:11])([H:13])[H:14])(/[C:4](=[C:5](\[C:2]([C:3](=[O:9])[H:15])=[O:8])[H:17])[H:16])([O:6][H:10])[H:12],[C:0]([C:1]([O:7][H:11])([H:13])[H:14])(/[C:4](=[C:5](\[C:2](=[C:3]=[O:9])[O:8][H:10])[H:17])[H:16])([O:6][H:15])[H:12],67.37883256245834,64.42577285549478,15.80831739961759
YSSNFXZGTOLNNX_115_7_0,[C:0]([C:1]([O:7][H:11])([H:13])[H:14])(/[C:4](=[C:5](\[C:2]([C:3](=[O:9])[H:15])=[O:8])[H:17])[H:16])([O:6][H:10])[H:12],[C:0]([C:1]([O:7][H:15])([H:13])[H:14])(/[C:4](=[C:5](\[C:2](=[C:3]=[O:9])[O:8][H:11])[H:17])[H:16])([O:6][H:10])[H:12],64.87004958151452,62.70576931598566,15.80831739961759
YSSNFXZGTOLNNX_116_0_0,[C:0]([C:1]([O:7][H:11])([H:13])[H:14])(/[C:4](=[C:5](/[C:2]([C:3](=[O:9])[H:15])=[O:8])[H:17])[H:16])([O:6][H:10])[H:12],[C:0]([C:1]([O:7][H:11])([H:13])[H:14])([C:4]1([H:16])[C:5]([H:17])=[C:2]([C:3](=[O:9])[H:15])[O:8]1)([O:6][H:10])[H:12],51.00585468849052,48.54915499598655,12.49306883365201
YSSNFXZGTOLNNX_116_0_1,[C:0]([C:1]([O:7][H:11])([H:13])[H:14])(/[C:4](=[C:5](\[C:2]([C:3](=[O:9])[H:15])=[O:8])[H:17])[H:16])([O:6][H:10])[H:12],[C:0]([C:1]([O:7][H:11])([H:13])[H:14])([C:4]1([H:16])[C:5]([H:17])=[C:2]([C:3](=[O:9])[H:15])[O:8]1)([O:6][H:10])[H:12],54.56634359148994,52.579021004942334,12.49306883365201
YSSNFXZGTOLNNX_116_0_3,[C:0]([C:1]([O:7][H:11])([H:13])[H:14])(/[C:4](=[C:5](\[C:2]([C:3](=[O:9])[H:15])=[O:8])[H:17])[H:16])([O:6][H:10])[H:12],[C:0]([C:1]([O:7][H:11])([H:13])[H:14])([C:4]1([H:16])[C:5]([H:17])=[C:2]([C:3](=[O:9])[H:15])[O:8]1)([O:6][H:10])[H:12],50.39717047345784,49.58768321850408,12.49306883365201
YSSNFXZGTOLNNX_116_0_2,[C:0]([C:1]([O:7][H:11])([H:13])[H:14])(/[C:4](=[C:5](\[C:2]([C:3](=[O:9])[H:15])=[O:8])[H:17])[H:16])([O:6][H:10])[H:12],[C:0]([C:1]([O:7][H:11])([H:13])[H:14])([C:4]1([H:16])[C:5]([H:17])=[C:2]([C:3](=[O:9])[H:15])[O:8]1)([O:6][H:10])[H:12],52.9210136825063,51.62457905549786,12.49306883365201
YSSNFXZGTOLNNX_132_0_0,[C:0]([C:1]([O:7][H:11])([H:13])[H:14])(/[C:4](=[C:5](\[C:2]([C:3](=[O:9])[H:15])=[O:8])[H:17])[H:16])([O:6][H:10])[H:12],[C:0]1([C:1]([O:7][H:11])([H:13])[H:14])([H:12])[C:4]([H:16])=[C:5]([H:17])[C:2](=[O:8])[C:3](=[O:9])[O:6]1.[H:10][H:15],70.35950268749487,65.21392478750239,-8.04158699808797
YSSNFXZGTOLNNX_132_0_2,[C:0]([C:1]([O:7][H:11])([H:13])[H:14])(/[C:4](=[C:5](\[C:2]([C:3](=[O:9])[H:15])=[O:8])[H:17])[H:16])([O:6][H:10])[H:12],[C:0]1([C:1]([O:7][H:11])([H:13])[H:14])([H:12])[C:4]([H:16])=[C:5]([H:17])[C:2](=[O:8])[C:3](=[O:9])[O:6]1.[H:10][H:15],67.68317467004603,63.56671234995218,-8.04158699808797
YSSNFXZGTOLNNX_133_0_0,[C:0]([C:1]([O:7][H:11])([H:13])[H:14])(/[C:4](=[C:5](\[C:2]([C:3](=[O:9])[H:15])=[O:8])[H:17])[H:16])([O:6][H:10])[H:12],[C:0]1([O:6][H:10])([H:12])[C:1]([H:13])([H:14])[O:7][C:3](=[O:9])[C:2](=[O:8])[C:5]([H:17])=[C:4]1[H:16].[H:11][H:15],75.24403663550434,71.83979759796713,-4.31692160611855
YSSNFXZGTOLNNX_134_0_2,[C:0]([C:1]([O:7][H:11])([H:13])[H:14])(/[C:4](=[C:5](\[C:2]([C:3](=[O:9])[H:15])=[O:8])[H:17])[H:16])([O:6][H:10])[H:12],[C:0]1([C:1]([O:7][H:11])([H:13])[H:14])([H:12])[C:4]([C:5]([C:2]([C:3](=[O:9])[H:15])=[O:8])([H:10])[H:17])([H:16])[O:6]1,63.821481206951,61.31960083048976,17.589866156787764
YSSNFXZGTOLNNX_136_0_0,[C:0]([C:1]([O:7][H:11])([H:13])[H:14])(/[C:4](=[C:5](\[C:2]([C:3](=[O:9])[H:15])=[O:8])[H:17])[H:16])([O:6][H:10])[H:12],[C:0]1([O:6][H:10])([H:12])[C:1]([H:13])([H:14])[O:7][C:4]1([C:5]([C:2]([C:3](=[O:9])[H:15])=[O:8])([H:11])[H:17])[H:16],57.03308343596856,55.30178472548796,7.209608030592739
YSSNFXZGTOLNNX_169_0_2,[C:0]([C:1]([O:7][H:11])([H:13])[H:14])(/[C:4](=[C:5](\[C:2]([C:3](=[O:9])[H:15])=[O:8])[H:17])[H:16])([O:6][H:10])[H:12],[C:0](=[C:4](\[C:1]([O:7][H:11])([H:13])[H:14])[C:5]([C:2]([C:3](=[O:9])[H:15])=[O:8])([H:16])[H:17])(\[O:6][H:10])[H:12],64.83741908752557,63.8051659599922,-1.2096080305927426
YSSNFXZGTOLNNX_174_0_1,[C:0]([C:1]([O:7][H:11])([H:13])[H:14])(/[C:4](=[C:5](\[C:2]([C:3](=[O:9])[H:15])=[O:8])[H:17])[H:16])([O:6][H:10])[H:12],[C:0](=[C:4](\[C:5]([C:2]([C:3](=[O:9])[H:15])=[O:8])([H:11])[H:17])[H:16])(\[O:6][H:10])[H:12].[C:1](=[O:7])([H:13])[H:14],32.54515270801458,28.17768658798373,16.60038240917781
YSSNFXZGTOLNNX_174_0_3,[C:0]([C:1]([O:7][H:11])([H:13])[H:14])(/[C:4](=[C:5](\[C:2]([C:3](=[O:9])[H:15])=[O:8])[H:17])[H:16])([O:6][H:10])[H:12],[C:0](=[C:4](/[C:5]([C:2]([C:3](=[O:9])[H:15])=[O:8])([H:11])[H:17])[H:16])(\[O:6][H:10])[H:12].[C:1](=[O:7])([H:13])[H:14],39.06560392253146,34.02795765648051,16.60038240917781
YSSNFXZGTOLNNX_19_0_1,[C:0]([C:1]([O:7][H:11])([H:13])[H:14])(/[C:4](=[C:5](\[C:2]([C:3](=[O:9])[H:15])=[O:8])[H:17])[H:16])([O:6][H:10])[H:12],[C:0](=[C:1]([H:13])[H:14])([O:6][H:10])[H:12].[C:2]([C:3](=[O:9])[H:15])(/[C:5](=[C:4](\[O:7][H:11])[H:16])[H:17])=[O:8],73.7725268580099,71.50596254395391,16.87284894837476
YSSNFXZGTOLNNX_208_0_1,[C:0]([C:1]([O:7][H:11])([H:13])[H:14])(/[C:4](=[C:5](\[C:2]([C:3](=[O:9])[H:15])=[O:8])[H:17])[H:16])([O:6][H:10])[H:12],[C:0](\[C:1]([O:7][H:11])([H:13])[H:14])(=[C:4](\[C:5](=[C:2]=[O:8])[H:17])[H:16])[H:12].[C:3]([O:6][H:10])(=[O:9])[H:15],61.70551917301416,59.886996641968416,5.997370936902476
YSSNFXZGTOLNNX_237_0_1,[C:0]([C:1]([O:7][H:11])([H:13])[H:14])(/[C:4](=[C:5](\[C:2]([C:3](=[O:9])[H:15])=[O:8])[H:17])[H:16])([O:6][H:10])[H:12],[C:0](=[C:1](/[O:7][H:11])[H:14])(\[C:4](=[C:5](/[C:2]([C:3](=[O:9])[H:15])([O:8][H:13])[H:12])[H:17])[H:16])[O:6][H:10],62.42401755048362,59.24254438545469,-2.6857074569789594
YSSNFXZGTOLNNX_237_0_2,[C:0]([C:1]([O:7][H:11])([H:13])[H:14])(/[C:4](=[C:5](\[C:2]([C:3](=[O:9])[H:15])=[O:8])[H:17])[H:16])([O:6][H:10])[H:12],[C:0](=[C:1](/[O:7][H:11])[H:14])(\[C:4](=[C:5](/[C:2]([C:3](=[O:9])[H:15])([O:8][H:13])[H:12])[H:17])[H:16])[O:6][H:10],55.553416034994704,53.36152535146421,-2.6857074569789594
YSSNFXZGTOLNNX_238_0_1,[C:0]([C:1]([O:7][H:11])([H:13])[H:14])(/[C:4](=[C:5](\[C:2]([C:3](=[O:9])[H:15])=[O:8])[H:17])[H:16])([O:6][H:10])[H:12],[C:0](=[C:1](/[O:7][H:11])[H:14])(\[C:4](=[C:5](/[C:2]([C:3]([O:9][H:13])([H:12])[H:15])=[O:8])[H:17])[H:16])[O:6][H:10],54.52932053101208,51.15520194947016,-10.27151051625239
YSSNFXZGTOLNNX_250_0_1,[C:0]([C:1]([O:7][H:11])([H:13])[H:14])(/[C:4](=[C:5](\[C:2]([C:3](=[O:9])[H:15])=[O:8])[H:17])[H:16])([O:6][H:10])[H:12],[C:0](\[C:1]([O:7][H:11])([H:13])[H:14])(=[C:4]([C:5](=[C:2](\[C:3](=[O:9])[H:15])[O:8][H:12])\[H:17])/[H:16])[O:6][H:10],25.681453796936893,23.32829317195687,-8.322896749521982
YSSNFXZGTOLNNX_250_0_2,[C:0]([C:1]([O:7][H:11])([H:13])[H:14])(/[C:4](=[C:5](\[C:2]([C:3](=[O:9])[H:15])=[O:8])[H:17])[H:16])([O:6][H:10])[H:12],[C:0](\[C:1]([O:7][H:11])([H:13])[H:14])(=[C:4]([C:5](=[C:2](\[C:3](=[O:9])[H:15])[O:8][H:12])\[H:17])/[H:16])[O:6][H:10],28.762525442005288,26.04791934501041,-8.322896749521982
YSSNFXZGTOLNNX_250_0_3,[C:0]([C:1]([O:7][H:11])([H:13])[H:14])(/[C:4](=[C:5](\[C:2]([C:3](=[O:9])[H:15])=[O:8])[H:17])[H:16])([O:6][H:10])[H:12],[C:0](\[C:1]([O:7][H:11])([H:13])[H:14])(=[C:4]([C:5](=[C:2](\[C:3](=[O:9])[H:15])[O:8][H:12])\[H:17])/[H:16])[O:6][H:10],29.440235702006383,26.91953004044999,-8.322896749521982
YSSNFXZGTOLNNX_252_0_1,[C:0]([C:1]([O:7][H:11])([H:13])[H:14])(/[C:4](=[C:5](\[C:2]([C:3](=[O:9])[H:15])=[O:8])[H:17])[H:16])([O:6][H:10])[H:12],[C:0](\[C:1]([O:7][H:11])([H:13])[H:14])(=[C:4](\[C:5]1([H:17])[C:2](=[O:8])[C:3]([H:12])([H:15])[O:9]1)[H:16])[O:6][H:10],67.76475090498275,65.6845569124556,17.759082217973223
YSSNFXZGTOLNNX_253_0_0,[C:0]([C:1]([O:7][H:11])([H:13])[H:14])(/[C:4](=[C:5](\[C:2]([C:3](=[O:9])[H:15])=[O:8])[H:17])[H:16])([O:6][H:10])[H:12],[C:0](\[C:1]([O:7][H:11])([H:13])[H:14])(=[C:4](\[C:5]1([H:17])[C:2](=[O:8])[C:3]1([O:9][H:12])[H:15])[H:16])[O:6][H:10],44.28209039598757,41.75887469650886,16.387906309751436
YSSNFXZGTOLNNX_253_0_3,[C:0]([C:1]([O:7][H:11])([H:13])[H:14])(/[C:4](=[C:5](\[C:2]([C:3](=[O:9])[H:15])=[O:8])[H:17])[H:16])([O:6][H:10])[H:12],[C:0](\[C:1]([O:7][H:11])([H:13])[H:14])(=[C:4](/[C:5]1([H:17])[C:2](=[O:8])[C:3]1([O:9][H:12])[H:15])[H:16])[O:6][H:10],47.827519071025016,44.8957946870076,16.387906309751436
YSSNFXZGTOLNNX_255_0_0,[C:0]([C:1]([O:7][H:11])([H:13])[H:14])(/[C:4](=[C:5](\[C:2]([C:3](=[O:9])[H:15])=[O:8])[H:17])[H:16])([O:6][H:10])[H:12],[C:0]([C:1]([O:7][H:11])([H:13])[H:14])(/[C:4](=[C:5](\[C:2]([C:3]([O:9][H:10])([H:12])[H:15])=[O:8])[H:17])[H:16])=[O:6],37.69135811750546,34.1860900505093,-13.673996175908218
YSSNFXZGTOLNNX_255_0_1,[C:0]([C:1]([O:7][H:11])([H:13])[H:14])(/[C:4](=[C:5](\[C:2]([C:3](=[O:9])[H:15])=[O:8])[H:17])[H:16])([O:6][H:10])[H:12],[C:0]([C:1]([O:7][H:11])([H:13])[H:14])(/[C:4](=[C:5](\[C:2]([C:3]([O:9][H:10])([H:12])[H:15])=[O:8])[H:17])[H:16])=[O:6],35.30117443197623,32.18245221700289,-13.673996175908218
YSSNFXZGTOLNNX_255_0_3,[C:0]([C:1]([O:7][H:11])([H:13])[H:14])(/[C:4](=[C:5](\[C:2]([C:3](=[O:9])[H:15])=[O:8])[H:17])[H:16])([O:6][H:10])[H:12],[C:0]([C:1]([O:7][H:11])([H:13])[H:14])(/[C:4](=[C:5](\[C:2]([C:3]([O:9][H:10])([H:12])[H:15])=[O:8])[H:17])[H:16])=[O:6],33.172662207999736,30.433583240495302,-13.673996175908218
YSSNFXZGTOLNNX_255_1_2,[C:0]([C:1]([O:7][H:11])([H:13])[H:14])(/[C:4](=[C:5](\[C:2]([C:3](=[O:9])[H:15])=[O:8])[H:17])[H:16])([O:6][H:10])[H:12],[C:0]([C:1]([O:7][H:11])([H:13])[H:14])(/[C:4](=[C:5](\[C:2]([C:3]([O:9][H:12])([H:10])[H:15])=[O:8])[H:17])[H:16])=[O:6],64.93468305999401,60.137372932478335,-13.673996175908218
YSSNFXZGTOLNNX_255_1_0,[C:0]([C:1]([O:7][H:11])([H:13])[H:14])(/[C:4](=[C:5](\[C:2]([C:3](=[O:9])[H:15])=[O:8])[H:17])[H:16])([O:6][H:10])[H:12],[C:0]([C:1]([O:7][H:11])([H:13])[H:14])(/[C:4](=[C:5](\[C:2]([C:3]([O:9][H:12])([H:10])[H:15])=[O:8])[H:17])[H:16])=[O:6],63.93443291695118,59.74078692848087,-13.673996175908218
YSSNFXZGTOLNNX_280_0_0,[C:0]([C:1]([O:7][H:11])([H:13])[H:14])(/[C:4](=[C:5](\[C:2]([C:3](=[O:9])[H:15])=[O:8])[H:17])[H:16])([O:6][H:10])[H:12],[C:0]([C:1](=[O:7])[H:14])(/[C:4](=[C:5](\[C:2]([C:3](=[O:9])[H:15])([O:8][H:11])[H:13])[H:17])[H:16])([O:6][H:10])[H:12],43.36404399752256,39.032973428471166,1.4978489483747734
YSSNFXZGTOLNNX_280_0_1,[C:0]([C:1]([O:7][H:11])([H:13])[H:14])(/[C:4](=[C:5](\[C:2]([C:3](=[O:9])[H:15])=[O:8])[H:17])[H:16])([O:6][H:10])[H:12],[C:0]([C:1](=[O:7])[H:14])(/[C:4](=[C:5](\[C:2]([C:3](=[O:9])[H:15])([O:8][H:11])[H:13])[H:17])[H:16])([O:6][H:10])[H:12],39.32727538401286,35.520175247494016,1.4978489483747734
YSSNFXZGTOLNNX_280_0_3,[C:0]([C:1]([O:7][H:11])([H:13])[H:14])(/[C:4](=[C:5](\[C:2]([C:3](=[O:9])[H:15])=[O:8])[H:17])[H:16])([O:6][H:10])[H:12],[C:0]([C:1](=[O:7])[H:14])(/[C:4](=[C:5](\[C:2]([C:3](=[O:9])[H:15])([O:8][H:11])[H:13])[H:17])[H:16])([O:6][H:10])[H:12],38.12057461549188,34.430818755462134,1.4978489483747734
YSSNFXZGTOLNNX_281_0_1,[C:0]([C:1]([O:7][H:11])([H:13])[H:14])(/[C:4](=[C:5](\[C:2]([C:3](=[O:9])[H:15])=[O:8])[H:17])[H:16])([O:6][H:10])[H:12],[C:0]([C:1](=[O:7])[H:14])([C:4]([C:5]([C:2]([C:3](=[O:9])[H:15])=[O:8])([H:11])[H:17])([H:13])[H:16])([O:6][H:10])[H:12],66.58503304503633,61.29387294098338,-12.013862332695975
YSSNFXZGTOLNNX_281_0_2,[C:0]([C:1]([O:7][H:11])([H:13])[H:14])(/[C:4](=[C:5](\[C:2]([C:3](=[O:9])[H:15])=[O:8])[H:17])[H:16])([O:6][H:10])[H:12],[C:0]([C:1](=[O:7])[H:14])([C:4]([C:5]([C:2]([C:3](=[O:9])[H:15])=[O:8])([H:11])[H:17])([H:13])[H:16])([O:6][H:10])[H:12],69.05491043693569,63.62005065746019,-12.013862332695975
YSSNFXZGTOLNNX_285_0_3,[C:0]([C:1]([O:7][H:11])([H:13])[H:14])(/[C:4](=[C:5](\[C:2]([C:3](=[O:9])[H:15])=[O:8])[H:17])[H:16])([O:6][H:10])[H:12],[C:0]([C:1]([O:7][C:3](=[O:9])[H:15])([H:13])[H:14])([C:4]([C:5](=[C:2]=[O:8])[H:17])([H:11])[H:16])([O:6][H:10])[H:12],73.16949022853429,70.61615407298893,-12.912523900573602
YSSNFXZGTOLNNX_2_1_1,[C:0]([C:1]([O:7][H:11])([H:13])[H:14])(/[C:4](=[C:5](\[C:2]([C:3](=[O:9])[H:15])=[O:8])[H:17])[H:16])([O:6][H:10])[H:12],[C:0]([C:1]([O:7][H:11])([H:13])[H:14])(/[C:4](=[C:5](\[C:2]([C:3](=[O:9])[H:15])([O:8][H:10])[H:12])[H:17])[H:16])=[O:6],49.91461566796339,45.314343523449615,-6.087954110898656
YSSNFXZGTOLNNX_2_1_3,[C:0]([C:1]([O:7][H:11])([H:13])[H:14])(/[C:4](=[C:5](\[C:2]([C:3](=[O:9])[H:15])=[O:8])[H:17])[H:16])([O:6][H:10])[H:12],[C:0]([C:1]([O:7][H:11])([H:13])[H:14])(/[C:4](=[C:5](\[C:2]([C:3](=[O:9])[H:15])([O:8][H:10])[H:12])[H:17])[H:16])=[O:6],47.90972281553149,43.47825072644823,-6.087954110898656
YSSNFXZGTOLNNX_2_3_1,[C:0]([C:1]([O:7][H:11])([H:13])[H:14])(/[C:4](=[C:5](\[C:2]([C:3](=[O:9])[H:15])=[O:8])[H:17])[H:16])([O:6][H:10])[H:12],[C:0]([C:1](=[O:7])[H:14])(/[C:4](=[C:5](\[C:2]([C:3]([O:9][H:11])([H:13])[H:15])=[O:8])[H:17])[H:16])([O:6][H:10])[H:12],36.77707677603093,33.62509655749888,-6.087954110898656
YSSNFXZGTOLNNX_2_3_2,[C:0]([C:1]([O:7][H:11])([H:13])[H:14])(/[C:4](=[C:5](\[C:2]([C:3](=[O:9])[H:15])=[O:8])[H:17])[H:16])([O:6][H:10])[H:12],[C:0]([C:1](=[O:7])[H:14])(/[C:4](=[C:5](\[C:2]([C:3]([O:9][H:11])([H:13])[H:15])=[O:8])[H:17])[H:16])([O:6][H:10])[H:12],40.033223571514,36.745073791469046,-6.087954110898656
YSSNFXZGTOLNNX_2_4_1,[C:0]([C:1]([O:7][H:11])([H:13])[H:14])(/[C:4](=[C:5](\[C:2]([C:3](=[O:9])[H:15])=[O:8])[H:17])[H:16])([O:6][H:10])[H:12],[C:0]([C:1](=[O:7])[H:14])(/[C:4](=[C:5](\[C:2]([C:3]([O:9][H:13])([H:11])[H:15])=[O:8])[H:17])[H:16])([O:6][H:10])[H:12],59.38436153245334,55.69146812500286,-6.087954110898656
YSSNFXZGTOLNNX_313_0_1,[C:0]([C:1]([O:7][H:11])([H:13])[H:14])(/[C:4](=[C:5](\[C:2]([C:3](=[O:9])[H:15])=[O:8])[H:17])[H:16])([O:6][H:10])[H:12],[C:0]1([C:1]([O:7][H:11])([H:13])[H:14])([H:12])[C:4](/[C:5](=[C:2](/[C:3](=[O:9])[H:15])[O:8][H:10])[H:17])([H:16])[O:6]1,32.05130273154865,30.32251405899037,17.602294455066925
YSSNFXZGTOLNNX_313_0_2,[C:0]([C:1]([O:7][H:11])([H:13])[H:14])(/[C:4](=[C:5](\[C:2]([C:3](=[O:9])[H:15])=[O:8])[H:17])[H:16])([O:6][H:10])[H:12],[C:0]1([C:1]([O:7][H:11])([H:13])[H:14])([H:12])[C:4](/[C:5](=[C:2](/[C:3](=[O:9])[H:15])[O:8][H:10])[H:17])([H:16])[O:6]1,33.85539254398816,31.959686344494603,17.602294455066925
YSSNFXZGTOLNNX_315_0_1,[C:0]([C:1]([O:7][H:11])([H:13])[H:14])(/[C:4](=[C:5](\[C:2]([C:3](=[O:9])[H:15])=[O:8])[H:17])[H:16])([O:6][H:10])[H:12],[C:0]1([O:6][H:10])([H:12])[C:1]([H:13])([H:14])[O:7][C:4]1(/[C:5](=[C:2](/[C:3](=[O:9])[H:15])[O:8][H:11])[H:17])[H:16],33.65019693750685,33.649569428008434,10.284416826003817
YSSNFXZGTOLNNX_315_0_2,[C:0]([C:1]([O:7][H:11])([H:13])[H:14])(/[C:4](=[C:5](\[C:2]([C:3](=[O:9])[H:15])=[O:8])[H:17])[H:16])([O:6][H:10])[H:12],[C:0]1([O:6][H:10])([H:12])[C:1]([H:13])([H:14])[O:7][C:4]1(/[C:5](=[C:2](/[C:3](=[O:9])[H:15])[O:8][H:11])[H:17])[H:16],35.95566684053594,34.83995494949926,10.284416826003817
YSSNFXZGTOLNNX_39_1_0,[C:0]([C:1]([O:7][H:11])([H:13])[H:14])(/[C:4](=[C:5](\[C:2]([C:3](=[O:9])[H:15])=[O:8])[H:17])[H:16])([O:6][H:10])[H:12],[C:0]1([C:1]([O:7][H:11])([H:13])[H:14])([H:12])[C:4]([H:16])=[C:5]([H:17])[C:2]([C:3](=[O:9])[H:15])([O:8][H:10])[O:6]1,44.40759229595607,41.298282723458975,-3.5530592734225586
YSSNFXZGTOLNNX_39_1_1,[C:0]([C:1]([O:7][H:11])([H:13])[H:14])(/[C:4](=[C:5](\[C:2]([C:3](=[O:9])[H:15])=[O:8])[H:17])[H:16])([O:6][H:10])[H:12],[C:0]1([C:1]([O:7][H:11])([H:13])[H:14])([H:12])[C:4]([H:16])=[C:5]([H:17])[C:2]([C:3](=[O:9])[H:15])([O:8][H:10])[O:6]1,42.95239776549177,40.5684891749467,-3.5530592734225586
YSSNFXZGTOLNNX_39_1_2,[C:0]([C:1]([O:7][H:11])([H:13])[H:14])(/[C:4](=[C:5](\[C:2]([C:3](=[O:9])[H:15])=[O:8])[H:17])[H:16])([O:6][H:10])[H:12],[C:0]1([C:1]([O:7][H:11])([H:13])[H:14])([H:12])[C:4]([H:16])=[C:5]([H:17])[C:2]([C:3](=[O:9])[H:15])([O:8][H:10])[O:6]1,43.73301958344705,41.50787089650053,-3.5530592734225586
YSSNFXZGTOLNNX_41_1_1,[C:0]([C:1]([O:7][H:11])([H:13])[H:14])(/[C:4](=[C:5](\[C:2]([C:3](=[O:9])[H:15])=[O:8])[H:17])[H:16])([O:6][H:10])[H:12],[C:0]1([C:1]([O:7][H:11])([H:13])[H:14])([H:12])[C:4]([H:16])=[C:5]([H:17])[C:2](=[O:8])[C:3]([O:9][H:10])([H:15])[O:6]1,39.11956973953789,37.38513348149387,-12.06835564053538
YSSNFXZGTOLNNX_41_1_2,[C:0]([C:1]([O:7][H:11])([H:13])[H:14])(/[C:4](=[C:5](\[C:2]([C:3](=[O:9])[H:15])=[O:8])[H:17])[H:16])([O:6][H:10])[H:12],[C:0]1([C:1]([O:7][H:11])([H:13])[H:14])([H:12])[C:4]([H:16])=[C:5]([H:17])[C:2](=[O:8])[C:3]([O:9][H:10])([H:15])[O:6]1,41.40307680997975,39.35488580194315,-12.06835564053538
YSSNFXZGTOLNNX_41_1_3,[C:0]([C:1]([O:7][H:11])([H:13])[H:14])(/[C:4](=[C:5](\[C:2]([C:3](=[O:9])[H:15])=[O:8])[H:17])[H:16])([O:6][H:10])[H:12],[C:0]1([C:1]([O:7][H:11])([H:13])[H:14])([H:12])[C:4]([H:16])=[C:5]([H:17])[C:2](=[O:8])[C:3]([O:9][H:10])([H:15])[O:6]1,41.49406568753538,39.29527239945098,-12.06835564053538
YSSNFXZGTOLNNX_49_0_3,[C:0]([C:1]([O:7][H:11])([H:13])[H:14])(/[C:4](=[C:5](\[C:2]([C:3](=[O:9])[H:15])=[O:8])[H:17])[H:16])([O:6][H:10])[H:12],[C:0](=[C:1]([H:13])[H:14])(/[C:4](=[C:5](\[C:2]([C:3](=[O:9])[H:15])=[O:8])[H:17])[H:16])[O:6][H:10].[O:7]([H:11])[H:12],65.34507427295664,61.67916377400937,-0.3941204588910136
YSSNFXZGTOLNNX_70_1_1,[C:0]([C:1]([O:7][H:11])([H:13])[H:14])(/[C:4](=[C:5](\[C:2]([C:3](=[O:9])[H:15])=[O:8])[H:17])[H:16])([O:6][H:10])[H:12],[C:0]1([O:6][H:10])([H:12])[C:1]([H:13])([H:14])[O:7][C:2]([C:3](=[O:9])[H:15])([O:8][H:11])[C:5]([H:17])=[C:4]1[H:16],41.86868885901696,40.611787330480055,-5.263384321223721
YSSNFXZGTOLNNX_70_1_2,[C:0]([C:1]([O:7][H:11])([H:13])[H:14])(/[C:4](=[C:5](\[C:2]([C:3](=[O:9])[H:15])=[O:8])[H:17])[H:16])([O:6][H:10])[H:12],[C:0]1([O:6][H:10])([H:12])[C:1]([H:13])([H:14])[O:7][C:2]([C:3](=[O:9])[H:15])([O:8][H:11])[C:5]([H:17])=[C:4]1[H:16],44.83618128451543,42.27405999599225,-5.263384321223721
YSSNFXZGTOLNNX_72_1_1,[C:0]([C:1]([O:7][H:11])([H:13])[H:14])(/[C:4](=[C:5](\[C:2]([C:3](=[O:9])[H:15])=[O:8])[H:17])[H:16])([O:6][H:10])[H:12],[C:0]1([O:6][H:10])([H:12])[C:1]([H:13])([H:14])[O:7][C:3]([O:9][H:11])([H:15])[C:2](=[O:8])[C:5]([H:17])=[C:4]1[H:16],40.88538147243136,41.372956353984456,-10.102294455066929
YSSNFXZGTOLNNX_72_1_2,[C:0]([C:1]([O:7][H:11])([H:13])[H:14])(/[C:4](=[C:5](\[C:2]([C:3](=[O:9])[H:15])=[O:8])[H:17])[H:16])([O:6][H:10])[H:12],[C:0]1([O:6][H:10])([H:12])[C:1]([H:13])([H:14])[O:7][C:3]([O:9][H:11])([H:15])[C:2](=[O:8])[C:5]([H:17])=[C:4]1[H:16],44.52995664843249,43.01138365848552,-10.102294455066929
YSSNFXZGTOLNNX_95_0_0,[C:0]([C:1]([O:7][H:11])([H:13])[H:14])(/[C:4](=[C:5](\[C:2]([C:3](=[O:9])[H:15])=[O:8])[H:17])[H:16])([O:6][H:10])[H:12],[C:0]([C:1](=[O:7])[H:14])(/[C:4](=[C:5](\[C:2]([C:3](=[O:9])[H:15])=[O:8])[H:17])[H:16])([O:6][H:10])[H:12].[H:11][H:13],95.45549012098311,89.13082187047131,17.504780114722756
YSSNFXZGTOLNNX_97_0_3,[C:0]([C:1]([O:7][H:11])([H:13])[H:14])(/[C:4](=[C:5](\[C:2]([C:3](=[O:9])[H:15])=[O:8])[H:17])[H:16])([O:6][H:10])[H:12],[C:0]([C:1]([O:7][H:11])([H:13])[H:14])([C:4]1([H:16])[C:2](=[O:8])[C:5]1([C:3](=[O:9])[H:15])[H:17])([O:6][H:10])[H:12],81.44383049547474,76.2285990409441,1.5681166347992437
YSSNFXZGTOLNNX_98_0_0,[C:0]([C:1]([O:7][H:11])([H:13])[H:14])(/[C:4](=[C:5](\[C:2]([C:3](=[O:9])[H:15])=[O:8])[H:17])[H:16])([O:6][H:10])[H:12],[C:0]([C:1]([O:7][H:11])([H:13])[H:14])([C:4]([C:3](=[O:9])[H:15])([C:5](=[C:2]=[O:8])[H:17])[H:16])([O:6][H:10])[H:12],66.81470152202718,63.74178750050953,1.4866156787762972
YSSNFXZGTOLNNX_98_0_3,[C:0]([C:1]([O:7][H:11])([H:13])[H:14])(/[C:4](=[C:5](\[C:2]([C:3](=[O:9])[H:15])=[O:8])[H:17])[H:16])([O:6][H:10])[H:12],[C:0]([C:1]([O:7][H:11])([H:13])[H:14])([C:4]([C:3](=[O:9])[H:15])([C:5](=[C:2]=[O:8])[H:17])[H:16])([O:6][H:10])[H:12],69.9754668734657,66.25308051944701,1.4866156787762972
ZGCHLOWZNKRZSN_104_1_0,[C:0]([C:1]([C:3]([C:4]([C:5](=[O:10])[H:20])=[O:9])([H:18])[H:19])([O:7][H:12])[H:15])([C:2]([O:8][H:13])([H:16])[H:17])([O:6][H:11])[H:14],[C:0]([C:1]1([H:15])[C:3]([H:18])([H:19])[C:4]([C:5](=[O:10])[H:20])([O:9][H:12])[O:7]1)([C:2]([O:8][H:13])([H:16])[H:17])([O:6][H:11])[H:14],56.741919027990285,52.73652588947271,13.494024856596573
ZGCHLOWZNKRZSN_104_1_2,[C:0]([C:1]([C:3]([C:4]([C:5](=[O:10])[H:20])=[O:9])([H:18])[H:19])([O:7][H:12])[H:15])([C:2]([O:8][H:13])([H:16])[H:17])([O:6][H:11])[H:14],[C:0]([C:1]1([H:15])[C:3]([H:18])([H:19])[C:4]([C:5](=[O:10])[H:20])([O:9][H:12])[O:7]1)([C:2]([O:8][H:13])([H:16])[H:17])([O:6][H:11])[H:14],58.86227362855871,56.43632190147711,13.494024856596573
ZGCHLOWZNKRZSN_104_1_3,[C:0]([C:1]([C:3]([C:4]([C:5](=[O:10])[H:20])=[O:9])([H:18])[H:19])([O:7][H:12])[H:15])([C:2]([O:8][H:13])([H:16])[H:17])([O:6][H:11])[H:14],[C:0]([C:1]1([H:15])[C:3]([H:18])([H:19])[C:4]([C:5](=[O:10])[H:20])([O:9][H:12])[O:7]1)([C:2]([O:8][H:13])([H:16])[H:17])([O:6][H:11])[H:14],55.02128797898275,50.52204486399925,13.494024856596573
ZGCHLOWZNKRZSN_106_1_0,[C:0]([C:1]([C:3]([C:4]([C:5](=[O:10])[H:20])=[O:9])([H:18])[H:19])([O:7][H:12])[H:15])([C:2]([O:8][H:13])([H:16])[H:17])([O:6][H:11])[H:14],[C:0]([C:1]1([H:15])[C:3]([H:18])([H:19])[C:4](=[O:9])[C:5]([O:10][H:12])([H:20])[O:7]1)([C:2]([O:8][H:13])([H:16])[H:17])([O:6][H:11])[H:14],44.05932452355063,41.066731717972864,-5.449091778202671
ZGCHLOWZNKRZSN_106_1_1,[C:0]([C:1]([C:3]([C:4]([C:5](=[O:10])[H:20])=[O:9])([H:18])[H:19])([O:7][H:12])[H:15])([C:2]([O:8][H:13])([H:16])[H:17])([O:6][H:11])[H:14],[C:0]([C:1]1([H:15])[C:3]([H:18])([H:19])[C:4](=[O:9])[C:5]([O:10][H:12])([H:20])[O:7]1)([C:2]([O:8][H:13])([H:16])[H:17])([O:6][H:11])[H:14],43.10613759303165,40.61680740646738,-5.449091778202671
ZGCHLOWZNKRZSN_134_0_3,[C:0]([C:1]([C:3]([C:4]([C:5](=[O:10])[H:20])=[O:9])([H:18])[H:19])([O:7][H:12])[H:15])([C:2]([O:8][H:13])([H:16])[H:17])([O:6][H:11])[H:14],[C:0]1([O:6][H:11])([H:14])[C:1]([O:7][H:12])([H:15])[C:3]([H:18])([H:19])[C:4]([C:5](=[O:10])[H:20])([O:8][H:13])[O:9][C:2]1([H:16])[H:17],58.783834941042734,58.57801182499167,-5.0203154875717
ZGCHLOWZNKRZSN_134_1_1,[C:0]([C:1]([C:3]([C:4]([C:5](=[O:10])[H:20])=[O:9])([H:18])[H:19])([O:7][H:12])[H:15])([C:2]([O:8][H:13])([H:16])[H:17])([O:6][H:11])[H:14],[C:0]1([O:6][H:11])([H:14])[C:1]([O:7][H:12])([H:15])[C:3]([H:18])([H:19])[C:4]([C:5](=[O:10])[H:20])([O:9][H:13])[O:8][C:2]1([H:16])[H:17],41.35789612602248,38.53975096150366,-5.0203154875717
ZGCHLOWZNKRZSN_134_1_0,[C:0]([C:1]([C:3]([C:4]([C:5](=[O:10])[H:20])=[O:9])([H:18])[H:19])([O:7][H:12])[H:15])([C:2]([O:8][H:13])([H:16])[H:17])([O:6][H:11])[H:14],[C:0]1([O:6][H:11])([H:14])[C:1]([O:7][H:12])([H:15])[C:3]([H:18])([H:19])[C:4]([C:5](=[O:10])[H:20])([O:9][H:13])[O:8][C:2]1([H:16])[H:17],36.09622896853775,34.82426721196753,-5.0203154875717
ZGCHLOWZNKRZSN_136_1_0,[C:0]([C:1]([C:3]([C:4]([C:5](=[O:10])[H:20])=[O:9])([H:18])[H:19])([O:7][H:12])[H:15])([C:2]([O:8][H:13])([H:16])[H:17])([O:6][H:11])[H:14],[C:0]1([O:6][H:11])([H:14])[C:1]([O:7][H:12])([H:15])[C:3]([H:18])([H:19])[C:4](=[O:9])[C:5]([O:10][H:13])([H:20])[O:8][C:2]1([H:16])[H:17],42.05568669004422,40.68395092301188,-6.9603250478011365
ZGCHLOWZNKRZSN_136_1_1,[C:0]([C:1]([C:3]([C:4]([C:5](=[O:10])[H:20])=[O:9])([H:18])[H:19])([O:7][H:12])[H:15])([C:2]([O:8][H:13])([H:16])[H:17])([O:6][H:11])[H:14],[C:0]1([O:6][H:11])([H:14])[C:1]([O:7][H:12])([H:15])[C:3]([H:18])([H:19])[C:4](=[O:9])[C:5]([O:10][H:13])([H:20])[O:8][C:2]1([H:16])[H:17],37.90784889502959,36.63400460996412,-6.9603250478011365
ZGCHLOWZNKRZSN_136_1_3,[C:0]([C:1]([C:3]([C:4]([C:5](=[O:10])[H:20])=[O:9])([H:18])[H:19])([O:7][H:12])[H:15])([C:2]([O:8][H:13])([H:16])[H:17])([O:6][H:11])[H:14],[C:0]1([O:6][H:11])([H:14])[C:1]([O:7][H:12])([H:15])[C:3]([H:18])([H:19])[C:4](=[O:9])[C:5]([O:10][H:13])([H:20])[O:8][C:2]1([H:16])[H:17],43.51276374907511,42.11216254497297,-6.9603250478011365
ZGCHLOWZNKRZSN_149_0_1,[C:0]([C:1]([C:3]([C:4]([C:5](=[O:10])[H:20])=[O:9])([H:18])[H:19])([O:7][H:12])[H:15])([C:2]([O:8][H:13])([H:16])[H:17])([O:6][H:11])[H:14],[C:0]1([O:6][H:11])([H:14])[C:1]([O:7][H:12])([H:15])[C:3]([H:18])([H:19])[C:4](=[O:9])[C:5](=[O:10])[C:2]1([O:8][H:13])[H:17].[H:16][H:20],79.06431447148991,76.17714326200269,1.910611854684519
ZGCHLOWZNKRZSN_153_1_3,[C:0]([C:1]([C:3]([C:4]([C:5](=[O:10])[H:20])=[O:9])([H:18])[H:19])([O:7][H:12])[H:15])([C:2]([O:8][H:13])([H:16])[H:17])([O:6][H:11])[H:14],[C-:5]#[O+:10].[C:0]([C:1]([C:3]([C:4](=[O:9])[H:20])([H:18])[H:19])([O:7][H:12])[H:15])([C:2]([O:8][H:13])([H:16])[H:17])([O:6][H:11])[H:14],76.39928162501256,71.57749862698732,1.9084608030592767
ZGCHLOWZNKRZSN_154_1_1,[C:0]([C:1]([C:3]([C:4]([C:5](=[O:10])[H:20])=[O:9])([H:18])[H:19])([O:7][H:12])[H:15])([C:2]([O:8][H:13])([H:16])[H:17])([O:6][H:11])[H:14],[C:0]([C:1]([C:3]([C:4]1([H:20])[C:5](=[O:10])[O:9]1)([H:18])[H:19])([O:7][H:12])[H:15])([C:2]([O:8][H:13])([H:16])[H:17])([O:6][H:11])[H:14],56.22987127607031,51.720588008969486,13.54565009560231
ZGCHLOWZNKRZSN_154_1_2,[C:0]([C:1]([C:3]([C:4]([C:5](=[O:10])[H:20])=[O:9])([H:18])[H:19])([O:7][H:12])[H:15])([C:2]([O:8][H:13])([H:16])[H:17])([O:6][H:11])[H:14],[C:0]([C:1]([C:3]([C:4]1([H:20])[C:5](=[O:10])[O:9]1)([H:18])[H:19])([O:7][H:12])[H:15])([C:2]([O:8][H:13])([H:16])[H:17])([O:6][H:11])[H:14],50.998952084007946,47.96243361346975,13.54565009560231
ZGCHLOWZNKRZSN_154_1_3,[C:0]([C:1]([C:3]([C:4]([C:5](=[O:10])[H:20])=[O:9])([H:18])[H:19])([O:7][H:12])[H:15])([C:2]([O:8][H:13])([H:16])[H:17])([O:6][H:11])[H:14],[C:0]([C:1]([C:3]([C:4]1([H:20])[C:5](=[O:10])[O:9]1)([H:18])[H:19])([O:7][H:12])[H:15])([C:2]([O:8][H:13])([H:16])[H:17])([O:6][H:11])[H:14],61.85674896256038,55.92113660199372,13.54565009560231
ZGCHLOWZNKRZSN_165_2_2,[C:0]([C:1]([C:3]([C:4]([C:5](=[O:10])[H:20])=[O:9])([H:18])[H:19])([O:7][H:12])[H:15])([C:2]([O:8][H:13])([H:16])[H:17])([O:6][H:11])[H:14],[C:0]([C:1](/[C:3](=[C:4](/[C:5](=[O:10])[H:20])[O:9][H:15])[H:19])([O:7][H:12])[H:18])([C:2]([O:8][H:13])([H:16])[H:17])([O:6][H:11])[H:14],69.74830843446851,64.66297144646663,4.704827915869995
ZGCHLOWZNKRZSN_165_3_0,[C:0]([C:1]([C:3]([C:4]([C:5](=[O:10])[H:20])=[O:9])([H:18])[H:19])([O:7][H:12])[H:15])([C:2]([O:8][H:13])([H:16])[H:17])([O:6][H:11])[H:14],[C:0]([C:1](/[C:3](=[C:4](/[C:5](=[O:10])[H:20])[O:9][H:16])[H:19])([O:7][H:12])[H:15])([C:2]([O:8][H:13])([H:17])[H:18])([O:6][H:11])[H:14],77.81306052858143,74.43392187098084,4.704827915869995
ZGCHLOWZNKRZSN_165_3_1,[C:0]([C:1]([C:3]([C:4]([C:5](=[O:10])[H:20])=[O:9])([H:18])[H:19])([O:7][H:12])[H:15])([C:2]([O:8][H:13])([H:16])[H:17])([O:6][H:11])[H:14],[C:0]([C:1](/[C:3](=[C:4](/[C:5](=[O:10])[H:20])[O:9][H:16])[H:19])([O:7][H:12])[H:15])([C:2]([O:8][H:13])([H:17])[H:18])([O:6][H:11])[H:14],74.74704911154635,71.95400432696415,4.704827915869995
ZGCHLOWZNKRZSN_165_5_1,[C:0]([C:1]([C:3]([C:4]([C:5](=[O:10])[H:20])=[O:9])([H:18])[H:19])([O:7][H:12])[H:15])([C:2]([O:8][H:13])([H:16])[H:17])([O:6][H:11])[H:14],[C:0]([C:1](/[C:3](=[C:4](/[C:5](=[O:10])[H:20])[O:9][H:11])[H:19])([O:7][H:12])[H:15])([C:2]([O:8][H:13])([H:16])[H:17])([O:6][H:18])[H:14],45.11479550252538,40.7881174999629,4.704827915869995
ZGCHLOWZNKRZSN_165_5_2,[C:0]([C:1]([C:3]([C:4]([C:5](=[O:10])[H:20])=[O:9])([H:18])[H:19])([O:7][H:12])[H:15])([C:2]([O:8][H:13])([H:16])[H:17])([O:6][H:11])[H:14],[C:0]([C:1](/[C:3](=[C:4](/[C:5](=[O:10])[H:20])[O:9][H:11])[H:19])([O:7][H:12])[H:15])([C:2]([O:8][H:13])([H:16])[H:17])([O:6][H:18])[H:14],44.423280033559145,40.232771592509565,4.704827915869995
ZGCHLOWZNKRZSN_165_7_1,[C:0]([C:1]([C:3]([C:4]([C:5](=[O:10])[H:20])=[O:9])([H:18])[H:19])([O:7][H:12])[H:15])([C:2]([O:8][H:13])([H:16])[H:17])([O:6][H:11])[H:14],[C:0]([C:1](/[C:3](=[C:4](/[C:5](=[O:10])[H:20])[O:9][H:13])[H:19])([O:7][H:12])[H:15])([C:2]([O:8][H:18])([H:16])[H:17])([O:6][H:11])[H:14],39.46407245502417,36.43131904147647,4.704827915869995
ZGCHLOWZNKRZSN_165_7_2,[C:0]([C:1]([C:3]([C:4]([C:5](=[O:10])[H:20])=[O:9])([H:18])[H:19])([O:7][H:12])[H:15])([C:2]([O:8][H:13])([H:16])[H:17])([O:6][H:11])[H:14],[C:0]([C:1](/[C:3](=[C:4](/[C:5](=[O:10])[H:20])[O:9][H:13])[H:19])([O:7][H:12])[H:15])([C:2]([O:8][H:18])([H:16])[H:17])([O:6][H:11])[H:14],38.2147010405396,35.42981387950814,4.704827915869995
ZGCHLOWZNKRZSN_165_7_3,[C:0]([C:1]([C:3]([C:4]([C:5](=[O:10])[H:20])=[O:9])([H:18])[H:19])([O:7][H:12])[H:15])([C:2]([O:8][H:13])([H:16])[H:17])([O:6][H:11])[H:14],[C:0]([C:1](/[C:3](=[C:4](/[C:5](=[O:10])[H:20])[O:9][H:13])[H:19])([O:7][H:12])[H:15])([C:2]([O:8][H:18])([H:16])[H:17])([O:6][H:11])[H:14],40.847730902526415,37.5426383659529,4.704827915869995
ZGCHLOWZNKRZSN_186_0_2,[C:0]([C:1]([C:3]([C:4]([C:5](=[O:10])[H:20])=[O:9])([H:18])[H:19])([O:7][H:12])[H:15])([C:2]([O:8][H:13])([H:16])[H:17])([O:6][H:11])[H:14],[C:0]1([C:2]([O:8][H:13])([H:16])[H:17])([H:14])[C:1]([O:7][H:12])([H:15])[C:3]([H:18])([H:19])[C:4](=[O:9])[C:5](=[O:10])[O:6]1.[H:11][H:20],69.59582362606814,64.80541610296369,0.8699808795411057
ZGCHLOWZNKRZSN_187_0_0,[C:0]([C:1]([C:3]([C:4]([C:5](=[O:10])[H:20])=[O:9])([H:18])[H:19])([O:7][H:12])[H:15])([C:2]([O:8][H:13])([H:16])[H:17])([O:6][H:11])[H:14],[C:0]([C:1]1([H:15])[C:3]([H:18])([H:19])[C:4](=[O:9])[C:5](=[O:10])[O:7]1)([C:2]([O:8][H:13])([H:16])[H:17])([O:6][H:11])[H:14].[H:12][H:20],73.03332066702139,67.81495166499867,-1.8126195028680832
ZGCHLOWZNKRZSN_188_0_1,[C:0]([C:1]([C:3]([C:4]([C:5](=[O:10])[H:20])=[O:9])([H:18])[H:19])([O:7][H:12])[H:15])([C:2]([O:8][H:13])([H:16])[H:17])([O:6][H:11])[H:14],[C:0]1([O:6][H:11])([H:14])[C:1]([O:7][H:12])([H:15])[C:3]([H:18])([H:19])[C:4](=[O:9])[C:5](=[O:10])[O:8][C:2]1([H:16])[H:17].[H:13][H:20],70.40405586202506,66.07173027397684,9.374760994263873
ZGCHLOWZNKRZSN_238_0_3,[C:0]([C:1]([C:3]([C:4]([C:5](=[O:10])[H:20])=[O:9])([H:18])[H:19])([O:7][H:12])[H:15])([C:2]([O:8][H:13])([H:16])[H:17])([O:6][H:11])[H:14],[C:0]([C:1]([C:3]([C:4]([C:2]([O:8][H:13])([H:16])[H:17])([C:5](=[O:10])[H:20])[O:9][H:11])([H:18])[H:19])([O:7][H:12])[H:15])(=[O:6])[H:14],68.20714510250724,64.64728370900623,0.27724665391968645
ZGCHLOWZNKRZSN_284_0_1,[C:0]([C:1]([C:3]([C:4]([C:5](=[O:10])[H:20])=[O:9])([H:18])[H:19])([O:7][H:12])[H:15])([C:2]([O:8][H:13])([H:16])[H:17])([O:6][H:11])[H:14],[C:0](\[C:1]([C:3]([C:4]([C:5](=[O:10])[H:20])([O:9][H:16])[H:14])([H:18])[H:19])([O:7][H:12])[H:15])(=[C:2](\[O:8][H:13])[H:17])[O:6][H:11],58.02831350302407,55.42728662545645,7.221797323135757
ZGCHLOWZNKRZSN_285_0_1,[C:0]([C:1]([C:3]([C:4]([C:5](=[O:10])[H:20])=[O:9])([H:18])[H:19])([O:7][H:12])[H:15])([C:2]([O:8][H:13])([H:16])[H:17])([O:6][H:11])[H:14],[C:0](\[C:1]([C:3]([C:4]([C:5]([O:10][H:16])([H:14])[H:20])=[O:9])([H:18])[H:19])([O:7][H:12])[H:15])(=[C:2](\[O:8][H:13])[H:17])[O:6][H:11],52.07575838607152,49.264515825963926,4.4242351816443515
ZGCHLOWZNKRZSN_285_1_1,[C:0]([C:1]([C:3]([C:4]([C:5](=[O:10])[H:20])=[O:9])([H:18])[H:19])([O:7][H:12])[H:15])([C:2]([O:8][H:13])([H:16])[H:17])([O:6][H:11])[H:14],[C:0](\[C:1]([C:3]([C:4]([C:5]([O:10][H:14])([H:16])[H:20])=[O:9])([H:18])[H:19])([O:7][H:12])[H:15])(=[C:2](\[O:8][H:13])[H:17])[O:6][H:11],60.10034987200047,57.38699879400242,4.4242351816443515
ZGCHLOWZNKRZSN_285_1_2,[C:0]([C:1]([C:3]([C:4]([C:5](=[O:10])[H:20])=[O:9])([H:18])[H:19])([O:7][H:12])[H:15])([C:2]([O:8][H:13])([H:16])[H:17])([O:6][H:11])[H:14],[C:0](\[C:1]([C:3]([C:4]([C:5]([O:10][H:14])([H:16])[H:20])=[O:9])([H:18])[H:19])([O:7][H:12])[H:15])(=[C:2](\[O:8][H:13])[H:17])[O:6][H:11],65.19635452147541,61.49593099997261,4.4242351816443515
ZGCHLOWZNKRZSN_292_0_1,[C:0]([C:1]([C:3]([C:4]([C:5](=[O:10])[H:20])=[O:9])([H:18])[H:19])([O:7][H:12])[H:15])([C:2]([O:8][H:13])([H:16])[H:17])([O:6][H:11])[H:14],[C:0]([C:1]([C:3]([C:4]([C:5](=[O:10])[H:20])([O:9][H:11])[H:14])([H:18])[H:19])([O:7][H:12])[H:15])([C:2]([O:8][H:13])([H:16])[H:17])=[O:6],46.65909638205008,42.14667556745717,-3.3580305927342144
ZGCHLOWZNKRZSN_292_0_2,[C:0]([C:1]([C:3]([C:4]([C:5](=[O:10])[H:20])=[O:9])([H:18])[H:19])([O:7][H:12])[H:15])([C:2]([O:8][H:13])([H:16])[H:17])([O:6][H:11])[H:14],[C:0]([C:1]([C:3]([C:4]([C:5](=[O:10])[H:20])([O:9][H:11])[H:14])([H:18])[H:19])([O:7][H:12])[H:15])([C:2]([O:8][H:13])([H:16])[H:17])=[O:6],46.23427245055256,40.95754506496318,-3.3580305927342144
ZGCHLOWZNKRZSN_292_0_3,[C:0]([C:1]([C:3]([C:4]([C:5](=[O:10])[H:20])=[O:9])([H:18])[H:19])([O:7][H:12])[H:15])([C:2]([O:8][H:13])([H:16])[H:17])([O:6][H:11])[H:14],[C:0]([C:1]([C:3]([C:4]([C:5](=[O:10])[H:20])([O:9][H:11])[H:14])([H:18])[H:19])([O:7][H:12])[H:15])([C:2]([O:8][H:13])([H:16])[H:17])=[O:6],41.93708739448696,36.878105805489874,-3.3580305927342144
ZGCHLOWZNKRZSN_293_0_1,[C:0]([C:1]([C:3]([C:4]([C:5](=[O:10])[H:20])=[O:9])([H:18])[H:19])([O:7][H:12])[H:15])([C:2]([O:8][H:13])([H:16])[H:17])([O:6][H:11])[H:14],[C:0]([C:1]([C:3]([C:4]([C:5]([O:10][H:11])([H:14])[H:20])=[O:9])([H:18])[H:19])([O:7][H:12])[H:15])([C:2]([O:8][H:13])([H:16])[H:17])=[O:6],32.02933989903276,28.158861302959924,-6.155831739961752
ZGCHLOWZNKRZSN_293_1_2,[C:0]([C:1]([C:3]([C:4]([C:5](=[O:10])[H:20])=[O:9])([H:18])[H:19])([O:7][H:12])[H:15])([C:2]([O:8][H:13])([H:16])[H:17])([O:6][H:11])[H:14],[C:0]([C:1]([C:3]([C:4]([C:5]([O:10][H:14])([H:11])[H:20])=[O:9])([H:18])[H:19])([O:7][H:12])[H:15])([C:2]([O:8][H:13])([H:16])[H:17])=[O:6],58.38034633256269,54.08316127649708,-6.155831739961752
ZGCHLOWZNKRZSN_293_1_3,[C:0]([C:1]([C:3]([C:4]([C:5](=[O:10])[H:20])=[O:9])([H:18])[H:19])([O:7][H:12])[H:15])([C:2]([O:8][H:13])([H:16])[H:17])([O:6][H:11])[H:14],[C:0]([C:1]([C:3]([C:4]([C:5]([O:10][H:14])([H:11])[H:20])=[O:9])([H:18])[H:19])([O:7][H:12])[H:15])([C:2]([O:8][H:13])([H:16])[H:17])=[O:6],59.15218301754015,54.964812123982654,-6.155831739961752
ZGCHLOWZNKRZSN_29_1_1,[C:0]([C:1]([C:3]([C:4]([C:5](=[O:10])[H:20])=[O:9])([H:18])[H:19])([O:7][H:12])[H:15])([C:2]([O:8][H:13])([H:16])[H:17])([O:6][H:11])[H:14],[C:0]([C:1]([C:3]([C:4]([C:5]([O:10][H:13])([H:16])[H:20])=[O:9])([H:18])[H:19])([O:7][H:12])[H:15])([C:2](=[O:8])[H:17])([O:6][H:11])[H:14],38.71859116905151,35.16500487046332,-1.6290630975143476
ZGCHLOWZNKRZSN_29_1_3,[C:0]([C:1]([C:3]([C:4]([C:5](=[O:10])[H:20])=[O:9])([H:18])[H:19])([O:7][H:12])[H:15])([C:2]([O:8][H:13])([H:16])[H:17])([O:6][H:11])[H:14],[C:0]([C:1]([C:3]([C:4]([C:5]([O:10][H:13])([H:16])[H:20])=[O:9])([H:18])[H:19])([O:7][H:12])[H:15])([C:2](=[O:8])[H:17])([O:6][H:11])[H:14],33.53285266101776,30.03762474599625,-1.6290630975143476
ZGCHLOWZNKRZSN_29_2_2,[C:0]([C:1]([C:3]([C:4]([C:5](=[O:10])[H:20])=[O:9])([H:18])[H:19])([O:7][H:12])[H:15])([C:2]([O:8][H:13])([H:16])[H:17])([O:6][H:11])[H:14],[C:0]([C:1]([C:3]([C:4]([C:5]([O:10][H:16])([H:13])[H:20])=[O:9])([H:18])[H:19])([O:7][H:12])[H:15])([C:2](=[O:8])[H:17])([O:6][H:11])[H:14],56.911974102488976,52.76350879797592,-1.6290630975143476
ZGCHLOWZNKRZSN_334_0_0,[C:0]([C:1]([C:3]([C:4]([C:5](=[O:10])[H:20])=[O:9])([H:18])[H:19])([O:7][H:12])[H:15])([C:2]([O:8][H:13])([H:16])[H:17])([O:6][H:11])[H:14],[C:0]([C:1]([C:3]([C:4]([C:5]([O:10][H:12])([H:15])[H:20])=[O:9])([H:18])[H:19])=[O:7])([C:2]([O:8][H:13])([H:16])[H:17])([O:6][H:11])[H:14],39.48854532553373,34.53122027549401,-2.0874760994263677
ZGCHLOWZNKRZSN_334_0_3,[C:0]([C:1]([C:3]([C:4]([C:5](=[O:10])[H:20])=[O:9])([H:18])[H:19])([O:7][H:12])[H:15])([C:2]([O:8][H:13])([H:16])[H:17])([O:6][H:11])[H:14],[C:0]([C:1]([C:3]([C:4]([C:5]([O:10][H:12])([H:15])[H:20])=[O:9])([H:18])[H:19])=[O:7])([C:2]([O:8][H:13])([H:16])[H:17])([O:6][H:11])[H:14],40.9606826125266,36.027830432996424,-2.0874760994263677
ZGCHLOWZNKRZSN_348_0_1,[C:0]([C:1]([C:3]([C:4]([C:5](=[O:10])[H:20])=[O:9])([H:18])[H:19])([O:7][H:12])[H:15])([C:2]([O:8][H:13])([H:16])[H:17])([O:6][H:11])[H:14],[C:0]([C:1]([C:3]([C:4]([C:5](=[O:10])[H:20])([O:9][H:13])[H:16])([H:18])[H:19])([O:7][H:12])[H:15])([C:2](=[O:8])[H:17])([O:6][H:11])[H:14],33.24043323404265,29.42329294547782,1.1684990439770577
ZGCHLOWZNKRZSN_348_1_1,[C:0]([C:1]([C:3]([C:4]([C:5](=[O:10])[H:20])=[O:9])([H:18])[H:19])([O:7][H:12])[H:15])([C:2]([O:8][H:13])([H:16])[H:17])([O:6][H:11])[H:14],[C:0]([C:1]([C:3]([C:4]([C:5](=[O:10])[H:20])([O:9][H:16])[H:13])([H:18])[H:19])([O:7][H:12])[H:15])([C:2](=[O:8])[H:17])([O:6][H:11])[H:14],61.90318466551448,57.73777660447287,1.1684990439770577
ZGCHLOWZNKRZSN_53_1_0,[C:0]([C:1]([C:3]([C:4]([C:5](=[O:10])[H:20])=[O:9])([H:18])[H:19])([O:7][H:12])[H:15])([C:2]([O:8][H:13])([H:16])[H:17])([O:6][H:11])[H:14],[C:0]1([C:2]([O:8][H:13])([H:16])[H:17])([H:14])[C:1]([O:7][H:12])([H:15])[C:3]([H:18])([H:19])[C:4]([C:5](=[O:10])[H:20])([O:9][H:11])[O:6]1,38.999087915485376,36.27506917601426,-0.9612810707456823
ZGCHLOWZNKRZSN_53_1_1,[C:0]([C:1]([C:3]([C:4]([C:5](=[O:10])[H:20])=[O:9])([H:18])[H:19])([O:7][H:12])[H:15])([C:2]([O:8][H:13])([H:16])[H:17])([O:6][H:11])[H:14],[C:0]1([C:2]([O:8][H:13])([H:16])[H:17])([H:14])[C:1]([O:7][H:12])([H:15])[C:3]([H:18])([H:19])[C:4]([C:5](=[O:10])[H:20])([O:9][H:11])[O:6]1,41.4501400225036,38.70604097901185,-0.9612810707456823
ZGCHLOWZNKRZSN_53_1_3,[C:0]([C:1]([C:3]([C:4]([C:5](=[O:10])[H:20])=[O:9])([H:18])[H:19])([O:7][H:12])[H:15])([C:2]([O:8][H:13])([H:16])[H:17])([O:6][H:11])[H:14],[C:0]1([C:2]([O:8][H:13])([H:16])[H:17])([H:14])[C:1]([O:7][H:12])([H:15])[C:3]([H:18])([H:19])[C:4]([C:5](=[O:10])[H:20])([O:9][H:11])[O:6]1,37.51440043852419,34.90709846597242,-0.9612810707456823
ZGCHLOWZNKRZSN_55_0_1,[C:0]([C:1]([C:3]([C:4]([C:5](=[O:10])[H:20])=[O:9])([H:18])[H:19])([O:7][H:12])[H:15])([C:2]([O:8][H:13])([H:16])[H:17])([O:6][H:11])[H:14],[C:0]1([C:2]([O:8][H:13])([H:16])[H:17])([H:14])[C:1]([O:7][H:12])([H:15])[C:3]([H:18])([H:19])[C:4](=[O:9])[C:5]([O:6][H:11])([H:20])[O:10]1,60.82261330646042,60.34445106745489,-2.833652007648182
ZGCHLOWZNKRZSN_55_1_2,[C:0]([C:1]([C:3]([C:4]([C:5](=[O:10])[H:20])=[O:9])([H:18])[H:19])([O:7][H:12])[H:15])([C:2]([O:8][H:13])([H:16])[H:17])([O:6][H:11])[H:14],[C:0]1([C:2]([O:8][H:13])([H:16])[H:17])([H:14])[C:1]([O:7][H:12])([H:15])[C:3]([H:18])([H:19])[C:4](=[O:9])[C:5]([O:10][H:11])([H:20])[O:6]1,46.1301058735302,42.91788474300756,-2.833652007648182
ZGCHLOWZNKRZSN_55_1_0,[C:0]([C:1]([C:3]([C:4]([C:5](=[O:10])[H:20])=[O:9])([H:18])[H:19])([O:7][H:12])[H:15])([C:2]([O:8][H:13])([H:16])[H:17])([O:6][H:11])[H:14],[C:0]1([C:2]([O:8][H:13])([H:16])[H:17])([H:14])[C:1]([O:7][H:12])([H:15])[C:3]([H:18])([H:19])[C:4](=[O:9])[C:5]([O:10][H:11])([H:20])[O:6]1,45.226492193528735,42.24958712548271,-2.833652007648182
ZGCHLOWZNKRZSN_77_0_1,[C:0]([C:1]([C:3]([C:4]([C:5](=[O:10])[H:20])=[O:9])([H:18])[H:19])([O:7][H:12])[H:15])([C:2]([O:8][H:13])([H:16])[H:17])([O:6][H:11])[H:14],[C:0]1([C:2]([O:8][H:13])([H:16])[H:17])([O:6][H:11])[C:1]([O:7][H:12])([H:15])[C:3]([H:18])([H:19])[C:4](=[O:9])[C:5]([H:14])([H:20])[O:10]1,65.36954714353753,63.25797767594692,-9.838910133843198
ZGCHLOWZNKRZSN_78_0_1,[C:0]([C:1]([C:3]([C:4]([C:5](=[O:10])[H:20])=[O:9])([H:18])[H:19])([O:7][H:12])[H:15])([C:2]([O:8][H:13])([H:16])[H:17])([O:6][H:11])[H:14],[C:0]1([C:2]([O:8][H:13])([H:16])[H:17])([O:6][H:11])[C:1]([O:7][H:12])([H:15])[C:3]([H:18])([H:19])[C:4](=[O:9])[C:5]1=[O:10].[H:14][H:20],85.42224072556044,81.27691296846812,11.930449330783945
ZGCHLOWZNKRZSN_8_1_2,[C:0]([C:1]([C:3]([C:4]([C:5](=[O:10])[H:20])=[O:9])([H:18])[H:19])([O:7][H:12])[H:15])([C:2]([O:8][H:13])([H:16])[H:17])([O:6][H:11])[H:14],[C:0]([C:1]([C:3]([C:4]([C:5]([C:2]([O:8][H:13])([H:16])[H:17])([O:10][H:11])[H:20])=[O:9])([H:18])[H:19])([O:7][H:12])[H:15])(=[O:6])[H:14],66.50157428153301,64.260110347485,-4.815487571701727
ZGCHLOWZNKRZSN_8_2_0,[C:0]([C:1]([C:3]([C:4]([C:5](=[O:10])[H:20])=[O:9])([H:18])[H:19])([O:7][H:12])[H:15])([C:2]([O:8][H:13])([H:16])[H:17])([O:6][H:11])[H:14],[C:0]([C:1]([C:3]([C:4]([C:5](=[O:10])[H:20])([O:9][H:12])[H:15])([H:18])[H:19])=[O:7])([C:2]([O:8][H:13])([H:16])[H:17])([O:6][H:11])[H:14],57.7980175165348,52.81810212448077,-4.815487571701727
ZGCHLOWZNKRZSN_8_2_1,[C:0]([C:1]([C:3]([C:4]([C:5](=[O:10])[H:20])=[O:9])([H:18])[H:19])([O:7][H:12])[H:15])([C:2]([O:8][H:13])([H:16])[H:17])([O:6][H:11])[H:14],[C:0]([C:1]([C:3]([C:4]([C:5](=[O:10])[H:20])([O:9][H:12])[H:15])([H:18])[H:19])=[O:7])([C:2]([O:8][H:13])([H:16])[H:17])([O:6][H:11])[H:14],54.93845672504919,49.39315527349584,-4.815487571701727
ZGCHLOWZNKRZSN_99_0_2,[C:0]([C:1]([C:3]([C:4]([C:5](=[O:10])[H:20])=[O:9])([H:18])[H:19])([O:7][H:12])[H:15])([C:2]([O:8][H:13])([H:16])[H:17])([O:6][H:11])[H:14],[C:0]([C:1](=[C:3]([H:18])[H:19])[H:15])([C:2]([O:8][H:13])([H:16])[H:17])([O:6][H:11])[H:14].[C:4]([C:5](=[O:10])[H:20])([O:7][H:12])=[O:9],59.64540548450766,56.494680284972446,12.225382409177836
BXMMDTDOWCVDIM_198_0_3,[C:0]1([O:7][H:11])([H:15])[C:4]([O:9][H:13])=[C:5]([H:20])[C:1]([C:2]([C:3]([O:10][H:14])([H:18])[H:19])([O:8][H:12])[H:17])([H:16])[O:6]1,[C:0](/[C:4](=[C:5](\[C:1]([C:2]([C:3]([O:10][H:14])([H:18])[H:19])([O:8][H:12])[H:17])[H:16])[H:20])[O:9][H:13])([O:6])([O:7][H:11])[H:15],43.37533916849404,40.421651951960726,TCIT fails
BXMMDTDOWCVDIM_201_0_0,[C:0]1([O:7][H:11])([H:15])[C:4]([O:9][H:13])=[C:5]([H:20])[C:1]([C:2]([C:3]([O:10][H:14])([H:18])[H:19])([O:8][H:12])[H:17])([H:16])[O:6]1,[C:0]([C:4](/[C:5](=[C:1](/[C:2]([C:3]([O:10][H:14])([H:18])[H:19])([O:8][H:12])[H:17])[H:16])[H:20])=[O:9])(=[O:6])[H:15].[O:7]([H:11])[H:13],47.865169641001295,43.62006787344687,10.350860420650093
DWJZKGYQNOQQEZ_123_1_3,[C:0]([C:1]([C:3]([O:9][H:13])([H:20])[H:21])([O:7][H:15])[H:18])([C:5]([C:2]([C:4]([O:10][H:16])([H:22])[H:23])([O:8][H:14])[H:19])=[O:11])([O:6][H:12])[H:17],[C:0](=[C:5](\[C:2]([C:4]([O:10][H:16])([H:22])[H:23])([O:8][H:14])[H:19])[O:11][H:13])(\[O:6][H:12])[H:17].[C:1]([C:3]([O:9][H:15])([H:20])[H:21])(=[O:7])[H:18],39.78974988548666,38.67466550394839,27.017208413001956
DWJZKGYQNOQQEZ_274_0_1,[C:0]([C:1]([C:3]([O:9][H:15])([H:20])[H:21])([O:7][H:13])[H:18])([C:5]([C:2]([C:4]([O:10][H:16])([H:22])[H:23])([O:8][H:14])[H:19])=[O:11])([O:6][H:12])[H:17],[C:0](=[C:5](\[C:2]([C:4]([O:10][H:16])([H:22])[H:23])([O:8][H:14])[H:19])[O:11][H:13])(\[O:6][H:12])[H:17].[C:1]([C:3]([O:9][H:15])([H:20])[H:21])(=[O:7])[H:18],37.48992756801464,31.09748829145992,27.017208413001956
DWJZKGYQNOQQEZ_18_1_2,[C:0]([C:1]([C:3]([O:9][H:15])([H:20])[H:21])([O:7][H:13])[H:18])([C:5]([C:2]([C:4]([O:10][H:16])([H:22])[H:23])([O:8][H:14])[H:19])=[O:11])([O:6][H:12])[H:17],[C:0]([C:5]([C:1]([C:3]([O:9][H:15])([H:20])[H:21])([O:7][H:13])[H:18])([C:2]([C:4]([O:10][H:16])([H:22])[H:23])([O:8][H:14])[H:19])[O:11][H:12])(=[O:6])[H:17],47.09207793695566,44.98615605499347,2.3138145315487666
DWJZKGYQNOQQEZ_19_0_1,[C:0]([C:1]([C:3]([O:9][H:15])([H:20])[H:21])([O:7][H:13])[H:18])([C:5]([C:2]([C:4]([O:10][H:16])([H:22])[H:23])([O:8][H:14])[H:19])=[O:11])([O:6][H:12])[H:17],[C:0]([C:5]([C:1]([C:3]([O:9][H:15])([H:20])[H:21])([O:7][H:13])[H:18])([C:2]([C:4]([O:10][H:16])([H:22])[H:23])([O:8][H:14])[H:19])[O:11][H:12])(=[O:6])[H:17],47.68632943352479,43.4951934829768,2.3138145315487666
DWJZKGYQNOQQEZ_79_1_3,[C:0]([C:1]([C:3]([O:9][H:15])([H:20])[H:21])([O:7][H:13])[H:18])([C:5]([C:2]([C:4]([O:10][H:16])([H:22])[H:23])([O:8][H:14])[H:19])=[O:11])([O:6][H:12])[H:17],[C:0]([C:5]([C:1]([C:3]([O:9][H:15])([H:20])[H:21])([O:7][H:13])[H:18])([C:2]([C:4]([O:10][H:16])([H:22])[H:23])([O:8][H:14])[H:19])[O:11][H:12])(=[O:6])[H:17],43.22410937901916,40.82012048445344,2.3138145315487666
DWJZKGYQNOQQEZ_274_0_0,[C:0]([C:1]([C:3]([O:9][H:15])([H:20])[H:21])([O:7][H:13])[H:18])([C:5]([C:2]([C:4]([O:10][H:16])([H:22])[H:23])([O:8][H:14])[H:19])=[O:11])([O:6][H:12])[H:17],[C:0](=[C:5](/[C:2]([C:4]([O:10][H:16])([H:22])[H:23])([O:8][H:14])[H:19])[O:11][H:13])(\[O:6][H:12])[H:17].[C:1]([C:3]([O:9][H:15])([H:20])[H:21])(=[O:7])[H:18],39.50172302500046,32.80180409350865,27.017208413001956
DWJZKGYQNOQQEZ_65_2_3,[C:0]([C:1]([C:3]([O:9][H:15])([H:20])[H:21])([O:7][H:13])[H:18])([C:5]([C:2]([C:4]([O:10][H:16])([H:22])[H:23])([O:8][H:14])[H:19])=[O:11])([O:6][H:12])[H:17],[C:0]1([C:1]([C:3]([O:9][H:15])([H:20])[H:21])([O:7][H:12])[H:18])([H:17])[C:5]([C:2]([C:4]([O:10][H:16])([H:22])[H:23])([O:8][H:14])[H:19])([O:11][H:13])[O:6]1,46.804678586039216,41.80342787096772,15.260994263862353
MOJQURDISZNTIY_294_0_3,[C:0]([C:1]([C:2]([O:9][H:14])([H:17])[H:18])([O:7][H:12])[H:16])([C:3]([C:4](=[C:5]([H:19])[H:20])[O:8][H:13])=[O:10])([O:6][H:11])[H:15],[C:0]([C:1]([C:2]([O:9][H:14])([H:17])[H:18])([O:7][H:12])[H:16])([C:3]([C:4](=[C:5]([H:19])[H:20])[O:8][H:13])([O:10][H:11])[H:15])=[O:6],42.452900203468765,40.1813158134968,1.7294455066921581
MOJQURDISZNTIY_29_1_2,[C:0]([C:1]([C:2]([O:9][H:14])([H:17])[H:18])([O:7][H:12])[H:16])([C:3]([C:4](=[C:5]([H:19])[H:20])[O:8][H:13])=[O:10])([O:6][H:11])[H:15],[C:0]([C:1]([C:2]([O:9][H:14])([H:17])[H:18])([O:7][H:12])[H:16])([C:3]1([O:10][H:13])[C:4](=[O:8])[C:5]1([H:19])[H:20])([O:6][H:11])[H:15],41.36668125892896,40.80129519950097,-2.4244741873804982
MOJQURDISZNTIY_29_1_3,[C:0]([C:1]([C:2]([O:9][H:14])([H:17])[H:18])([O:7][H:12])[H:16])([C:3]([C:4](=[C:5]([H:19])[H:20])[O:8][H:13])=[O:10])([O:6][H:11])[H:15],[C:0]([C:1]([C:2]([O:9][H:14])([H:17])[H:18])([O:7][H:12])[H:16])([C:3]1([O:10][H:13])[C:4](=[O:8])[C:5]1([H:19])[H:20])([O:6][H:11])[H:15],39.21181363601901,39.27142703851119,-2.4244741873804982
MOJQURDISZNTIY_380_0_2,[C:0]([C:1]([C:2]([O:9][H:14])([H:17])[H:18])([O:7][H:12])[H:16])([C:3]([C:4](=[C:5]([H:19])[H:20])[O:8][H:13])=[O:10])([O:6][H:11])[H:15],[C:0]([C:1]([C:2]([O:9][H:14])([H:17])[H:18])([O:7][H:12])[H:16])([C:3]1([O:10][H:13])[C:4](=[O:8])[C:5]1([H:19])[H:20])([O:6][H:11])[H:15],44.94850548501719,44.46155811303384,-2.4244741873804982
MOJQURDISZNTIY_365_0_1,[C:0]([C:1]([C:2]([O:9][H:14])([H:17])[H:18])([O:7][H:12])[H:16])([C:3]([C:4](=[C:5]([H:19])[H:20])[O:8][H:13])=[O:10])([O:6][H:11])[H:15],[C:0](=[C:3](/[C:4](=[C:5]([H:19])[H:20])[O:8][H:13])[O:10][H:12])(\[O:6][H:11])[H:15].[C:1]([C:2]([O:9][H:14])([H:17])[H:18])(=[O:7])[H:16],33.14379677100128,29.53185208898909,22.89890057361376
MOJQURDISZNTIY_5_1_1,[C:0]([C:1]([C:2]([O:9][H:14])([H:17])[H:18])([O:7][H:12])[H:16])([C:3]([C:4](=[C:5]([H:19])[H:20])[O:8][H:13])=[O:10])([O:6][H:11])[H:15],[C:0]([C:3]([C:1]([C:2]([O:9][H:14])([H:17])[H:18])([O:7][H:12])[H:16])([C:4](=[C:5]([H:19])[H:20])[O:8][H:13])[O:10][H:11])(=[O:6])[H:15],38.55041862297672,37.12597205800613,2.5776768642447343
MOJQURDISZNTIY_6_0_1,[C:0]([C:1]([C:2]([O:9][H:14])([H:17])[H:18])([O:7][H:12])[H:16])([C:3]([C:4](=[C:5]([H:19])[H:20])[O:8][H:13])=[O:10])([O:6][H:11])[H:15],[C:0]([C:3]([C:1]([C:2]([O:9][H:14])([H:17])[H:18])([O:7][H:12])[H:16])([C:4](=[C:5]([H:19])[H:20])[O:8][H:13])[O:10][H:11])(=[O:6])[H:15],40.73477919245489,38.663997842475325,2.5776768642447343
MOJQURDISZNTIY_70_1_2,[C:0]([C:1]([C:2]([O:9][H:14])([H:17])[H:18])([O:7][H:12])[H:16])([C:3]([C:4](=[C:5]([H:19])[H:20])[O:8][H:13])=[O:10])([O:6][H:11])[H:15],[C:0]([C:3]([C:1]([C:2]([O:9][H:14])([H:17])[H:18])([O:7][H:12])[H:16])([C:4](=[C:5]([H:19])[H:20])[O:8][H:13])[O:10][H:11])(=[O:6])[H:15],43.079154684457095,40.026320967031424,2.5776768642447343
MOJQURDISZNTIY_70_1_3,[C:0]([C:1]([C:2]([O:9][H:14])([H:17])[H:18])([O:7][H:12])[H:16])([C:3]([C:4](=[C:5]([H:19])[H:20])[O:8][H:13])=[O:10])([O:6][H:11])[H:15],[C:0]([C:3]([C:1]([C:2]([O:9][H:14])([H:17])[H:18])([O:7][H:12])[H:16])([C:4](=[C:5]([H:19])[H:20])[O:8][H:13])[O:10][H:11])(=[O:6])[H:15],45.282340539030415,40.68771598000237,2.5776768642447343
YFPLIJPMOFVJPV_157_0_1,[C:0]([C:2]([O:9][H:14])([H:18])[H:19])(/[C:5](=[C:4](/[C:3]([C:1]([O:8][H:13])([H:16])[H:17])=[O:10])[O:6][H:11])[H:20])([O:7][H:12])[H:15],[C:0](=[C:5](\[C:4]([C:3]([C:1]([O:8][H:13])([H:16])[H:17])=[O:10])([O:6][H:11])[H:14])[H:20])(\[O:7][H:12])[H:15].[C:2](=[O:9])([H:18])[H:19],43.93256760451396,39.84120566449942,16.366395793499038
YFPLIJPMOFVJPV_299_0_3,[C:0]([C:2]([O:9][H:14])([H:18])[H:19])(/[C:5](=[C:4](/[C:3]([C:1]([O:8][H:13])([H:16])[H:17])=[O:10])[O:6][H:11])[H:20])([O:7][H:12])[H:15],[C:0]([C:2]([O:9][H:13])([H:18])[H:19])([C:5]([C:4]([C:3]([C:1]([O:8][H:11])([H:16])[H:17])=[O:10])=[O:6])([H:14])[H:20])([O:7][H:12])[H:15],41.32714816045743,41.82727323197885,-13.288240917782042
YFPLIJPMOFVJPV_54_0_2,[C:0]([C:2]([O:9][H:14])([H:18])[H:19])(/[C:5](=[C:4](/[C:3]([C:1]([O:8][H:13])([H:16])[H:17])=[O:10])[O:6][H:11])[H:20])([O:7][H:12])[H:15],[C:0](\[C:2]([O:9][H:14])([H:18])[H:19])(=[C:5](/[C:4]([C:3]([C:1]([O:8][H:13])([H:16])[H:17])=[O:10])=[O:6])[H:20])[H:15].[O:7]([H:11])[H:12],29.69939712549412,27.159866178985254,1.2839388145315385
YSSNFXZGTOLNNX_105_0_3,[C:0]([C:1]([O:7][H:11])([H:13])[H:14])(/[C:4](=[C:5](\[C:2]([C:3](=[O:9])[H:15])=[O:8])[H:17])[H:16])([O:6][H:10])[H:12],[C:0]1([O:6][H:10])([H:12])[C:1]([H:13])([H:14])[O:7][C:3]([O:9][H:11])([H:15])[C:2](=[O:8])[C:5]([H:17])=[C:4]1[H:16],40.88538147243136,41.372956353984456,-10.102294455066929
YSSNFXZGTOLNNX_10_0_1,[C:0]([C:1]([O:7][H:11])([H:13])[H:14])(/[C:4](=[C:5](\[C:2]([C:3](=[O:9])[H:15])=[O:8])[H:17])[H:16])([O:6][H:10])[H:12],[C:0](=[C:4]([C:5](=[C:2](/[C:3](=[O:9])[H:15])[O:8][C:1]([O:7][H:11])([H:13])[H:14])/[H:17])\[H:16])(\[O:6][H:10])[H:12],45.99330880251888,44.12960558744452,7.786567877629064
YSSNFXZGTOLNNX_110_0_3,[C:0]([C:1]([O:7][H:11])([H:13])[H:14])(/[C:4](=[C:5](\[C:2]([C:3](=[O:9])[H:15])=[O:8])[H:17])[H:16])([O:6][H:10])[H:12],[C:0]([C:1]([O:7][H:11])([H:13])[H:14])([C:4]1([H:16])[C:5]([H:17])[C:2](=[O:8])[C:3]([H:15])[O:9]1)([O:6][H:10])[H:12],38.59371677843875,38.92566930395672,TCIT fails
YSSNFXZGTOLNNX_195_0_0,[C:0]([C:1]([O:7][H:11])([H:13])[H:14])(/[C:4](=[C:5](\[C:2]([C:3](=[O:9])[H:15])=[O:8])[H:17])[H:16])([O:6][H:10])[H:12],[C:0]([C:1]([O:7][H:11])([H:13])[H:14])([C:4]1([H:16])[C:5]([H:17])[C:2](=[O:8])[C:3]([H:15])[O:9]1)([O:6][H:10])[H:12],43.785102872029576,43.44750276095452,TCIT fails
YSSNFXZGTOLNNX_297_0_2,[C:0]([C:1]([O:7][H:11])([H:13])[H:14])(/[C:4](=[C:5](\[C:2]([C:3](=[O:9])[H:15])=[O:8])[H:17])[H:16])([O:6][H:10])[H:12],[C:0]([C:1]([O:7][H:11])([H:13])[H:14])([C:4]1([H:16])[C:5]([H:17])[C:2](=[O:8])[C:3]([H:15])[O:9]1)([O:6][H:10])[H:12],41.17152580449365,41.034728733482325,TCIT fails
YSSNFXZGTOLNNX_112_0_1,[C:0]([C:1]([O:7][H:11])([H:13])[H:14])(/[C:4](=[C:5](\[C:2]([C:3](=[O:9])[H:15])=[O:8])[H:17])[H:16])([O:6][H:10])[H:12],[C:0]1([O:6][H:10])([H:12])[C:1]([H:13])([H:14])[O:7][C:2]([C:3](=[O:9])[H:15])([O:8][H:11])[C:5]([H:17])=[C:4]1[H:16],41.86868885901696,40.611787330480055,-5.263384321223721
YSSNFXZGTOLNNX_11_0_0,[C:0]([C:1]([O:7][H:11])([H:13])[H:14])(/[C:4](=[C:5](\[C:2]([C:3](=[O:9])[H:15])=[O:8])[H:17])[H:16])([O:6][H:10])[H:12],[C:0]([C:4]([C:1]([O:7][H:11])([H:13])[H:14])(/[C:5](=[C:2]1\[C:3]([O:9][H:10])([H:15])[O:8]1)[H:17])[H:16])(=[O:6])[H:12],46.13073338302861,44.465323169953,20.863288718929248
YSSNFXZGTOLNNX_11_0_1,[C:0]([C:1]([O:7][H:11])([H:13])[H:14])(/[C:4](=[C:5](\[C:2]([C:3](=[O:9])[H:15])=[O:8])[H:17])[H:16])([O:6][H:10])[H:12],[C:0](=[C:4]([C:5](=[C:2](\[C:3](=[O:9])[H:15])[O:8][H:11])\[H:17])/[H:16])(\[O:6][H:10])[H:12].[C:1](=[O:7])([H:13])[H:14],32.46608651100018,29.02607943198193,10.228489483747607
YSSNFXZGTOLNNX_70_1_0,[C:0]([C:1]([O:7][H:11])([H:13])[H:14])(/[C:4](=[C:5](\[C:2]([C:3](=[O:9])[H:15])=[O:8])[H:17])[H:16])([O:6][H:10])[H:12],[C:0](=[C:4]([C:5](=[C:2](/[C:3](=[O:9])[H:15])[O:8][H:11])/[H:17])\[H:16])(\[O:6][H:10])[H:12].[C:1](=[O:7])([H:13])[H:14],31.943371097464457,27.7986708499419,10.228489483747607
YSSNFXZGTOLNNX_136_0_3,[C:0]([C:1]([O:7][H:11])([H:13])[H:14])(/[C:4](=[C:5](\[C:2]([C:3](=[O:9])[H:15])=[O:8])[H:17])[H:16])([O:6][H:10])[H:12],[C:0]1([O:6][H:10])([H:12])[C:1]([H:13])([H:14])[O:7][C:4]1(/[C:5](=[C:2](/[C:3](=[O:9])[H:15])[O:8][H:11])[H:17])[H:16],35.95566684053594,34.83995494949926,10.284416826003817
YSSNFXZGTOLNNX_152_0_0,[C:0]([C:1]([O:7][H:11])([H:13])[H:14])(/[C:4](=[C:5](\[C:2]([C:3](=[O:9])[H:15])=[O:8])[H:17])[H:16])([O:6][H:10])[H:12],[C:0]([C:4]([C:1]([O:7][H:11])([H:13])[H:14])(/[C:5](=[C:2](/[C:3](=[O:9])[H:15])[O:8][H:10])[H:17])[H:16])(=[O:6])[H:12],31.23052030548074,27.58531761998119,-8.510277246653912
YSSNFXZGTOLNNX_152_0_3,[C:0]([C:1]([O:7][H:11])([H:13])[H:14])(/[C:4](=[C:5](\[C:2]([C:3](=[O:9])[H:15])=[O:8])[H:17])[H:16])([O:6][H:10])[H:12],[C:0]([C:4]([C:1]([O:7][H:11])([H:13])[H:14])(/[C:5](=[C:2](/[C:3](=[O:9])[H:15])[O:8][H:10])[H:17])[H:16])(=[O:6])[H:12],27.71709461500518,25.521438874484197,-8.510277246653912
YSSNFXZGTOLNNX_158_0_2,[C:0]([C:1]([O:7][H:11])([H:13])[H:14])(/[C:4](=[C:5](\[C:2]([C:3](=[O:9])[H:15])=[O:8])[H:17])[H:16])([O:6][H:10])[H:12],[C:0]([C:4]([C:1]([O:7][H:11])([H:13])[H:14])(/[C:5](=[C:2](/[C:3](=[O:9])[H:15])[O:8][H:10])[H:17])[H:16])(=[O:6])[H:12],29.96734368195968,26.506001279995296,-8.510277246653912
YSSNFXZGTOLNNX_166_0_2,[C:0]([C:1]([O:7][H:11])([H:13])[H:14])(/[C:4](=[C:5](\[C:2]([C:3](=[O:9])[H:15])=[O:8])[H:17])[H:16])([O:6][H:10])[H:12],[C:0](=[C:4](\[C:5]([C:2]([C:3](=[O:9])[H:15])=[O:8])([H:11])[H:17])[H:16])(\[O:6][H:10])[H:12].[C:1](=[O:7])([H:13])[H:14],47.047524762496806,42.74782966850888,16.60038240917781
YSSNFXZGTOLNNX_60_5_2,[C:0]([C:1]([O:7][H:11])([H:13])[H:14])(/[C:4](=[C:5](\[C:2]([C:3](=[O:9])[H:15])=[O:8])[H:17])[H:16])([O:6][H:10])[H:12],[C:0](=[C:4](/[C:5]([C:2]([C:3](=[O:9])[H:15])=[O:8])([H:11])[H:17])[H:16])(\[O:6][H:10])[H:12].[C:1](=[O:7])([H:13])[H:14],38.64517255745151,33.47763182494316,16.60038240917781
YSSNFXZGTOLNNX_232_0_1,[C:0]([C:1]([O:7][H:11])([H:13])[H:14])(/[C:4](=[C:5](\[C:2]([C:3](=[O:9])[H:15])=[O:8])[H:17])[H:16])([O:6][H:10])[H:12],[C:0](\[C:1]([O:7][H:11])([H:13])[H:14])(=[C:4](\[C:5]([C:2]([C:3]([O:9][H:12])[H:15])=[O:8])[H:17])[H:16])[O:6][H:10],47.32049139502102,44.61529794050238,TCIT fails
YSSNFXZGTOLNNX_232_0_2,[C:0]([C:1]([O:7][H:11])([H:13])[H:14])(/[C:4](=[C:5](\[C:2]([C:3](=[O:9])[H:15])=[O:8])[H:17])[H:16])([O:6][H:10])[H:12],[C:0](\[C:1]([O:7][H:11])([H:13])[H:14])(=[C:4](\[C:5]([C:2]([C:3]([O:9][H:12])[H:15])=[O:8])[H:17])[H:16])[O:6][H:10],46.76577299699476,43.674661199951714,TCIT fails
YSSNFXZGTOLNNX_57_0_3,[C:0]([C:1]([O:7][H:11])([H:13])[H:14])(/[C:4](=[C:5](\[C:2]([C:3](=[O:9])[H:15])=[O:8])[H:17])[H:16])([O:6][H:10])[H:12],[C:0](\[C:1]([O:7][H:11])([H:13])[H:14])(=[C:4](\[C:5]([C:2]([C:3]([O:9][H:12])[H:15])=[O:8])[H:17])[H:16])[O:6][H:10],45.061457195017375,42.22260421697949,TCIT fails
YSSNFXZGTOLNNX_233_0_3,[C:0]([C:1]([O:7][H:11])([H:13])[H:14])(/[C:4](=[C:5](\[C:2]([C:3](=[O:9])[H:15])=[O:8])[H:17])[H:16])([O:6][H:10])[H:12],[C:0]([C:1]([O:7][H:11])([H:13])[H:14])([C:4]([C:5]([C:2]([C:3](=[O:9])[H:15])=[O:8])[H:17])([H:12])[H:16])[O:6][H:10],42.60726754050707,40.219593892971496,TCIT fails
YSSNFXZGTOLNNX_239_0_2,[C:0]([C:1]([O:7][H:11])([H:13])[H:14])(/[C:4](=[C:5](\[C:2]([C:3](=[O:9])[H:15])=[O:8])[H:17])[H:16])([O:6][H:10])[H:12],[C:0]([C:1]([O:7][H:11])([H:13])[H:14])([C:4]([C:5]([C:2]([C:3](=[O:9])[H:15])=[O:8])[H:17])([H:12])[H:16])[O:6][H:10],44.61153288351189,42.12847779200312,TCIT fails
YSSNFXZGTOLNNX_235_0_3,[C:0]([C:1]([O:7][H:11])([H:13])[H:14])(/[C:4](=[C:5](\[C:2]([C:3](=[O:9])[H:15])=[O:8])[H:17])[H:16])([O:6][H:10])[H:12],[C:0](\[C:1]([O:7][H:11])([H:13])[H:14])(=[C:4]([C:5](=[C:2](\[C:3](=[O:9])[H:15])[O:8][H:12])\[H:17])/[H:16])[O:6][H:10],32.04628265548999,28.99282142849456,-8.322896749521982
YSSNFXZGTOLNNX_55_0_2,[C:0]([C:1]([O:7][H:11])([H:13])[H:14])(/[C:4](=[C:5](\[C:2]([C:3](=[O:9])[H:15])=[O:8])[H:17])[H:16])([O:6][H:10])[H:12],[C:0](\[C:1]([O:7][H:11])([H:13])[H:14])(=[C:4]([C:5](=[C:2](\[C:3](=[O:9])[H:15])[O:8][H:12])\[H:17])/[H:16])[O:6][H:10],27.946135582497625,25.458687924499944,-8.322896749521982
YSSNFXZGTOLNNX_245_0_0,[C:0]([C:1]([O:7][H:11])([H:13])[H:14])(/[C:4](=[C:5](\[C:2]([C:3](=[O:9])[H:15])=[O:8])[H:17])[H:16])([O:6][H:10])[H:12],[C:0](\[C:1]([O:7][H:11])([H:13])[H:14])(=[C:4]([C:5](=[C:2](\[C:3](=[O:9])[H:15])[O:8][H:12])\[H:17])/[H:16])[O:6][H:10],31.732527905426068,28.909362664991257,-8.322896749521982
YSSNFXZGTOLNNX_248_0_0,[C:0]([C:1]([O:7][H:11])([H:13])[H:14])(/[C:4](=[C:5](\[C:2]([C:3](=[O:9])[H:15])=[O:8])[H:17])[H:16])([O:6][H:10])[H:12],[C:0]([C:1]([O:7][H:11])([H:13])[H:14])([C:4](/[C:5](=[C:2](/[C:3](=[O:9])[H:15])[O:8][H:10])[H:17])([H:12])[H:16])=[O:6],29.768423170533865,25.412252221474507,-11.700286806883353
YSSNFXZGTOLNNX_252_0_2,[C:0]([C:1]([O:7][H:11])([H:13])[H:14])(/[C:4](=[C:5](\[C:2]([C:3](=[O:9])[H:15])=[O:8])[H:17])[H:16])([O:6][H:10])[H:12],[C:0]([C:1]([O:7][H:11])([H:13])[H:14])(/[C:4](=[C:5](\[C:2]([C:3]([O:9][H:10])([H:12])[H:15])=[O:8])[H:17])[H:16])=[O:6],35.29176178949999,32.042517598499494,-13.673996175908218
YSSNFXZGTOLNNX_252_0_3,[C:0]([C:1]([O:7][H:11])([H:13])[H:14])(/[C:4](=[C:5](\[C:2]([C:3](=[O:9])[H:15])=[O:8])[H:17])[H:16])([O:6][H:10])[H:12],[C:0]([C:1]([O:7][H:11])([H:13])[H:14])(/[C:4](=[C:5](\[C:2]([C:3]([O:9][H:10])([H:12])[H:15])=[O:8])[H:17])[H:16])=[O:6],33.172662207999736,30.433583240495302,-13.673996175908218
YSSNFXZGTOLNNX_278_0_1,[C:0]([C:1]([O:7][H:11])([H:13])[H:14])(/[C:4](=[C:5](\[C:2]([C:3](=[O:9])[H:15])=[O:8])[H:17])[H:16])([O:6][H:10])[H:12],[C:0]([C:1](=[O:7])[H:14])([C:4](/[C:5](=[C:2](/[C:3](=[O:9])[H:15])[O:8][H:11])[H:17])([H:13])[H:16])([O:6][H:10])[H:12],47.22636496997331,44.10136765994448,-13.428776290630983
YSSNFXZGTOLNNX_2_2_1,[C:0]([C:1]([O:7][H:11])([H:13])[H:14])(/[C:4](=[C:5](\[C:2]([C:3](=[O:9])[H:15])=[O:8])[H:17])[H:16])([O:6][H:10])[H:12],[C:0](\[C:1]([O:7][H:11])([H:13])[H:14])(=[C:4]([C:5](=[C:2](/[C:3](=[O:9])[H:15])[O:8][H:12])/[H:17])\[H:16])[O:6][H:10],32.49306941950339,29.794151059968907,-8.322896749521982
YSSNFXZGTOLNNX_302_0_0,[C:0]([C:1]([O:7][H:11])([H:13])[H:14])(/[C:4](=[C:5](\[C:2]([C:3](=[O:9])[H:15])=[O:8])[H:17])[H:16])([O:6][H:10])[H:12],[C:0]([C:1](=[O:7])[H:13])(/[C:4](=[C:5](\[C:2]([C:3]([O:9][H:11])([H:14])[H:15])=[O:8])[H:17])[H:16])([O:6][H:10])[H:12],36.436339117535134,33.50335971444954,-6.087954110898656
YSSNFXZGTOLNNX_90_0_3,[C:0]([C:1]([O:7][H:11])([H:13])[H:14])(/[C:4](=[C:5](\[C:2]([C:3](=[O:9])[H:15])=[O:8])[H:17])[H:16])([O:6][H:10])[H:12],[C:0]([C:1](=[O:7])[H:14])(/[C:4](=[C:5](\[C:2]([C:3]([O:9][H:11])([H:13])[H:15])=[O:8])[H:17])[H:16])([O:6][H:10])[H:12],40.033223571514,36.745073791469046,-6.087954110898656
YSSNFXZGTOLNNX_302_0_1,[C:0]([C:1]([O:7][H:11])([H:13])[H:14])(/[C:4](=[C:5](\[C:2]([C:3](=[O:9])[H:15])=[O:8])[H:17])[H:16])([O:6][H:10])[H:12],[C:0]1([O:6][H:10])([H:12])[C:1]([H:13])([H:14])[O:7][C:2]2([C:3]([O:9][H:11])([H:15])[O:8]2)[C:5]([H:17])=[C:4]1[H:16],41.63400030596744,41.34158087899233,TCIT fails
YSSNFXZGTOLNNX_75_0_2,[C:0]([C:1]([O:7][H:11])([H:13])[H:14])(/[C:4](=[C:5](\[C:2]([C:3](=[O:9])[H:15])=[O:8])[H:17])[H:16])([O:6][H:10])[H:12],[C:0]([C:1]([O:7][H:11])([H:13])[H:14])([C:4]1([H:16])[C:5]([H:17])[C:2](=[O:8])[C:3]([H:15])[O:9]1)([O:6][H:10])[H:12],39.57514163645777,39.4665824929465,TCIT fails
YSSNFXZGTOLNNX_84_0_1,[C:0]([C:1]([O:7][H:11])([H:13])[H:14])(/[C:4](=[C:5](\[C:2]([C:3](=[O:9])[H:15])=[O:8])[H:17])[H:16])([O:6][H:10])[H:12],[C:0]([C:1]([O:7][H:11])([H:13])[H:14])([C:4]1([H:16])[C:5]([H:17])[C:2](=[O:8])[C:3]([H:15])[O:9]1)([O:6][H:10])[H:12],44.865046721513885,44.17227623347947,TCIT fails
ZGCHLOWZNKRZSN_165_6_1,[C:0]([C:1]([C:3]([C:4]([C:5](=[O:10])[H:20])=[O:9])([H:18])[H:19])([O:7][H:12])[H:15])([C:2]([O:8][H:13])([H:16])[H:17])([O:6][H:11])[H:14],[C:0](/[C:1](=[C:3](\[C:4]([C:5](=[O:10])[H:20])=[O:9])[H:19])[H:15])([C:2]([O:8][H:13])([H:16])[H:17])([O:6][H:11])[H:14].[O:7]([H:12])[H:18],46.315221175990864,42.122202696947625,13.911328871892934
ZGCHLOWZNKRZSN_29_0_3,[C:0]([C:1]([C:3]([C:4]([C:5](=[O:10])[H:20])=[O:9])([H:18])[H:19])([O:7][H:12])[H:15])([C:2]([O:8][H:13])([H:16])[H:17])([O:6][H:11])[H:14],[C:0]([C:1]([C:3]([C:4]([C:5](=[O:10])[H:20])([O:9][H:13])[H:17])([H:18])[H:19])([O:7][H:12])[H:15])([C:2](=[O:8])[H:16])([O:6][H:11])[H:14],31.317116616547462,27.176181426015404,1.1684990439770577
ZGCHLOWZNKRZSN_87_1_3,[C:0]([C:1]([C:3]([C:4]([C:5](=[O:10])[H:20])=[O:9])([H:18])[H:19])([O:7][H:12])[H:15])([C:2]([O:8][H:13])([H:16])[H:17])([O:6][H:11])[H:14],[C:0]([C:1](=[O:7])[H:15])([C:2]([O:8][H:13])([H:16])[H:17])([O:6][H:11])[H:14].[C:3](=[C:4]1[C:5]([O:10][H:12])([H:20])[O:9]1)([H:18])[H:19],49.34295451347991,44.6767938714898,47.772705544933096
ZGCHLOWZNKRZSN_89_0_3,[C:0]([C:1]([C:3]([C:4]([C:5](=[O:10])[H:20])=[O:9])([H:18])[H:19])([O:7][H:12])[H:15])([C:2]([O:8][H:13])([H:16])[H:17])([O:6][H:11])[H:14],[C:0]([C:1](=[O:7])[H:15])([C:2]([O:8][H:13])([H:16])[H:17])([O:6][H:11])[H:14].[C:3](=[C:4]([C:5](=[O:10])[H:20])[O:9][H:12])([H:18])[H:19],37.06447612709005,30.81636403545629,23.06548757170174
FUDDL-XLYOF_14_0_0,[C:0]1([O:5][H:7])([H:8])[C:1]([H:9])([H:10])[O:4][C:3](=[O:6])[C:2]1([H:11])[H:12].[O:13]([H:14])[H:15],[C:0]1([O:5][H:7])([H:8])[C:1]([H:9])([H:10])[O:4][C:3]([O:6][H:14])([O:13][H:15])[C:2]1([H:11])[H:12],40.778704857486666,50.05392277700404,3.788240917782032
FUDDL-XLYOF_14_0_1,[C:0]1([O:5][H:7])([H:8])[C:1]([H:9])([H:10])[O:4][C:3](=[O:6])[C:2]1([H:11])[H:12].[O:13]([H:14])[H:15],[C:0]1([O:5][H:7])([H:8])[C:1]([H:9])([H:10])[O:4][C:3]([O:6][H:14])([O:13][H:15])[C:2]1([H:11])[H:12],35.48691724400665,46.353499255501234,3.788240917782032
FUDDL-XLYOF_14_0_2,[C:0]1([O:5][H:7])([H:8])[C:1]([H:9])([H:10])[O:4][C:3](=[O:6])[C:2]1([H:11])[H:12].[O:13]([H:14])[H:15],[C:0]1([O:5][H:7])([H:8])[C:1]([H:9])([H:10])[O:4][C:3]([O:6][H:14])([O:13][H:15])[C:2]1([H:11])[H:12],32.7603884665062,43.71670433648825,3.788240917782032
FUDDL-XLYOF_19_0_1,[C:0]1([O:5][H:7])([H:8])[C:1]([H:9])([H:10])[O:4][C:3](=[O:6])[C:2]1([H:11])[H:12].[O:13]([H:14])[H:15],[C:0]1([O:5][H:7])([H:8])[C:1]([H:9])([H:10])[O:4][C:3]([O:6][H:14])=[C:2]1[H:12].[H:11][O:13][H:15],35.45240422148677,43.82965604648843,18.099426386233283
FUDDL-XLYOF_7_1_1,[C:0]1([O:5][H:7])([H:8])[C:1]([H:9])([H:10])[O:4][C:3](=[O:6])[C:2]1([H:11])[H:12].[O:13]([H:14])[H:15],[C:0]([C:1]([O:4][H:14])([H:9])[H:10])([C:2]([C:3](=[O:6])[O:13][H:15])([H:11])[H:12])([O:5][H:7])[H:8],31.43257836450564,42.05568669000855,-7.491634799235188
FUDDLSHBRSNCBV_11_2_1,[C:0]1([O:5][H:7])([H:8])[C:1]([H:9])([H:10])[O:4][C:3](=[O:6])[C:2]1([H:11])[H:12],[C:0]1([C:1]([O:4][H:7])([H:9])[H:10])([H:8])[C:2]([H:11])([H:12])[C:3](=[O:6])[O:5]1,65.7824483944938,63.011993951997255,15.361615678776296
FUDDLSHBRSNCBV_18_0_1,[C:0]1([O:5][H:7])([H:8])[C:1]([H:9])([H:10])[O:4][C:3](=[O:6])[C:2]1([H:11])[H:12],[C:0]1([H:8])=[C:1]([H:10])[O:4][C:3](=[O:6])[C:2]1([H:11])[H:12].[O:5]([H:7])[H:9],70.49127968251885,63.768770409012745,14.810468451242839
FUDDLSHBRSNCBV_20_0_0,[C:0]1([O:5][H:7])([H:8])[C:1]([H:9])([H:10])[O:4][C:3](=[O:6])[C:2]1([H:11])[H:12],[C:0]1([H:8])=[C:2]([H:12])[C:3](=[O:6])[O:4][C:1]1([H:9])[H:10].[O:5]([H:7])[H:11],60.19949637299984,55.31558993452444,6.622370936902505
FUDDLSHBRSNCBV_42_0_1,[C:0]1([O:5][H:7])([H:8])[C:1]([H:9])([H:10])[O:4][C:3](=[O:6])[C:2]1([H:11])[H:12],[C:0]([C:1]([O:4][H:11])([H:9])[H:10])([C:2](=[C:3]=[O:6])[H:12])([O:5][H:7])[H:8],77.41459199601736,72.33741263149489,28.986376673040166
LYINK-XLYOF_10_0_0,[C:0]1([H:6])([H:7])[C:1](=[O:5])[C:3]([H:9])=[C:2]([H:8])[O:4]1.[O:10]([H:11])[H:12],[C:0]1([H:6])([H:7])[C:1](=[O:5])[C:3]([H:9])([H:11])[C:2]([H:8])([O:10][H:12])[O:4]1,44.31974096599953,53.372820522471365,-11.634321223709355
LYINK-XLYOF_10_0_2,[C:0]1([H:6])([H:7])[C:1](=[O:5])[C:3]([H:9])=[C:2]([H:8])[O:4]1.[O:10]([H:11])[H:12],[C:0]1([H:6])([H:7])[C:1](=[O:5])[C:3]([H:9])([H:11])[C:2]([H:8])([O:10][H:12])[O:4]1,45.14805350601276,54.04864825397721,-11.634321223709355
LYINK-XLYOF_3_1_0,[C:0]1([H:6])([H:7])[C:1](=[O:5])[C:3]([H:9])=[C:2]([H:8])[O:4]1.[O:10]([H:11])[H:12],[C:0]([C:1](/[C:3](=[C:2](\[H:8])[O:10][H:12])[H:9])=[O:5])([O:4][H:11])([H:6])[H:7],57.33366048653008,68.060935388984,-5.43618546845123
LYINK-XLYOF_6_0_2,[C:0]1([H:6])([H:7])[C:1](=[O:5])[C:3]([H:9])=[C:2]([H:8])[O:4]1.[O:10]([H:11])[H:12],[C:0]([C:1](=[O:5])[O:10][H:12])([O:4][C:2](=[C:3]([H:9])[H:11])[H:8])([H:6])[H:7],63.15883117498322,72.13535457246999,-11.320984703632877
LYINK-XLYOF_8_0_0,[C:0]1([H:6])([H:7])[C:1](=[O:5])[C:3]([H:9])=[C:2]([H:8])[O:4]1.[O:10]([H:11])[H:12],[C:0]1([H:6])([H:7])[C:1]([O:5][H:11])([O:10][H:12])[C:3]([H:9])=[C:2]([H:8])[O:4]1,40.6532029574825,49.94159857650228,-5.030353728489476
LYINK-XLYOF_8_0_1,[C:0]1([H:6])([H:7])[C:1](=[O:5])[C:3]([H:9])=[C:2]([H:8])[O:4]1.[O:10]([H:11])[H:12],[C:0]1([H:6])([H:7])[C:1]([O:5][H:11])([O:10][H:12])[C:3]([H:9])=[C:2]([H:8])[O:4]1,38.814600122523125,48.23351771749872,-5.030353728489476
LYINKTVZUSKQEQ_14_0_1,[C:0]1([H:6])([H:7])[C:1](=[O:5])[C:3]([H:9])=[C:2]([H:8])[O:4]1,[C:0]1([C:1](=[O:5])[H:6])([H:7])[C:3]([H:9])=[C:2]([H:8])[O:4]1,97.30099556046076,93.38157122351149,30.16132887189293
LYINKTVZUSKQEQ_4_1_0,[C:0]1([H:6])([H:7])[C:1](=[O:5])[C:3]([H:9])=[C:2]([H:8])[O:4]1,[C:0]1([H:6])([H:7])/[C:1](=[C:3](\[C:2](=[O:4])[H:8])[H:9])[O:5]1,47.91348787248632,45.28547808652249,21.683317399617593
NOEGN-XLYOF_10_0_3,[C:0]([c:1]1[c:4]([H:13])[c:5]([H:14])[c:2]([C:3](=[O:8])[H:12])[o:6]1)([O:7][H:9])([H:10])[H:11].[O:15]([H:16])[H:17],[C:0]([c:1]1[c:4]([H:13])[c:5]([H:14])[c:2]([H:16])[o:6]1)([O:7][H:9])([H:10])[H:11].[C:3](=[O:8])([H:12])[O:15][H:17],59.93217732599703,67.65556425197305,4.605879541109004
NOEGN-XLYOF_11_0_0,[C:0]([c:1]1[c:4]([H:13])[c:5]([H:14])[c:2]([C:3](=[O:8])[H:12])[o:6]1)([O:7][H:9])([H:10])[H:11].[O:15]([H:16])[H:17],[C:0]([C:1]1=[C:4]([H:13])[C:5]([H:14])([H:16])[C:2]([C:3](=[O:8])[H:12])([O:15][H:17])[O:6]1)([O:7][H:9])([H:10])[H:11],58.994050623440025,67.77353603796057,-0.02294455066921693
NOEGN-XLYOF_11_0_2,[C:0]([c:1]1[c:4]([H:13])[c:5]([H:14])[c:2]([C:3](=[O:8])[H:12])[o:6]1)([O:7][H:9])([H:10])[H:11].[O:15]([H:16])[H:17],[C:0]([C:1]1=[C:4]([H:13])[C:5]([H:14])([H:16])[C:2]([C:3](=[O:8])[H:12])([O:15][H:17])[O:6]1)([O:7][H:9])([H:10])[H:11],59.08127444393382,67.90531303298455,-0.02294455066921693
NOEGN-XLYOF_12_0_0,[C:0]([c:1]1[c:4]([H:13])[c:5]([H:14])[c:2]([C:3](=[O:8])[H:12])[o:6]1)([O:7][H:9])([H:10])[H:11].[O:15]([H:16])[H:17],[C:0]([C:1]1=[C:4]([H:13])[C:5]([H:14])([O:15][H:17])[C:2]([C:3](=[O:8])[H:12])([H:16])[O:6]1)([O:7][H:9])([H:10])[H:11],57.20251100096883,65.55968252198552,14.214866156787767
NOEGN-XLYOF_14_0_0,[C:0]([c:1]1[c:4]([H:13])[c:5]([H:14])[c:2]([C:3](=[O:8])[H:12])[o:6]1)([O:7][H:9])([H:10])[H:11].[O:15]([H:16])[H:17],[C:0]([c:1]1[c:4]([H:13])[c:5]([H:14])[c:2]([C:3]([O:8][H:16])([H:12])[O:15][H:17])[o:6]1)([O:7][H:9])([H:10])[H:11],38.31070999401121,47.830029108947336,1.0826959847036535
NOEGN-XLYOF_23_0_0,[C:0]([c:1]1[c:4]([H:13])[c:5]([H:14])[c:2]([C:3](=[O:8])[H:12])[o:6]1)([O:7][H:9])([H:10])[H:11].[O:15]([H:16])[H:17],[C:0](=[C:1]1[C:4]([H:13])([O:15][H:17])[C:5]([H:14])=[C:2]([C:3](=[O:8])[H:12])[O:6]1)([H:10])[H:11].[O:7]([H:9])[H:16],46.45641081349109,55.41536394498655,27.868307839388144
NOEGN-XLYOF_24_0_3,[C:0]([c:1]1[c:4]([H:13])[c:5]([H:14])[c:2]([C:3](=[O:8])[H:12])[o:6]1)([O:7][H:9])([H:10])[H:11].[O:15]([H:16])[H:17],[C:0](=[C:1]1\[C:4]([H:13])([H:16])[C:5]([H:14])=[C:2]([C:3](=[O:8])[H:12])[O:6]1)(\[O:7][H:9])[H:11].[H:10][O:15][H:17],57.333032976996,64.83553655895898,24.524378585086044
NOEGN-XLYOF_26_0_0,[C:0]([c:1]1[c:4]([H:13])[c:5]([H:14])[c:2]([C:3](=[O:8])[H:12])[o:6]1)([O:7][H:9])([H:10])[H:11].[O:15]([H:16])[H:17],[C:0]([C:1]1([O:15][H:17])[C:4]([H:13])=[C:5]([H:14])[C:2]([C:3](=[O:8])[H:12])([H:16])[O:6]1)([O:7][H:9])([H:10])[H:11],53.1218167224987,63.87670204295426,8.244980879541126
NOEGN-XLYOF_26_0_1,[C:0]([c:1]1[c:4]([H:13])[c:5]([H:14])[c:2]([C:3](=[O:8])[H:12])[o:6]1)([O:7][H:9])([H:10])[H:11].[O:15]([H:16])[H:17],[C:0]([C:1]1([O:15][H:17])[C:4]([H:13])=[C:5]([H:14])[C:2]([C:3](=[O:8])[H:12])([H:16])[O:6]1)([O:7][H:9])([H:10])[H:11],53.1218167224987,63.87670204295426,8.244980879541126
NOEGN-XLYOF_30_0_1,[C:0]([c:1]1[c:4]([H:13])[c:5]([H:14])[c:2]([C:3](=[O:8])[H:12])[o:6]1)([O:7][H:9])([H:10])[H:11].[O:15]([H:16])[H:17],[C:0]([C:1]1=[C:4]([H:13])[C:5]([H:14])([O:15][H:17])/[C:2](=[C:3](\[O:8][H:16])[H:12])[O:6]1)([O:7][H:9])([H:10])[H:11],35.26791642848885,46.44448813294986,29.916586998087965
NOEGN-XLYOF_5_0_0,[C:0]([c:1]1[c:4]([H:13])[c:5]([H:14])[c:2]([C:3](=[O:8])[H:12])[o:6]1)([O:7][H:9])([H:10])[H:11].[O:15]([H:16])[H:17],[C:0]([C:1]1([O:15][H:17])[C:4]([H:13])([H:16])[C:5]([H:14])=[C:2]([C:3](=[O:8])[H:12])[O:6]1)([O:7][H:9])([H:10])[H:11],48.07538532346993,58.03207855994322,-4.279158699808795
NOEGN-XLYOF_5_0_1,[C:0]([c:1]1[c:4]([H:13])[c:5]([H:14])[c:2]([C:3](=[O:8])[H:12])[o:6]1)([O:7][H:9])([H:10])[H:11].[O:15]([H:16])[H:17],[C:0]([C:1]1([O:15][H:17])[C:4]([H:13])([H:16])[C:5]([H:14])=[C:2]([C:3](=[O:8])[H:12])[O:6]1)([O:7][H:9])([H:10])[H:11],54.48476735648188,63.65707371793805,-4.279158699808795
NOEGN-XLYOF_6_0_0,[C:0]([c:1]1[c:4]([H:13])[c:5]([H:14])[c:2]([C:3](=[O:8])[H:12])[o:6]1)([O:7][H:9])([H:10])[H:11].[O:15]([H:16])[H:17],[C:0]([C:1]1([H:16])[C:4]([H:13])([O:15][H:17])[C:5]([H:14])=[C:2]([C:3](=[O:8])[H:12])[O:6]1)([O:7][H:9])([H:10])[H:11],58.68657096850294,69.6792823895001,11.528441682600386
NOEGN-XLYOF_6_0_2,[C:0]([c:1]1[c:4]([H:13])[c:5]([H:14])[c:2]([C:3](=[O:8])[H:12])[o:6]1)([O:7][H:9])([H:10])[H:11].[O:15]([H:16])[H:17],[C:0]([C:1]1([H:16])[C:4]([H:13])([O:15][H:17])[C:5]([H:14])=[C:2]([C:3](=[O:8])[H:12])[O:6]1)([O:7][H:9])([H:10])[H:11],60.88850180400809,70.16560225198504,11.528441682600386
NOEGNKMFWQHSLB_10_0_0,[C:0]([c:1]1[c:4]([H:13])[c:5]([H:14])[c:2]([C:3](=[O:8])[H:12])[o:6]1)([O:7][H:9])([H:10])[H:11],[C:0](=[C:1]1[C:4]([O:7][H:9])([H:13])[C:5]([H:14])=[C:2]([C:3](=[O:8])[H:12])[O:6]1)([H:10])[H:11],68.09419339250705,65.53897470846645,27.868307839388144
NOEGNKMFWQHSLB_65_0_3,[C:0]([c:1]1[c:4]([H:13])[c:5]([H:14])[c:2]([C:3](=[O:8])[H:12])[o:6]1)([O:7][H:9])([H:10])[H:11],[C:0](=[C:1]1\[C:4]([H:13])=[C:5]([H:14])[C:2]([C:3](=[O:8])[H:12])([H:10])[O:6]1)(\[O:7][H:9])[H:11],87.37003021349383,83.73486767996893,20.658938814531552
NOEGNKMFWQHSLB_8_0_1,[C:0]([c:1]1[c:4]([H:13])[c:5]([H:14])[c:2]([C:3](=[O:8])[H:12])[o:6]1)([O:7][H:9])([H:10])[H:11],[C:0](=[O:7])([H:10])[H:11].[c:1]1([H:9])[c:4]([H:13])[c:5]([H:14])[c:2]([C:3](=[O:8])[H:12])[o:6]1,84.49289915601692,80.86338420797776,20.6668260038241
VOLMS-XLYOF_15_0_0,[C:0]1([O:8][H:11])([H:12])[C:1]([H:13])([H:14])[O:6][C:5]([C:2]([H:15])([H:16])[H:17])=[C:4]([O:7][H:10])[C:3]1=[O:9].[O:18]([H:19])[H:20],[C:0]1([O:8][H:11])([H:12])[C:1]([H:13])([H:14])[O:6][C:5]([C:2]([H:15])([H:16])[H:17])=[C:4]([O:7][H:10])[C:3]1([O:9][H:19])[O:18][H:20],38.75937928651987,48.51338695450551,-1.72323135755259
VOLMS-XLYOF_15_0_2,[C:0]1([O:8][H:11])([H:12])[C:1]([H:13])([H:14])[O:6][C:5]([C:2]([H:15])([H:16])[H:17])=[C:4]([O:7][H:10])[C:3]1=[O:9].[O:18]([H:19])[H:20],[C:0]1([O:8][H:11])([H:12])[C:1]([H:13])([H:14])[O:6][C:5]([C:2]([H:15])([H:16])[H:17])=[C:4]([O:7][H:10])[C:3]1([O:9][H:19])[O:18][H:20],39.47160256900517,49.56697540498502,-1.72323135755259
VOLMS-XLYOF_17_0_3,[C:0]1([O:8][H:11])([H:12])[C:1]([H:13])([H:14])[O:6][C:5]([C:2]([H:15])([H:16])[H:17])=[C:4]([O:7][H:10])[C:3]1=[O:9].[O:18]([H:19])[H:20],[C:0]1([O:8][H:11])([H:12])[C:1]([H:13])([H:14])[O:6][C:5]([C:2]([H:15])([H:16])[H:17])([H:19])[C:4]([O:7][H:10])([O:18][H:20])[C:3]1=[O:9],57.29287236895471,66.64778399494924,-9.349665391969413
VOLMS-XLYOF_18_0_0,[C:0]1([O:8][H:11])([H:12])[C:1]([H:13])([H:14])[O:6][C:5]([C:2]([H:15])([H:16])[H:17])=[C:4]([O:7][H:10])[C:3]1=[O:9].[O:18]([H:19])[H:20],[C:0]1([O:8][H:11])([H:12])[C:1]([H:13])([H:14])[O:6][C:5]([C:2]([H:15])([H:16])[H:17])([O:18][H:20])[C:4]([O:7][H:10])([H:19])[C:3]1=[O:9],50.06459043844144,58.954517524968495,-7.739961759082221
VOLMS-XLYOF_18_0_2,[C:0]1([O:8][H:11])([H:12])[C:1]([H:13])([H:14])[O:6][C:5]([C:2]([H:15])([H:16])[H:17])=[C:4]([O:7][H:10])[C:3]1=[O:9].[O:18]([H:19])[H:20],[C:0]1([O:8][H:11])([H:12])[C:1]([H:13])([H:14])[O:6][C:5]([C:2]([H:15])([H:16])[H:17])([O:18][H:20])[C:4]([O:7][H:10])([H:19])[C:3]1=[O:9],50.03635251094139,59.143397884490994,-7.739961759082221
VOLMS-XLYOF_29_0_1,[C:0]1([O:8][H:11])([H:12])[C:1]([H:13])([H:14])[O:6][C:5]([C:2]([H:15])([H:16])[H:17])=[C:4]([O:7][H:10])[C:3]1=[O:9].[O:18]([H:19])[H:20],[C:0]1([O:8][H:11])=[C:3]([O:9][H:19])[C:4]([O:7][H:10])=[C:5]([C:2]([H:15])([H:16])[H:17])[O:6][C:1]1([H:13])[H:14].[H:12][O:18][H:20],41.57062184648478,49.5475226104628,7.620219885277256
VOLMS-XLYOF_31_0_0,[C:0]1([O:8][H:11])([H:12])[C:1]([H:13])([H:14])[O:6][C:5]([C:2]([H:15])([H:16])[H:17])=[C:4]([O:7][H:10])[C:3]1=[O:9].[O:18]([H:19])[H:20],[C:0]1([O:8][H:11])([H:12])[C:1]([H:13])([H:14])[O:6][C:5](=[C:2]([H:16])[H:17])[C:4]([O:7][H:10])([H:19])[C:3]1=[O:9].[H:15][O:18][H:20],51.61202886552955,60.42477228346612,21.04230401529638
VOLMS-XLYOF_31_0_1,[C:0]1([O:8][H:11])([H:12])[C:1]([H:13])([H:14])[O:6][C:5]([C:2]([H:15])([H:16])[H:17])=[C:4]([O:7][H:10])[C:3]1=[O:9].[O:18]([H:19])[H:20],[C:0]1([O:8][H:11])([H:12])[C:1]([H:13])([H:14])[O:6][C:5](=[C:2]([H:16])[H:17])[C:4]([O:7][H:10])([H:19])[C:3]1=[O:9].[H:15][O:18][H:20],48.925033186536304,57.804292611447615,21.04230401529638
VOLMS-XLYOF_32_0_0,[C:0]1([O:8][H:11])([H:12])[C:1]([H:13])([H:14])[O:6][C:5]([C:2]([H:15])([H:16])[H:17])=[C:4]([O:7][H:10])[C:3]1=[O:9].[O:18]([H:19])[H:20],[C:0]1([O:8][H:11])([H:12])[C:1]([H:13])([H:14])[O:6][C:5](=[C:2]([H:16])[H:17])[C:4]([O:7][H:10])([O:18][H:20])[C:3]1=[O:9].[H:15][H:19],90.69206550645325,97.41771232745144,26.199330783938798
VOLMS-XLYOF_36_0_1,[C:0]1([O:8][H:11])([H:12])[C:1]([H:13])([H:14])[O:6][C:5]([C:2]([H:15])([H:16])[H:17])=[C:4]([O:7][H:10])[C:3]1=[O:9].[O:18]([H:19])[H:20],[C:0]1([O:8][H:11])([H:12])[C:1]([H:13])([H:14])[O:6][C:5]([C:2]([H:15])([H:16])[H:17])([H:19])[C:4](=[O:7])[C:3]1=[O:9].[H:10][O:18][H:20],42.861408887936136,51.0008346125032,1.9858986615678702
VOLMS-XLYOF_6_0_2,[C:0]1([O:8][H:11])([H:12])[C:1]([H:13])([H:14])[O:6][C:5]([C:2]([H:15])([H:16])[H:17])=[C:4]([O:7][H:10])[C:3]1=[O:9].[O:18]([H:19])[H:20],[C:0]1([O:8][H:11])([O:18][H:20])[C:1]([H:13])([H:14])[O:6][C:5]([C:2]([H:15])([H:16])[H:17])=[C:4]([O:7][H:10])[C:3]1=[O:9].[H:12][H:19],68.97207918300214,77.07071678995815,16.07887189292543
FUDDL-XLYOF_19_0_2,[C:0]1([O:5][H:7])([H:8])[C:1]([H:9])([H:10])[O:4][C:3](=[O:6])[C:2]1([H:11])[H:12].[O:13]([H:14])[H:15],[C:0]1([O:5][H:7])([H:8])[C:1]([H:9])([H:10])[O:4][C:3]([O:6][H:14])([O:13][H:15])[C:2]1([H:11])[H:12],41.11881500648405,50.35010726100531,3.788240917782032
LYINK-XLYOF_3_0_1,[C:0]1([H:6])([H:7])[C:1](=[O:5])[C:3]([H:9])=[C:2]([H:8])[O:4]1.[O:10]([H:11])[H:12],[C:0]1([H:6])([H:7])/[C:1](=[C:3](\[C:2](=[O:4])[H:8])[H:9])[O:5]1.[O:10]([H:11])[H:12],39.2946448900239,45.78497564847415,21.683317399617607
LYINKTVZUSKQEQ_11_0_1,[C:0]1([H:6])([H:7])[C:1](=[O:5])[C:3]([H:9])=[C:2]([H:8])[O:4]1,[C:0]1([H:6])([H:7])/[C:1](=[C:3](\[C:2](=[O:4])[H:8])[H:9])[O:5]1,47.91348787248632,45.28547808652249,21.683317399617593
VOLMS-XLYOF_23_0_1,[C:0]1([O:8][H:19])([H:12])[C:1]([H:13])([H:14])[O:6][C:5]([C:2]([H:15])([H:16])[H:17])=[C:4]([O:7][H:10])[C:3]1=[O:9].[H:11][O:18][H:20],[C:0]([C:1]([H:13])([H:14])[O:18][H:20])(/[C:3](=[C:4](\[C:5]([C:2]([H:15])([H:16])[H:17])=[O:6])[O:7][H:10])[O:9][H:19])([O:8][H:11])[H:12],35.71972326848959,46.42942790498788,1.0700286806883306
VOLMSPGWNYJHQQ_53_0_0,[C:0]1([O:8][H:11])([H:12])[C:1]([H:13])([H:14])[O:6][C:5]([C:2]([H:15])([H:16])[H:17])=[C:4]([O:7][H:10])[C:3]1=[O:9],[C:0]1(=[O:8])[C:1]([H:13])([H:14])[O:6][C:5]([C:2]([H:15])([H:16])[H:17])=[C:4]([O:7][H:10])[C:3]1([O:9][H:11])[H:12],51.09496103747957,47.70578222797568,6.221797323135764
VOLMSPGWNYJHQQ_57_0_1,[C:0]1([O:8][H:11])([H:12])[C:1]([H:13])([H:14])[O:6][C:5]([C:2]([H:15])([H:16])[H:17])=[C:4]([O:7][H:10])[C:3]1=[O:9],[C:0]([C:1]([C:3](/[C:4](=[C:5](/[C:2]([H:15])([H:16])[H:17])[O:6][H:11])[O:7][H:10])=[O:9])([H:13])[H:14])(=[O:8])[H:12],57.46857502901048,53.18080261549245,10.013384321223699
VOLMSPGWNYJHQQ_58_0_0,[C:0]1([O:8][H:11])([H:12])[C:1]([H:13])([H:14])[O:6][C:5]([C:2]([H:15])([H:16])[H:17])=[C:4]([O:7][H:10])[C:3]1=[O:9],[C:0]([C:1](/[C:3](=[C:4](\[C:5]([C:2]([H:15])([H:16])[H:17])=[O:6])[O:7][H:10])[O:9][H:11])([H:13])[H:14])(=[O:8])[H:12],57.0650864204591,53.2316308850068,6.189531548757182
CPLYU-XLYOF_10_0_0,[C:0]([C:2](=[O:6])[H:10])([O:4][C:1](=[C:3]([H:11])[H:12])[O:5][H:7])([H:8])[H:9].[O:13]([H:14])[H:15],[C:0]([C:2]([O:6][H:14])([H:10])[O:13][H:15])([O:4][C:1](=[C:3]([H:11])[H:12])[O:5][H:7])([H:8])[H:9],33.09673355854876,44.812335923504286,-8.407504780114728
CPLYU-XLYOF_10_0_2,[C:0]([C:2](=[O:6])[H:10])([O:4][C:1](=[C:3]([H:11])[H:12])[O:5][H:7])([H:8])[H:9].[O:13]([H:14])[H:15],[C:0]([C:2]([O:6][H:14])([H:10])[O:13][H:15])([O:4][C:1](=[C:3]([H:11])[H:12])[O:5][H:7])([H:8])[H:9],36.53736814702975,46.76012541150902,-8.407504780114728
CPLYU-XLYOF_17_0_0,[C:0]([C:2](=[O:6])[H:10])([O:4][C:1](=[C:3]([H:11])[H:12])[O:5][H:7])([H:8])[H:9].[O:13]([H:14])[H:15],[C:0](=[C:2](\[O:6][H:14])[H:10])(\[O:4][C:1](=[C:3]([H:11])[H:12])[O:5][H:7])[H:9].[H:8][O:13][H:15],35.15496471856001,45.49255622149904,13.777963671128118
CPLYU-XLYOF_17_0_1,[C:0]([C:2](=[O:6])[H:10])([O:4][C:1](=[C:3]([H:11])[H:12])[O:5][H:7])([H:8])[H:9].[O:13]([H:14])[H:15],[C:0](=[C:2](/[O:6][H:14])[H:10])(\[O:4][C:1](=[C:3]([H:11])[H:12])[O:5][H:7])[H:9].[H:8][O:13][H:15],32.26591098054187,40.69650111301586,13.777963671128118
CPLYU-XLYOF_20_0_0,[C:0]([C:2](=[O:6])[H:10])([O:4][C:1](=[C:3]([H:11])[H:12])[O:5][H:7])([H:8])[H:9].[O:13]([H:14])[H:15],[C:0]([C:2](=[O:6])[H:10])([O:4][C:1]([C:3]([H:11])([H:12])[H:14])=[O:5])([H:8])[H:9].[H:7][O:13][H:15],16.114443960049837,24.61719768501999,-26.142686424474178
CPLYU-XLYOF_20_0_1,[C:0]([C:2](=[O:6])[H:10])([O:4][C:1](=[C:3]([H:11])[H:12])[O:5][H:7])([H:8])[H:9].[O:13]([H:14])[H:15],[C:0]([C:2](=[O:6])[H:10])([O:4][C:1]([C:3]([H:11])([H:12])[H:14])=[O:5])([H:8])[H:9].[H:7][O:13][H:15],14.238818064541254,22.48931297050624,-26.142686424474178
CPLYUCVDGLXCIV_1_0_3,[C:0]([C:2](=[O:6])[H:10])([O:4][C:1](=[C:3]([H:11])[H:12])[O:5][H:7])([H:8])[H:9],[C:0]1([H:8])([H:9])[C:1]([C:3]([C:2](=[O:6])[H:10])([H:11])[H:12])([O:5][H:7])[O:4]1,58.31634036351027,57.93293205897952,-1.9710803059273456
CPLYUCVDGLXCIV_54_0_1,[C:0]([C:2](=[O:6])[H:10])([O:4][C:1](=[C:3]([H:11])[H:12])[O:5][H:7])([H:8])[H:9],[C:0](=[C:2]=[O:6])([H:8])[H:9].[C:1]([C:3]([H:10])([H:11])[H:12])(=[O:4])[O:5][H:7],52.66059724002173,48.82965174249176,-18.070506692160617
CPLYUCVDGLXCIV_7_0_1,[C:0]([C:2](=[O:6])[H:10])([O:4][C:1](=[C:3]([H:11])[H:12])[O:5][H:7])([H:8])[H:9],[C-:2]#[O+:6].[C:0]([O:4][C:1](=[C:3]([H:11])[H:12])[O:5][H:7])([H:8])([H:9])[H:10],84.16157413999737,78.1280702974995,-3.042543021032509
IKIRM-XLYOF_20_0_0,[C:0]1([O:6][H:8])([H:9])[C:1]([H:10])([H:11])[O:4][C:2]([O:5][H:7])=[C:3]1[H:12].[O:13]([H:14])[H:15],[C:0]1([H:9])=[C:3]([H:12])[C:2]([O:5][H:7])([O:13][H:15])[O:4][C:1]1([H:10])[H:11].[O:6]([H:8])[H:14],26.98353600950241,34.71633557799034,-4.840583173996186
IKIRM-XLYOF_20_0_1,[C:0]1([O:6][H:8])([H:9])[C:1]([H:10])([H:11])[O:4][C:2]([O:5][H:7])=[C:3]1[H:12].[O:13]([H:14])[H:15],[C:0]1([H:9])=[C:3]([H:12])[C:2]([O:5][H:7])([O:13][H:15])[O:4][C:1]1([H:10])[H:11].[O:6]([H:8])[H:14],27.252737585000467,35.352002701490576,-4.840583173996186
IKIRM-XLYOF_24_0_0,[C:0]1([O:6][H:8])([H:9])[C:1]([H:10])([H:11])[O:4][C:2]([O:5][H:7])=[C:3]1[H:12].[O:13]([H:14])[H:15],[C:0]1([O:6][H:8])([H:9])[C:1]([H:10])([H:11])[O:4][C:2](=[O:5])[C:3]1([H:12])[H:14].[H:7][O:13][H:15],11.83169162251913,20.00500286000064,-18.099426386233283
IKIRM-XLYOF_24_0_1,[C:0]1([O:6][H:8])([H:9])[C:1]([H:10])([H:11])[O:4][C:2]([O:5][H:7])=[C:3]1[H:12].[O:13]([H:14])[H:15],[C:0]1([O:6][H:8])([H:9])[C:1]([H:10])([H:11])[O:4][C:2](=[O:5])[C:3]1([H:12])[H:14].[H:7][O:13][H:15],12.927950718997916,21.90572913548152,-18.099426386233283
NKHLGJZLAIZVPY_26_0_0,[C:0]1([O:5][H:8])([O:6][H:9])[C:3]([H:14])([H:15])[C:1]([O:7][H:10])([H:11])[C:2]([H:12])([H:13])[O:4]1,[C:0]([C:3]([C:1]([C:2]([O:4][H:8])([H:12])[H:13])([O:7][H:10])[H:11])([H:14])[H:15])(=[O:5])[O:6][H:9],38.67090044699356,34.94976911200737,-11.27987571701722
NKHLGJZLAIZVPY_26_0_1,[C:0]1([O:5][H:8])([O:6][H:9])[C:3]([H:14])([H:15])[C:1]([O:7][H:10])([H:11])[C:2]([H:12])([H:13])[O:4]1,[C:0]([C:3]([C:1]([C:2]([O:4][H:8])([H:12])[H:13])([O:7][H:10])[H:11])([H:14])[H:15])(=[O:5])[O:6][H:9],33.45441397353745,30.01126934699145,-11.27987571701722
CPLYU-XLYOF_6_0_1,[C:0]([C:2](=[O:6])[H:10])([O:4][C:1](=[C:3]([H:11])[H:12])[O:5][H:7])([H:8])[H:9].[O:13]([H:14])[H:15],[C:0](=[C:2](\[O:6][H:7])[H:10])(\[O:4][C:1]([C:3]([H:11])([H:12])[H:14])=[O:5])[H:8].[H:9][O:13][H:15],25.95693046752612,34.5625957505218,-12.364722753346062
CPLYUCVDGLXCIV_47_0_1,[C:0]([C:2](=[O:6])[H:10])([O:4][C:1](=[C:3]([H:11])[H:12])[O:5][H:7])([H:8])[H:9],[C:0](=[C:2]([O:6][C:3]([C:1](=[O:4])[O:5][H:7])([H:11])[H:12])[H:10])([H:8])[H:9],35.647559676029104,35.82263482647945,-15.540391969407269
CPLYUCVDGLXCIV_63_0_0,[C:0]([C:2](=[O:6])[H:10])([O:4][C:1](=[C:3]([H:11])[H:12])[O:5][H:7])([H:8])[H:9],[C:0]([C:2](=[O:6])[H:10])([O:4][C:1]([C:3]([H:8])([H:11])[H:12])[O:5][H:7])[H:9],40.73164164499848,39.590201864491085,TCIT fails
CPLYUCVDGLXCIV_64_1_1,[C:0]([C:2](=[O:6])[H:10])([O:4][C:1](=[C:3]([H:11])[H:12])[O:5][H:7])([H:8])[H:9],[C:0]([C:2](=[O:6])[H:10])([O:4][C:1]([C:3]([H:8])([H:11])[H:12])[O:5][H:7])[H:9],43.98653342152039,42.2244867455104,TCIT fails
CPLYUCVDGLXCIV_64_1_2,[C:0]([C:2](=[O:6])[H:10])([O:4][C:1](=[C:3]([H:11])[H:12])[O:5][H:7])([H:8])[H:9],[C:0]([C:2](=[O:6])[H:10])([O:4][C:1]([C:3]([H:8])([H:11])[H:12])[O:5][H:7])[H:9],43.1174327640388,41.344090916986,TCIT fails
IKIRM-XLYOF_10_0_0,[C:0]1([O:6][H:8])([H:9])[C:1]([H:10])([H:11])[O:4][C:2]([O:5][H:7])=[C:3]1[H:12].[O:13]([H:14])[H:15],[C:0]1([O:6])([H:9])[C:1]([H:10])([H:11])[O:4][C:2]([O:5][H:7])[C:3]1([H:12])[H:14].[H:8][O:13][H:15],28.02080921298744,39.0041079914727,TCIT fails
NKHLGJZLAIZVPY_23_0_3,[C:0]1([O:5][H:8])([O:6][H:9])[C:3]([H:14])([H:15])[C:1]([O:7][H:10])([H:11])[C:2]([H:12])([H:13])[O:4]1,[C:0]([C:3]([C:1]([C:2]([O:4][H:8])([H:12])[H:13])([O:7][H:10])[H:11])([H:14])[H:15])(=[O:5])[O:6][H:9],33.45441397353745,30.01126934699145,-11.27987571701722
DZAIOXUZHHTJKN_122_0_1,[C:0]([C:1]([O:6][H:10])([H:12])[H:13])([C:2]([C:3]([O:4][H:8])=[O:7])([H:14])[H:15])([O:5][H:9])[H:11],[C:0]([C:1](=[O:6])[H:13])([C:2]([C:3]([O:4][H:8])([O:7][H:10])[H:12])([H:14])[H:15])([O:5][H:9])[H:11],53.1877052200107,49.86064985099264,19.08317399617592
DZAIOXUZHHTJKN_28_0_0,[C:0]([C:1]([O:6][H:10])([H:12])[H:13])([C:2]([C:3]([O:4][H:8])=[O:7])([H:14])[H:15])([O:5][H:9])[H:11],[C:0]([C:1]([O:6][H:10])([H:12])[H:13])(=[C:2]([H:14])[H:15])[H:11].[C:3]([O:4][H:8])([O:5][H:9])=[O:7],69.36615514900593,64.75709787147868,16.01720841300193
DZAIOXUZHHTJKN_28_0_1,[C:0]([C:1]([O:6][H:10])([H:12])[H:13])([C:2]([C:3]([O:4][H:8])=[O:7])([H:14])[H:15])([O:5][H:9])[H:11],[C:0]([C:1]([O:6][H:10])([H:12])[H:13])(=[C:2]([H:14])[H:15])[H:11].[C:3]([O:4][H:8])([O:5][H:9])=[O:7],61.76262253751267,59.24881948047452,16.01720841300193
DZAIOXUZHHTJKN_28_0_2,[C:0]([C:1]([O:6][H:10])([H:12])[H:13])([C:2]([C:3]([O:4][H:8])=[O:7])([H:14])[H:15])([O:5][H:9])[H:11],[C:0]([C:1]([O:6][H:10])([H:12])[H:13])(=[C:2]([H:14])[H:15])[H:11].[C:3]([O:4][H:8])([O:5][H:9])=[O:7],64.78784583700805,61.008356118490845,16.01720841300193
DZAIOXUZHHTJKN_28_0_3,[C:0]([C:1]([O:6][H:10])([H:12])[H:13])([C:2]([C:3]([O:4][H:8])=[O:7])([H:14])[H:15])([O:5][H:9])[H:11],[C:0]([C:1]([O:6][H:10])([H:12])[H:13])(=[C:2]([H:14])[H:15])[H:11].[C:3]([O:4][H:8])([O:5][H:9])=[O:7],63.06595976903935,60.11917515698861,16.01720841300193
DZAIOXUZHHTJKN_29_0_0,[C:0]([C:1]([O:6][H:10])([H:12])[H:13])([C:2]([C:3]([O:4][H:8])=[O:7])([H:14])[H:15])([O:5][H:9])[H:11],[C:0](\[C:1]([O:6][H:10])([H:12])[H:13])(=[C:2](/[C:3]([O:4][H:8])=[O:7])[H:15])[H:11].[O:5]([H:9])[H:14],54.03421553551365,48.37721739299261,13.082217973231355
DZAIOXUZHHTJKN_29_0_1,[C:0]([C:1]([O:6][H:10])([H:12])[H:13])([C:2]([C:3]([O:4][H:8])=[O:7])([H:14])[H:15])([O:5][H:9])[H:11],[C:0](\[C:1]([O:6][H:10])([H:12])[H:13])(=[C:2](\[C:3]([O:4][H:8])=[O:7])[H:15])[H:11].[O:5]([H:9])[H:14],59.24819197101178,54.25635389848785,13.082217973231355
DZAIOXUZHHTJKN_29_0_2,[C:0]([C:1]([O:6][H:10])([H:12])[H:13])([C:2]([C:3]([O:4][H:8])=[O:7])([H:14])[H:15])([O:5][H:9])[H:11],[C:0](\[C:1]([O:6][H:10])([H:12])[H:13])(=[C:2](\[C:3]([O:4][H:8])=[O:7])[H:15])[H:11].[O:5]([H:9])[H:14],54.24192118002429,50.54840026300405,13.082217973231355
DZAIOXUZHHTJKN_54_1_0,[C:0]([C:1]([O:6][H:10])([H:12])[H:13])([C:2]([C:3]([O:4][H:8])=[O:7])([H:14])[H:15])([O:5][H:9])[H:11],[C:0]1([O:5][H:9])([H:11])[C:1]([H:12])([H:13])[O:6][C:3]([O:4][H:8])([O:7][H:10])[C:2]1([H:14])[H:15],40.51326833901477,38.86040831597881,11.27987571701722
DZAIOXUZHHTJKN_54_1_1,[C:0]([C:1]([O:6][H:10])([H:12])[H:13])([C:2]([C:3]([O:4][H:8])=[O:7])([H:14])[H:15])([O:5][H:9])[H:11],[C:0]1([O:5][H:9])([H:11])[C:1]([H:12])([H:13])[O:6][C:3]([O:4][H:8])([O:7][H:10])[C:2]1([H:14])[H:15],42.782342691028745,40.31560284647878,11.27987571701722
DZAIOXUZHHTJKN_54_1_3,[C:0]([C:1]([O:6][H:10])([H:12])[H:13])([C:2]([C:3]([O:4][H:8])=[O:7])([H:14])[H:15])([O:5][H:9])[H:11],[C:0]1([O:5][H:9])([H:11])[C:1]([H:12])([H:13])[O:6][C:3]([O:4][H:8])([O:7][H:10])[C:2]1([H:14])[H:15],44.52430906298242,41.78523009547799,11.27987571701722
DZAIOXUZHHTJKN_55_1_1,[C:0]([C:1]([O:6][H:10])([H:12])[H:13])([C:2]([C:3]([O:4][H:8])=[O:7])([H:14])[H:15])([O:5][H:9])[H:11],[C:0]1([O:5][H:9])([H:11])[C:1]([H:12])([H:13])[O:6][C:3](=[O:7])[C:2]1([H:14])[H:15].[O:4]([H:8])[H:10],45.14742599651434,41.680436008992885,7.491634799235188
DZAIOXUZHHTJKN_6_1_0,[C:0]([C:1]([O:6][H:10])([H:12])[H:13])([C:2]([C:3]([O:4][H:8])=[O:7])([H:14])[H:15])([O:5][H:9])[H:11],[C:0]([C:1]([O:6][H:10])([H:12])[H:13])([C:2]([C:3]([O:4][H:8])([O:7][H:9])[H:11])([H:14])[H:15])=[O:5],65.04575224149896,60.94309513047726,14.385755258126208
HKWHY-XLYOF_18_0_0,[C:0](=[C:3]([H:11])[H:12])([O:4]/[C:1](=[C:2](/[O:6][H:8])[H:10])[H:9])[O:5][H:7].[O:13]([H:14])[H:15],[C:0]([C:3]([H:11])([H:12])[H:14])([O:4]/[C:1](=[C:2](/[O:6][H:8])[H:10])[H:9])=[O:5].[H:7][O:13][H:15],12.99572174500516,21.62711491754289,-26.142686424474178
HKWHY-XLYOF_18_0_3,[C:0](=[C:3]([H:11])[H:12])([O:4]/[C:1](=[C:2](/[O:6][H:8])[H:10])[H:9])[O:5][H:7].[O:13]([H:14])[H:15],[C:0]([C:3]([H:11])([H:12])[H:14])([O:4]/[C:1](=[C:2](/[O:6][H:8])[H:10])[H:9])=[O:5].[H:7][O:13][H:15],14.601518555517268,23.08858454302703,-26.142686424474178
HKWHY-XLYOF_1_0_0,[C:0](=[C:3]([H:11])[H:12])([O:4]/[C:1](=[C:2](/[O:6][H:8])[H:10])[H:9])[O:5][H:7].[O:13]([H:14])[H:15],[C:0]([C:3]([H:11])([H:12])[H:14])([O:4]/[C:1](=[C:2](/[O:6][H:8])[H:10])[H:9])([O:5][H:7])[O:13][H:15],33.751225967037136,44.266402658527184,-22.025573613766724
HKWHY-XLYOF_1_0_1,[C:0](=[C:3]([H:11])[H:12])([O:4]/[C:1](=[C:2](/[O:6][H:8])[H:10])[H:9])[O:5][H:7].[O:13]([H:14])[H:15],[C:0]([C:3]([H:11])([H:12])[H:14])([O:4]/[C:1](=[C:2](/[O:6][H:8])[H:10])[H:9])([O:5][H:7])[O:13][H:15],34.66174225152117,45.54903207653481,-22.025573613766724
HKWHY-XLYOF_20_0_0,[C:0](=[C:3]([H:11])[H:12])([O:4]/[C:1](=[C:2](/[O:6][H:8])[H:10])[H:9])[O:5][H:7].[O:13]([H:14])[H:15],[C:0](=[C:3]([H:11])[H:12])([O:4][C:1]([C:2](=[O:6])[H:10])([H:9])[H:14])[O:5][H:7].[H:8][O:13][H:15],24.56699692500405,32.34497717752059,-13.777963671128118
HKWHY-XLYOF_20_0_3,[C:0](=[C:3]([H:11])[H:12])([O:4]/[C:1](=[C:2](/[O:6][H:8])[H:10])[H:9])[O:5][H:7].[O:13]([H:14])[H:15],[C:0](=[C:3]([H:11])[H:12])([O:4][C:1]([C:2](=[O:6])[H:10])([H:9])[H:14])[O:5][H:7].[H:8][O:13][H:15],23.17580836355649,31.795278855517324,-13.777963671128118
HKWHY-XLYOF_7_0_3,[C:0](=[C:3]([H:11])[H:12])([O:4]/[C:1](=[C:2](/[O:6][H:8])[H:10])[H:9])[O:5][H:7].[O:13]([H:14])[H:15],[C:0](=[C:3]([H:11])[H:12])([O:4][C:1]([C:2]([O:6][H:8])([H:10])[O:13][H:15])([H:9])[H:14])[O:5][H:7],46.902570068006085,55.897291241018245,-22.185468451242844
HKWHYIIBAGBNDC_20_0_1,[C:0](=[C:3]([H:11])[H:12])([O:4]/[C:1](=[C:2](/[O:6][H:8])[H:10])[H:9])[O:5][H:7],[C:0](=[C:3]([H:11])[H:12])=[O:5].[C:1](=[C:2](/[O:6][H:8])[H:10])(\[O:4][H:7])[H:9],45.20327434198035,41.01841348652352,7.669455066921605
HKWHYIIBAGBNDC_42_1_0,[C:0](=[C:3]([H:11])[H:12])([O:4]/[C:1](=[C:2](\[O:6][H:8])[H:10])[H:9])[O:5][H:7],[C:0](=[C:3]([H:11])[H:12])([O:4][C:1](=[C:2]([H:9])[H:10])[O:6][H:8])[O:5][H:7],63.77943807048581,60.67389355501487,-2.8116634799235203
HKWHYIIBAGBNDC_59_0_0,[C:0](=[C:3]([H:11])[H:12])([O:4]/[C:1](=[C:2](/[O:6][H:8])[H:10])[H:9])[O:5][H:7],[C:0]1([C:3]([H:8])([H:11])[H:12])([O:5][H:7])[C:1]([C:2](=[O:6])[H:10])([H:9])[O:4]1,60.48187564803597,58.75245946601494,-9.166826003824088
HKWHYIIBAGBNDC_64_0_0,[C:0](=[C:3]([H:11])[H:12])([O:4]/[C:1](=[C:2](/[O:6][H:8])[H:10])[H:9])[O:5][H:7],[C:0]([C:3]([H:10])([H:11])[H:12])(=[O:4])[O:5][H:7].[C:1](#[C:2][O:6][H:8])[H:9],57.25145674198794,53.6081365850193,2.1412523900573484
HKWHYIIBAGBNDC_78_0_1,[C:0](=[C:3]([H:11])[H:12])([O:4]/[C:1](=[C:2](/[O:6][H:8])[H:10])[H:9])[O:5][H:7],[C:0](=[C:3]([H:11])[H:12])=[O:5].[C:1]([C:2]([O:6][H:8])([H:7])[H:10])(=[O:4])[H:9],32.86204500549923,29.89769012749285,-1.7143881453154879
HKWHYIIBAGBNDC_9_0_1,[C:0](=[C:3]([H:11])[H:12])([O:4]/[C:1](=[C:2](/[O:6][H:8])[H:10])[H:9])[O:5][H:7],[C:0]([C:3]([H:7])([H:11])[H:12])([O:4]/[C:1](=[C:2](/[O:6][H:8])[H:10])[H:9])=[O:5],48.907462920509325,46.01778167299276,-26.142686424474178
NUHKDHWUTKETKO_16_1_2,[C:0]1([O:6][H:7])([H:8])[C:1]([H:9])([H:10])[O:5][C:2](=[C:3]([H:11])[H:12])[O:4]1,[C:0]([C:1]([O:5][C:2](=[C:3]([H:11])[H:12])[O:6][H:7])([H:9])[H:10])(=[O:4])[H:8],79.72570948446086,76.83979329400613,6.889340344168257
QFTOQKSHYCMJOH_41_1_0,[C:0]([C:1]([O:4][C:2](=[C:3]([H:14])[H:15])[O:7][H:10])([H:12])[H:13])([O:5][H:8])([O:6][H:9])[H:11],[C:0]([C:1]([O:4][H:10])([H:12])[H:13])([O:5][H:8])([O:6][H:9])[H:11].[C:2](=[C:3]([H:14])[H:15])=[O:7],48.3646672030243,43.36655403548055,12.516252390057373
QFTOQKSHYCMJOH_41_1_1,[C:0]([C:1]([O:4][C:2](=[C:3]([H:14])[H:15])[O:7][H:10])([H:12])[H:13])([O:5][H:8])([O:6][H:9])[H:11],[C:0]([C:1]([O:4][H:10])([H:12])[H:13])([O:5][H:8])([O:6][H:9])[H:11].[C:2](=[C:3]([H:14])[H:15])=[O:7],46.32777136599485,41.39868424349084,12.516252390057373
QFTOQKSHYCMJOH_45_0_3,[C:0]([C:1]([O:4][C:2](=[C:3]([H:14])[H:15])[O:7][H:10])([H:12])[H:13])([O:5][H:8])([O:6][H:9])[H:11],[C:0]([C:1]1([H:13])[C:2]([C:3]([H:12])([H:14])[H:15])([O:7][H:10])[O:4]1)([O:5][H:8])([O:6][H:9])[H:11],61.65594592249664,57.706401129480746,2.0105162523900657
QFTOQKSHYCMJOH_54_0_1,[C:0]([C:1]([O:4][C:2](=[C:3]([H:14])[H:15])[O:7][H:10])([H:12])[H:13])([O:5][H:8])([O:6][H:9])[H:11],[C:0]1([O:6][H:9])([H:11])[C:1]([H:12])([H:13])[O:4][C:2]([C:3]([H:8])([H:14])[H:15])([O:7][H:10])[O:5]1,44.15156841999608,40.633750162995945,-22.0
QFTOQKSHYCMJOH_56_0_3,[C:0]([C:1]([O:4][C:2](=[C:3]([H:14])[H:15])[O:7][H:10])([H:12])[H:13])([O:5][H:8])([O:6][H:9])[H:11],[C:0]([C:1]([O:4][C:2]([C:3]([H:10])([H:14])[H:15])=[O:7])([H:12])[H:13])([O:5][H:8])([O:6][H:9])[H:11],50.43921360999436,45.32940375148293,-26.142447418738048
QFTOQKSHYCMJOH_56_3_2,[C:0]([C:1]([O:4][C:2](=[C:3]([H:14])[H:15])[O:7][H:10])([H:12])[H:13])([O:5][H:8])([O:6][H:9])[H:11],[C:0]([C:1]([O:4][C:2]([C:3]([H:8])([H:14])[H:15])=[O:7])([H:12])[H:13])([O:5][H:10])([O:6][H:9])[H:11],44.8167284899932,42.63550546797144,-26.142447418738048
QFTOQKSHYCMJOH_78_0_0,[C:0]([C:1]([O:4][C:2](=[C:3]([H:14])[H:15])[O:7][H:10])([H:12])[H:13])([O:5][H:8])([O:6][H:9])[H:11],[C:0](=[C:1]([H:12])[H:13])([O:5][H:8])[O:6][H:9].[C:2]([C:3]([H:11])([H:14])[H:15])(=[O:4])[O:7][H:10],48.25422553098211,43.29501795248281,-16.65535372848949
QFTOQKSHYCMJOH_78_0_1,[C:0]([C:1]([O:4][C:2](=[C:3]([H:14])[H:15])[O:7][H:10])([H:12])[H:13])([O:5][H:8])([O:6][H:9])[H:11],[C:0](=[C:1]([H:12])[H:13])([O:5][H:8])[O:6][H:9].[C:2]([C:3]([H:11])([H:14])[H:15])(=[O:4])[O:7][H:10],44.725739612473234,40.01941836247752,-16.65535372848949
RBZGR-XLYOF_14_0_0,[C:0]([C:1]([O:4][H:8])([H:10])[H:11])([C:2](=[C:5]=[O:6])[H:12])([O:3][H:7])[H:9].[O:13]([H:14])[H:15],[C:0]([C:1]([O:4][H:8])([H:10])[H:11])([C:2](=[C:5]([O:6][H:14])[O:13][H:15])[H:12])([O:3][H:7])[H:9],36.7695466619786,46.85111428899332,-13.034177820267677
RBZGR-XLYOF_14_0_3,[C:0]([C:1]([O:4][H:8])([H:10])[H:11])([C:2](=[C:5]=[O:6])[H:12])([O:3][H:7])[H:9].[O:13]([H:14])[H:15],[C:0]([C:1]([O:4][H:8])([H:10])[H:11])([C:2](=[C:5]([O:6][H:14])[O:13][H:15])[H:12])([O:3][H:7])[H:9],29.63225360898529,41.58756460297767,-13.034177820267677
RBZGR-XLYOF_23_0_2,[C:0]([C:1]([O:4][H:8])([H:10])[H:11])([C:2](=[C:5]=[O:6])[H:12])([O:3][H:7])[H:9].[O:13]([H:14])[H:15],[C:0](\[C:1]([O:4][H:8])([H:10])[H:11])(=[C:2](/[C:5](=[O:6])[O:13][H:15])[H:12])[O:3][H:7].[H:9][H:14],48.224105075022486,57.72899147145938,-13.031070745697908
RBZGR-XLYOF_23_0_3,[C:0]([C:1]([O:4][H:8])([H:10])[H:11])([C:2](=[C:5]=[O:6])[H:12])([O:3][H:7])[H:9].[O:13]([H:14])[H:15],[C:0](\[C:1]([O:4][H:8])([H:10])[H:11])(=[C:2](\[C:5](=[O:6])[O:13][H:15])[H:12])[O:3][H:7].[H:9][H:14],48.67089183900022,58.30128013547695,-13.031070745697908
RBZGRNVQQYVVIB_100_0_1,[C:0]([C:1]([O:4][H:8])([H:10])[H:11])([C:2](=[C:5]=[O:6])[H:12])([O:3][H:7])[H:9],[C:0]1([O:3][H:7])=[C:2]([H:12])[C:5](=[O:6])[O:4][C:1]1([H:10])[H:11].[H:8][H:9],63.571104916512425,60.09281975798381,-6.337237093690245
RBZGRNVQQYVVIB_102_1_1,[C:0]([C:1]([O:4][H:8])([H:10])[H:11])([C:2](=[C:5]=[O:6])[H:12])([O:3][H:7])[H:9],[C:0]([C:1](=[O:4])[H:11])([C:2]([C:5](=[O:6])[H:10])([H:8])[H:12])([O:3][H:7])[H:9],57.2458091565022,54.51677034100809,-11.646988527724664
RBZGRNVQQYVVIB_102_1_2,[C:0]([C:1]([O:4][H:8])([H:10])[H:11])([C:2](=[C:5]=[O:6])[H:12])([O:3][H:7])[H:9],[C:0]([C:1](=[O:4])[H:11])([C:2]([C:5](=[O:6])[H:10])([H:8])[H:12])([O:3][H:7])[H:9],58.92376955951046,55.60675434250272,-11.646988527724664
RBZGRNVQQYVVIB_13_0_1,[C:0]([C:1]([O:4][H:8])([H:10])[H:11])([C:2](=[C:5]=[O:6])[H:12])([O:3][H:7])[H:9],[C:0]([C:1]([O:4][H:8])([H:10])[H:11])(=[O:3])[H:9].[C:2](=[C:5]=[O:6])([H:7])[H:12],55.78810458800856,51.8573850799808,12.48422562141491
RBZGRNVQQYVVIB_18_0_1,[C:0]([C:1]([O:4][H:8])([H:10])[H:11])([C:2](=[C:5]=[O:6])[H:12])([O:3][H:7])[H:9],[C:0](=[C:1](\[O:4][H:8])[H:11])(\[C:2](=[C:5]=[O:6])[H:12])[H:9].[O:3]([H:7])[H:10],58.85286098601114,53.92879393949445,4.225382409177814
RBZGRNVQQYVVIB_19_0_2,[C:0]([C:1]([O:4][H:8])([H:10])[H:11])([C:2](=[C:5]=[O:6])[H:12])([O:3][H:7])[H:9],[C:0](\[C:1]([O:4][H:8])([H:10])[H:11])(=[C:2](\[C:5]([O:3][H:7])=[O:6])[H:12])[H:9],43.21093167951676,42.47611805498149,-23.395793499043982
RBZGRNVQQYVVIB_19_0_3,[C:0]([C:1]([O:4][H:8])([H:10])[H:11])([C:2](=[C:5]=[O:6])[H:12])([O:3][H:7])[H:9],[C:0](\[C:1]([O:4][H:8])([H:10])[H:11])(=[C:2](\[C:5]([O:3][H:7])=[O:6])[H:12])[H:9],44.73515225502081,43.98088583599898,-23.395793499043982
RBZGRNVQQYVVIB_20_0_2,[C:0]([C:1]([O:4][H:8])([H:10])[H:11])([C:2](=[C:5]=[O:6])[H:12])([O:3][H:7])[H:9],[C:0]([C:1]([O:4][H:8])([H:10])[H:11])(=[C:2]=[C:5]=[O:6])[H:9].[O:3]([H:7])[H:12],62.14665835150616,57.71518626249424,17.304254302103253
RBZGRNVQQYVVIB_20_0_3,[C:0]([C:1]([O:4][H:8])([H:10])[H:11])([C:2](=[C:5]=[O:6])[H:12])([O:3][H:7])[H:9],[C:0]([C:1]([O:4][H:8])([H:10])[H:11])(=[C:2]=[C:5]=[O:6])[H:9].[O:3]([H:7])[H:12],58.68217840201403,54.53371309750098,17.304254302103253
RBZGRNVQQYVVIB_2_0_0,[C:0]([C:1]([O:4][H:8])([H:10])[H:11])([C:2](=[C:5]=[O:6])[H:12])([O:3][H:7])[H:9],[C:0]1([O:3][H:7])([H:9])[C:2]([C:1]([O:4][H:8])([H:10])[H:11])([H:12])[C:5]1=[O:6],83.87605731750483,82.17989913900684,7.841300191204587
RBZGRNVQQYVVIB_2_0_3,[C:0]([C:1]([O:4][H:8])([H:10])[H:11])([C:2](=[C:5]=[O:6])[H:12])([O:3][H:7])[H:9],[C:0]1([O:3][H:7])([H:9])[C:2]([C:1]([O:4][H:8])([H:10])[H:11])([H:12])[C:5]1=[O:6],86.36350497553818,84.08564549051071,7.841300191204587
RBZGRNVQQYVVIB_40_1_0,[C:0]([C:1]([O:4][H:8])([H:10])[H:11])([C:2](=[C:5]=[O:6])[H:12])([O:3][H:7])[H:9],[C:0]1([O:3][H:7])([H:9])[C:1]([H:10])([H:11])[O:4][C:5]([O:6][H:8])=[C:2]1[H:12],48.105505779500895,47.23766014098047,-10.88695028680688
RBZGRNVQQYVVIB_40_1_1,[C:0]([C:1]([O:4][H:8])([H:10])[H:11])([C:2](=[C:5]=[O:6])[H:12])([O:3][H:7])[H:9],[C:0]1([O:3][H:7])([H:9])[C:1]([H:10])([H:11])[O:4][C:5]([O:6][H:8])=[C:2]1[H:12],44.82049354701936,44.40884731498858,-10.88695028680688
RBZGRNVQQYVVIB_41_0_0,[C:0]([C:1]([O:4][H:8])([H:10])[H:11])([C:2](=[C:5]=[O:6])[H:12])([O:3][H:7])[H:9],[C:0]1([O:3][H:7])([H:9])[C:1]([O:4][H:8])([H:11])[C:2]1([C:5](=[O:6])[H:10])[H:12],50.35951990351722,49.06747784299769,9.545650095602285
RBZGRNVQQYVVIB_50_0_0,[C:0]([C:1]([O:4][H:8])([H:10])[H:11])([C:2](=[C:5]=[O:6])[H:12])([O:3][H:7])[H:9],[C:0]1([O:3][H:7])([H:9])[C:1]([H:10])([H:11])[O:4][C:5](=[O:6])[C:2]1([H:8])[H:12],49.8562572845394,48.47824642248722,-28.986376673040166
RBZGRNVQQYVVIB_50_0_1,[C:0]([C:1]([O:4][H:8])([H:10])[H:11])([C:2](=[C:5]=[O:6])[H:12])([O:3][H:7])[H:9],[C:0]1([O:3][H:7])([H:9])[C:1]([H:10])([H:11])[O:4][C:5](=[O:6])[C:2]1([H:8])[H:12],48.82086660951394,47.420265405483136,-28.986376673040166
RBZGRNVQQYVVIB_86_0_1,[C:0]([C:1]([O:4][H:8])([H:10])[H:11])([C:2](=[C:5]=[O:6])[H:12])([O:3][H:7])[H:9],[C:0]1([H:9])=[C:2]([H:12])[C:5](=[O:6])[O:4][C:1]1([H:10])[H:11].[O:3]([H:7])[H:8],35.58355370701235,34.16663725598708,-22.36400573613766
RBZGRNVQQYVVIB_86_0_2,[C:0]([C:1]([O:4][H:8])([H:10])[H:11])([C:2](=[C:5]=[O:6])[H:12])([O:3][H:7])[H:9],[C:0]1([H:9])=[C:2]([H:12])[C:5](=[O:6])[O:4][C:1]1([H:10])[H:11].[O:3]([H:7])[H:8],33.98967957700581,33.10865623898299,-22.36400573613766
RBZGRNVQQYVVIB_99_0_1,[C:0]([C:1]([O:4][H:8])([H:10])[H:11])([C:2](=[C:5]=[O:6])[H:12])([O:3][H:7])[H:9],[C:0]1([C:1]([O:4][H:8])([H:10])[H:11])=[C:2]([H:12])[C:5](=[O:6])[O:3]1.[H:7][H:9],85.70587501952205,80.50884134048115,8.598709369024863
DZAIOXUZHHTJKN_73_0_1,[C:0]([C:1]([O:6][H:10])([H:12])[H:13])([C:2]([C:3]([O:4][H:8])=[O:7])([H:14])[H:15])([O:5][H:9])[H:11],[C:0]1([O:5][H:9])([H:11])[C:1]([H:12])([H:13])[O:6][C:3]([O:4][H:8])([O:7][H:10])[C:2]1([H:14])[H:15],42.77481257701209,40.25661695348503,11.27987571701722
HKWHY-XLYOF_16_0_2,[C:0](=[C:3]([H:11])[H:12])([O:4]/[C:1](=[C:2](/[O:6][H:8])[H:10])[H:9])[O:5][H:7].[O:13]([H:14])[H:15],[C:0]([C:3]([H:11])([H:12])[H:14])([O:4]/[C:1](=[C:2](/[O:6][H:8])[H:10])[H:9])([O:5][H:7])[O:13][H:15],33.751225967037136,44.266402658527184,-22.025573613766724
HKWHYIIBAGBNDC_9_3_0,[C:0](=[C:3]([H:11])[H:12])([O:4]/[C:1](=[C:2](/[O:6][H:8])[H:10])[H:9])[O:5][H:7],[C:0](=[C:3]([H:11])[H:12])=[O:5].[C:1]([C:2]([O:6][H:8])([H:7])[H:10])(=[O:4])[H:9],32.86204500549923,29.89769012749285,-1.7143881453154879
NUHKD-XLYOF_10_0_0,[C:0]1([O:6][H:7])([H:8])[C:1]([H:9])([H:10])[O:5][C:2](=[C:3]([H:11])[H:12])[O:4]1.[O:13]([H:14])[H:15],[C:0]([C:1]([O:5][C:2]([C:3]([H:11])([H:12])[H:14])=[O:4])([H:9])[H:10])(=[O:6])[H:8].[H:7][O:13][H:15],10.326923841501635,18.03148548252519,-19.253346080305935
QFTOQKSHYCMJOH_17_0_3,[C:0]([C:1]([O:4][C:2](=[C:3]([H:14])[H:15])[O:7][H:10])([H:12])[H:13])([O:5][H:8])([O:6][H:9])[H:11],[C:0]([C:1]([O:4][C:2](=[C:3]([H:14])[H:15])[O:7][H:10])([H:12])[H:13])(=[O:6])[H:11].[O:5]([H:8])[H:9],50.38650281202043,44.96356571297917,8.407504780114728
QFTOQKSHYCMJOH_76_0_3,[C:0]([C:1]([O:4][C:2](=[C:3]([H:14])[H:15])[O:7][H:10])([H:12])[H:13])([O:5][H:8])([O:6][H:9])[H:11],[C:0]([C:1]([O:4][C:2](=[C:3]([H:14])[H:15])[O:7][H:9])([H:12])[H:13])(=[O:6])[H:11].[O:5]([H:8])[H:10],34.49043215798998,31.27632849897209,8.407504780114728
QFTOQKSHYCMJOH_47_0_3,[C:0]([C:1]([O:4][C:2](=[C:3]([H:14])[H:15])[O:7][H:10])([H:12])[H:13])([O:5][H:8])([O:6][H:9])[H:11],[C:0]([C:1]([O:4][H:10])([H:12])[H:13])([O:5][H:8])([O:6][H:9])[H:11].[C:2](=[C:3]([H:14])[H:15])=[O:7],48.16072661550415,43.44060015647195,12.516252390057373
QFTOQKSHYCMJOH_4_0_1,[C:0]([C:1]([O:4][C:2](=[C:3]([H:14])[H:15])[O:7][H:10])([H:12])[H:13])([O:5][H:8])([O:6][H:9])[H:11],[C:0]([C:1]([O:4][H:10])([H:12])[H:13])([O:5][H:8])([O:6][H:9])[H:11].[C:2](=[C:3]([H:14])[H:15])=[O:7],46.186581728494616,41.232394225982645,12.516252390057373
QFTOQKSHYCMJOH_54_0_2,[C:0]([C:1]([O:4][C:2](=[C:3]([H:14])[H:15])[O:7][H:10])([H:12])[H:13])([O:5][H:8])([O:6][H:9])[H:11],[C:0]1([O:6][H:9])([H:11])[C:1]([H:12])([H:13])[O:4][C:2]([C:3]([H:8])([H:14])[H:15])([O:7][H:10])[O:5]1,38.11806457749822,35.237795972493565,-22.0
QFTOQKSHYCMJOH_56_1_1,[C:0]([C:1]([O:4][C:2](=[C:3]([H:14])[H:15])[O:7][H:10])([H:12])[H:13])([O:5][H:8])([O:6][H:9])[H:11],[C:0](=[C:1]([H:12])[H:13])([O:5][H:8])[O:6][H:9].[C:2]([C:3]([H:11])([H:14])[H:15])(=[O:4])[O:7][H:10],44.725739612473234,40.01941836247752,-16.65535372848949
QFTOQKSHYCMJOH_74_0_1,[C:0]([C:1]([O:4][C:2](=[C:3]([H:14])[H:15])[O:7][H:10])([H:12])[H:13])([O:5][H:8])([O:6][H:9])[H:11],[C:0]([C:1]([O:4][C:2]([C:3]([H:9])([H:14])[H:15])([O:5][H:8])[O:7][H:10])([H:12])[H:13])(=[O:6])[H:11],36.35915544898032,34.57263590249645,-11.884321223709353
QFTOQKSHYCMJOH_74_0_3,[C:0]([C:1]([O:4][C:2](=[C:3]([H:14])[H:15])[O:7][H:10])([H:12])[H:13])([O:5][H:8])([O:6][H:9])[H:11],[C:0]([C:1]([O:4][C:2]([C:3]([H:9])([H:14])[H:15])([O:5][H:8])[O:7][H:10])([H:12])[H:13])(=[O:6])[H:11],40.58856947896734,38.91311911398841,-11.884321223709353
RBZGRNVQQYVVIB_21_0_3,[C:0]([C:1]([O:4][H:8])([H:10])[H:11])([C:2](=[C:5]=[O:6])[H:12])([O:3][H:7])[H:9],[C:0](\[C:1]([O:4][H:8])([H:10])[H:11])(=[C:2](/[C:5]([O:3][H:7])=[O:6])[H:12])[H:9],43.9087222435385,42.35689124999715,-23.395793499043982
RBZGRNVQQYVVIB_84_0_1,[C:0]([C:1]([O:4][H:8])([H:10])[H:11])([C:2](=[C:5]=[O:6])[H:12])([O:3][H:7])[H:9],[C:0](\[C:1]([O:4][H:8])([H:10])[H:11])(=[C:2](/[C:5]([O:3][H:7])=[O:6])[H:12])[H:9],42.589069765017335,41.08681202199351,-23.395793499043982
RBZGRNVQQYVVIB_84_0_3,[C:0]([C:1]([O:4][H:8])([H:10])[H:11])([C:2](=[C:5]=[O:6])[H:12])([O:3][H:7])[H:9],[C:0](\[C:1]([O:4][H:8])([H:10])[H:11])(=[C:2](/[C:5]([O:3][H:7])=[O:6])[H:12])[H:9],40.624965029982455,39.35676833050974,-23.395793499043982
RBZGRNVQQYVVIB_2_1_2,[C:0]([C:1]([O:4][H:8])([H:10])[H:11])([C:2](=[C:5]=[O:6])[H:12])([O:3][H:7])[H:9],[C:0]1([H:9])=[C:2]([H:12])[C:5](=[O:6])[O:4][C:1]1([H:10])[H:11].[O:3]([H:7])[H:8],33.98967957700581,33.10865623898299,-22.36400573613766
AIXBHVRZVXXUCI_105_0_1,[C:0]([C:1]([O:7][H:11])([H:13])[H:14])([C:3](=[C:2]([O:4][H:8])[O:5][H:9])[H:15])([O:6][H:10])[H:12],[C:0]([C:1](=[O:7])[H:14])([C:3]([C:2]([O:4][H:8])([O:5][H:9])[H:13])([H:11])[H:15])([O:6][H:10])[H:12],63.15757615598639,61.06545948298935,-4.360659655831741
AIXBHVRZVXXUCI_3_3_0,[C:0]([C:1]([O:7][H:11])([H:13])[H:14])([C:3](=[C:2]([O:4][H:8])[O:5][H:9])[H:15])([O:6][H:10])[H:12],[C:0](\[C:1]([O:7][H:11])([H:13])[H:14])(=[C:3](\[C:2]([O:4][H:8])([O:5][H:9])[H:15])[H:12])[O:6][H:10],84.23060018500144,79.64036819249797,5.199091778202687
AIXBHVRZVXXUCI_53_0_0,[C:0]([C:1]([O:7][H:11])([H:13])[H:14])([C:3](=[C:2]([O:4][H:8])[O:5][H:9])[H:15])([O:6][H:10])[H:12],[C:0]([C:1]([O:7][H:11])([H:13])[H:14])([C:3]([C:2](=[O:4])[O:5][H:9])([H:8])[H:15])([O:6][H:10])[H:12],50.75045832195761,47.15043632048667,-23.443833652007662
AIXBHVRZVXXUCI_60_0_1,[C:0]([C:1]([O:7][H:11])([H:13])[H:14])([C:3](=[C:2]([O:4][H:8])[O:5][H:9])[H:15])([O:6][H:10])[H:12],[C:0]([C:1]([O:7][H:11])([H:13])[H:14])([C:3](=[C:2]=[O:5])[H:15])([O:6][H:10])[H:12].[O:4]([H:8])[H:9],49.65357171598041,46.20226946599068,13.034177820267677
AIXBHVRZVXXUCI_60_0_2,[C:0]([C:1]([O:7][H:11])([H:13])[H:14])([C:3](=[C:2]([O:4][H:8])[O:5][H:9])[H:15])([O:6][H:10])[H:12],[C:0]([C:1]([O:7][H:11])([H:13])[H:14])([C:3](=[C:2]=[O:5])[H:15])([O:6][H:10])[H:12].[O:4]([H:8])[H:9],52.48928714649054,47.58718293248975,13.034177820267677
GUPGZ-XLYOF_10_0_0,[C:0]([C:3](=[O:6])[H:9])([O:4][C:2]([C:1]([H:10])([H:11])[H:12])=[O:5])([H:7])[H:8].[O:13]([H:14])[H:15],[C:0]([C:3](=[O:6])[H:9])([O:4][C:2]([C:1]([H:10])([H:11])[H:12])([O:5][H:14])[O:13][H:15])([H:7])[H:8],40.34258575505334,51.16398708248365,5.8508604206501
GUPGZ-XLYOF_10_0_1,[C:0]([C:3](=[O:6])[H:9])([O:4][C:2]([C:1]([H:10])([H:11])[H:12])=[O:5])([H:7])[H:8].[O:13]([H:14])[H:15],[C:0]([C:3](=[O:6])[H:9])([O:4][C:2]([C:1]([H:10])([H:11])[H:12])([O:5][H:14])[O:13][H:15])([H:7])[H:8],39.164750423530826,49.299656357982215,5.8508604206501
GUPGZ-XLYOF_10_0_3,[C:0]([C:3](=[O:6])[H:9])([O:4][C:2]([C:1]([H:10])([H:11])[H:12])=[O:5])([H:7])[H:8].[O:13]([H:14])[H:15],[C:0]([C:3](=[O:6])[H:9])([O:4][C:2]([C:1]([H:10])([H:11])[H:12])([O:5][H:14])[O:13][H:15])([H:7])[H:8],39.38375123901295,50.1078885939748,5.8508604206501
GUPGZ-XLYOF_12_0_0,[C:0]([C:3](=[O:6])[H:9])([O:4][C:2]([C:1]([H:10])([H:11])[H:12])=[O:5])([H:7])[H:8].[O:13]([H:14])[H:15],[C:0]([C:3]([O:6][H:14])([H:9])[O:13][H:15])([O:4][C:2]([C:1]([H:10])([H:11])[H:12])=[O:5])([H:7])[H:8],29.137148613522537,41.8768464824607,-8.407265774378596
GUPGZ-XLYOF_17_0_0,[C:0]([C:3](=[O:6])[H:9])([O:4][C:2]([C:1]([H:10])([H:11])[H:12])=[O:5])([H:7])[H:8].[O:13]([H:14])[H:15],[C:0](=[C:3](/[O:6][H:14])[H:9])(\[O:4][C:2]([C:1]([H:10])([H:11])[H:12])=[O:5])[H:8].[H:7][O:13][H:15],31.429440817013564,40.274814728974754,13.777963671128118
GUPGZ-XLYOF_17_0_2,[C:0]([C:3](=[O:6])[H:9])([O:4][C:2]([C:1]([H:10])([H:11])[H:12])=[O:5])([H:7])[H:8].[O:13]([H:14])[H:15],[C:0](=[C:3](\[O:6][H:14])[H:9])(\[O:4][C:2]([C:1]([H:10])([H:11])[H:12])=[O:5])[H:8].[H:7][O:13][H:15],37.92918421804706,47.10964820298263,13.777963671128118
HNRXJ-XLYOF_18_0_0,[C:0]([C:1]([O:4]/[C:2](=[C:3](/[O:5][H:7])[H:9])[H:8])=[O:6])([H:10])([H:11])[H:12].[O:13]([H:14])[H:15],[C:0]([C:1]([O:4][C:2]([C:3](=[O:5])[H:9])([H:8])[H:14])=[O:6])([H:10])([H:11])[H:12].[H:7][O:13][H:15],25.756127427498047,32.998214567012134,-13.777963671128118
HNRXJ-XLYOF_18_0_1,[C:0]([C:1]([O:4]/[C:2](=[C:3](\[O:5][H:7])[H:9])[H:8])=[O:6])([H:10])([H:11])[H:12].[O:13]([H:14])[H:15],[C:0]([C:1]([O:4][C:2]([C:3](=[O:5])[H:9])([H:8])[H:14])=[O:6])([H:10])([H:11])[H:12].[H:7][O:13][H:15],29.154091370015436,37.46357216900984,-13.777963671128118
HNRXJ-XLYOF_18_0_2,[C:0]([C:1]([O:4]/[C:2](=[C:3](\[O:5][H:7])[H:9])[H:8])=[O:6])([H:10])([H:11])[H:12].[O:13]([H:14])[H:15],[C:0]([C:1]([O:4][C:2]([C:3](=[O:5])[H:9])([H:8])[H:14])=[O:6])([H:10])([H:11])[H:12].[H:7][O:13][H:15],31.32778427802053,39.33355047899701,-13.777963671128118
GUPGZ-XLYOF_3_1_1,[C:0]([C:3](=[O:6])[H:9])([O:4][C:2]([C:1]([H:10])([H:11])[H:12])=[O:5])([H:7])[H:8].[O:13]([H:14])[H:15],[C:0]([C:3](=[O:6])[H:9])([O:4][H:14])([H:7])[H:8].[C:1]([C:2](=[O:5])[O:13][H:15])([H:10])([H:11])[H:12],37.49934021056222,46.95779090397368,4.423040152963664
GUPGZ-XLYOF_3_1_3,[C:0]([C:3](=[O:6])[H:9])([O:4][C:2]([C:1]([H:10])([H:11])[H:12])=[O:5])([H:7])[H:8].[O:13]([H:14])[H:15],[C:0]([C:3](=[O:6])[H:9])([O:4][H:14])([H:7])[H:8].[C:1]([C:2](=[O:5])[O:13][H:15])([H:10])([H:11])[H:12],33.67027724156316,44.817983508990025,4.423040152963664
GUPGZURVZDIQPM_15_1_2,[C:0]([C:3](=[O:6])[H:9])([O:4][C:2]([C:1]([H:10])([H:11])[H:12])=[O:5])([H:7])[H:8],[C:0](=[C:3]=[O:6])([H:7])[H:8].[C:1]([C:2](=[O:4])[O:5][H:9])([H:10])([H:11])[H:12],68.33766707849873,63.3985398039844,8.072179732313575
GUPGZURVZDIQPM_40_0_0,[C:0]([C:3](=[O:6])[H:9])([O:4][C:2]([C:1]([H:10])([H:11])[H:12])=[O:5])([H:7])[H:8],[C:0]1([H:7])([H:8])[C:3](=[O:6])[O:5][C:2]([C:1]([H:10])([H:11])[H:12])([H:9])[O:4]1,68.64953929999606,68.18769230798502,1.4402485659655857
GUPGZURVZDIQPM_9_0_2,[C:0]([C:3](=[O:6])[H:9])([O:4][C:2]([C:1]([H:10])([H:11])[H:12])=[O:5])([H:7])[H:8],[C-:3]#[O+:6].[C:0]([O:4][C:2]([C:1]([H:10])([H:11])[H:12])=[O:5])([H:7])([H:8])[H:9],79.96039803751039,76.38171135898558,-3.0423040152963496
GUPGZURVZDIQPM_9_0_3,[C:0]([C:3](=[O:6])[H:9])([O:4][C:2]([C:1]([H:10])([H:11])[H:12])=[O:5])([H:7])[H:8],[C-:3]#[O+:6].[C:0]([O:4][C:2]([C:1]([H:10])([H:11])[H:12])=[O:5])([H:7])([H:8])[H:9],79.58953992298363,75.81005020450209,-3.0423040152963496
HNRXJ-XLYOF_4_0_1,[C:0]([C:1]([O:4]/[C:2](=[C:3](\[O:5][H:7])[H:9])[H:8])=[O:6])([H:10])([H:11])[H:12].[O:13]([H:14])[H:15],[C:0]([C:1](=[O:6])[O:13][H:15])([H:10])([H:11])[H:12].[C:2](=[C:3](\[O:5][H:7])[H:9])(\[O:4][H:14])[H:8],38.31384754150329,47.03371955349599,0.028919694072626005
HNRXJ-XLYOF_4_0_2,[C:0]([C:1]([O:4]/[C:2](=[C:3](\[O:5][H:7])[H:9])[H:8])=[O:6])([H:10])([H:11])[H:12].[O:13]([H:14])[H:15],[C:0]([C:1](=[O:6])[O:13][H:15])([H:10])([H:11])[H:12].[C:2](=[C:3](\[O:5][H:7])[H:9])(\[O:4][H:14])[H:8],35.224618273026834,45.17566392397872,0.028919694072626005
HNRXJ-XLYOF_6_0_0,[C:0]([C:1]([O:4]/[C:2](=[C:3](\[O:5][H:7])[H:9])[H:8])=[O:6])([H:10])([H:11])[H:12].[O:13]([H:14])[H:15],[C:0]([C:1]([O:4]/[C:2](=[C:3](\[O:5][H:7])[H:9])[H:8])([O:6][H:14])[O:13][H:15])([H:10])([H:11])[H:12],37.7936421659969,48.99719677899679,4.117112810707456
HNRXJ-XLYOF_6_0_1,[C:0]([C:1]([O:4]/[C:2](=[C:3](\[O:5][H:7])[H:9])[H:8])=[O:6])([H:10])([H:11])[H:12].[O:13]([H:14])[H:15],[C:0]([C:1]([O:4]/[C:2](=[C:3](\[O:5][H:7])[H:9])[H:8])([O:6][H:14])[O:13][H:15])([H:10])([H:11])[H:12],33.23604066751807,44.56823472797853,4.117112810707456
HNRXJ-XLYOF_6_0_2,[C:0]([C:1]([O:4]/[C:2](=[C:3](\[O:5][H:7])[H:9])[H:8])=[O:6])([H:10])([H:11])[H:12].[O:13]([H:14])[H:15],[C:0]([C:1]([O:4]/[C:2](=[C:3](\[O:5][H:7])[H:9])[H:8])([O:6][H:14])[O:13][H:15])([H:10])([H:11])[H:12],39.40069399554151,50.470589084986486,4.117112810707456
HNRXJ-XLYOF_9_0_2,[C:0]([C:1]([O:4]/[C:2](=[C:3](\[O:5][H:7])[H:9])[H:8])=[O:6])([H:10])([H:11])[H:12].[O:13]([H:14])[H:15],[C:0]([C:1]([O:4][C:2]([C:3]([O:5][H:7])([H:9])[O:13][H:15])([H:8])[H:14])=[O:6])([H:10])([H:11])[H:12],45.34195394152258,53.82964743849509,-22.185229445506714
HNRXJDDSBWQYKG_28_0_1,[C:0]([C:1]([O:4]/[C:2](=[C:3](\[O:5][H:7])[H:9])[H:8])=[O:6])([H:10])([H:11])[H:12],[C:0]([C:1]([C:3]([C:2](=[O:4])[H:8])([O:5][H:7])[H:9])=[O:6])([H:10])([H:11])[H:12],51.84985496599981,50.79563900602189,-5.706022944550675
HNRXJDDSBWQYKG_28_1_0,[C:0]([C:1]([O:4]/[C:2](=[C:3](\[O:5][H:7])[H:9])[H:8])=[O:6])([H:10])([H:11])[H:12],[C:0]([C:1]([C:2]([C:3](=[O:5])[H:9])([O:4][H:7])[H:8])=[O:6])([H:10])([H:11])[H:12],52.16674726348448,51.457034019028505,-5.706022944550675
HNRXJDDSBWQYKG_28_1_3,[C:0]([C:1]([O:4]/[C:2](=[C:3](\[O:5][H:7])[H:9])[H:8])=[O:6])([H:10])([H:11])[H:12],[C:0]([C:1]([C:2]([C:3](=[O:5])[H:9])([O:4][H:7])[H:8])=[O:6])([H:10])([H:11])[H:12],53.69222285798536,52.66624482550748,-5.706022944550675
HNRXJDDSBWQYKG_42_0_1,[C:0]([C:1]([O:4]/[C:2](=[C:3](\[O:5][H:7])[H:9])[H:8])=[O:6])([H:10])([H:11])[H:12],[C:0]([C:1]([O:4][C:2]([C:3](=[O:5])[H:9])([H:7])[H:8])=[O:6])([H:10])([H:11])[H:12],37.07890884548228,36.92893407500422,-13.777963671128118
HNRXJDDSBWQYKG_51_0_1,[C:0]([C:1]([O:4]/[C:2](=[C:3](\[O:5][H:7])[H:9])[H:8])=[O:6])([H:10])([H:11])[H:12],[C:0]([H:7])([H:10])([H:11])[H:12].[C:1]1(=[O:6])[C:2]([C:3](=[O:5])[H:9])([H:8])[O:4]1,86.01398218399322,81.44508551450724,16.875478011472268
HNRXJDDSBWQYKG_64_0_1,[C:0]([C:1]([O:4]/[C:2](=[C:3](\[O:5][H:7])[H:9])[H:8])=[O:6])([H:10])([H:11])[H:12],[C:0]([C:1](=[O:6])[H:7])([H:10])([H:11])[H:12].[C:2]([C:3](=[O:5])[H:9])(=[O:4])[H:8],61.2869703365008,56.38988619852301,17.32480879541108
HNRXJDDSBWQYKG_65_0_0,[C:0]([C:1]([O:4]/[C:2](=[C:3](\[O:5][H:7])[H:9])[H:8])=[O:6])([H:10])([H:11])[H:12],[C:0]([C:1]1([O:6][H:7])[C:2]([C:3](=[O:5])[H:9])([H:8])[O:4]1)([H:10])([H:11])[H:12],33.18081983147914,31.895052866015103,16.975860420650093
KQJKQQAOIMAMTK_1_2_0,[C:0]([C:2]([C:1]([C:3](=[O:7])[H:15])([O:6][H:10])[H:12])([H:13])[H:14])([O:4][H:8])([O:5][H:9])[H:11],[C:0]([C:2]([C:1]([C:3]([O:4][H:8])([O:7][H:9])[H:15])([O:6][H:10])[H:12])([H:13])[H:14])(=[O:5])[H:11],38.08543408350926,36.07677617397986,0.48016252390057707
KQJKQQAOIMAMTK_1_2_1,[C:0]([C:2]([C:1]([C:3](=[O:7])[H:15])([O:6][H:10])[H:12])([H:13])[H:14])([O:4][H:8])([O:5][H:9])[H:11],[C:0]([C:2]([C:1]([C:3]([O:4][H:8])([O:7][H:9])[H:15])([O:6][H:10])[H:12])([H:13])[H:14])(=[O:5])[H:11],35.846480187526254,34.621581643479885,0.48016252390057707
KQJKQQAOIMAMTK_20_0_1,[C:0]([C:2]([C:1]([C:3](=[O:7])[H:15])([O:6][H:10])[H:12])([H:13])[H:14])([O:4][H:8])([O:5][H:9])[H:11],[C:0](=[C:2](/[C:1]([C:3](=[O:7])[H:15])([O:6][H:10])[H:12])[H:14])(\[O:5][H:9])[H:11].[O:4]([H:8])[H:13],71.22860334501212,64.4094576085003,15.736854684512418
KQJKQQAOIMAMTK_20_0_2,[C:0]([C:2]([C:1]([C:3](=[O:7])[H:15])([O:6][H:10])[H:12])([H:13])[H:14])([O:4][H:8])([O:5][H:9])[H:11],[C:0](=[C:2](/[C:1]([C:3](=[O:7])[H:15])([O:6][H:10])[H:12])[H:14])(\[O:5][H:9])[H:11].[O:4]([H:8])[H:13],67.81495166499867,60.52893886048848,15.736854684512418
KQJKQQAOIMAMTK_22_1_0,[C:0]([C:2]([C:1]([C:3](=[O:7])[H:15])([O:6][H:10])[H:12])([H:13])[H:14])([O:4][H:8])([O:5][H:9])[H:11],[C:0]1([O:5][H:9])([H:11])[C:2]([H:13])([H:14])[C:1]([O:6][H:10])([H:12])[C:3]([O:7][H:8])([H:15])[O:4]1,45.42917776201638,43.94511779448228,3.317399617590821
KQJKQQAOIMAMTK_22_1_2,[C:0]([C:2]([C:1]([C:3](=[O:7])[H:15])([O:6][H:10])[H:12])([H:13])[H:14])([O:4][H:8])([O:5][H:9])[H:11],[C:0]1([O:5][H:9])([H:11])[C:2]([H:13])([H:14])[C:1]([O:6][H:10])([H:12])[C:3]([O:7][H:8])([H:15])[O:4]1,39.95603990299485,39.50486057249253,3.317399617590821
KQJKQQAOIMAMTK_22_1_1,[C:0]([C:2]([C:1]([C:3](=[O:7])[H:15])([O:6][H:10])[H:12])([H:13])[H:14])([O:4][H:8])([O:5][H:9])[H:11],[C:0]1([O:5][H:9])([H:11])[C:2]([H:13])([H:14])[C:1]([O:6][H:10])([H:12])[C:3]([O:7][H:8])([H:15])[O:4]1,41.82664572248044,40.06208900847679,3.317399617590821
KQJKQQAOIMAMTK_25_0_1,[C:0]([C:2]([C:1]([C:3](=[O:7])[H:15])([O:6][H:10])[H:12])([H:13])[H:14])([O:4][H:8])([O:5][H:9])[H:11],[C:0]([C:2]([C:1]([C:3](=[O:7])[H:15])([O:6][H:10])[H:12])([H:13])[H:14])(=[O:5])[H:11].[O:4]([H:8])[H:9],42.9191397620044,38.77694955247551,5.747848948374756
KQJKQQAOIMAMTK_25_0_2,[C:0]([C:2]([C:1]([C:3](=[O:7])[H:15])([O:6][H:10])[H:12])([H:13])[H:14])([O:4][H:8])([O:5][H:9])[H:11],[C:0]([C:2]([C:1]([C:3](=[O:7])[H:15])([O:6][H:10])[H:12])([H:13])[H:14])(=[O:5])[H:11].[O:4]([H:8])[H:9],49.25635820248452,44.31974096599953,5.747848948374756
KQJKQQAOIMAMTK_44_1_0,[C:0]([C:2]([C:1]([C:3](=[O:7])[H:15])([O:6][H:10])[H:12])([H:13])[H:14])([O:4][H:8])([O:5][H:9])[H:11],[C:0]([C:2]([C:1]([C:3]([O:7][H:10])([H:12])[H:15])=[O:6])([H:13])[H:14])([O:4][H:8])([O:5][H:9])[H:11],48.38160995951719,43.85726646449006,-4.697418738049712
KQJKQQAOIMAMTK_44_1_1,[C:0]([C:2]([C:1]([C:3](=[O:7])[H:15])([O:6][H:10])[H:12])([H:13])[H:14])([O:4][H:8])([O:5][H:9])[H:11],[C:0]([C:2]([C:1]([C:3]([O:7][H:10])([H:12])[H:15])=[O:6])([H:13])[H:14])([O:4][H:8])([O:5][H:9])[H:11],40.73854424948105,38.10927944448473,-4.697418738049712
KQJKQQAOIMAMTK_44_1_2,[C:0]([C:2]([C:1]([C:3](=[O:7])[H:15])([O:6][H:10])[H:12])([H:13])[H:14])([O:4][H:8])([O:5][H:9])[H:11],[C:0]([C:2]([C:1]([C:3]([O:7][H:10])([H:12])[H:15])=[O:6])([H:13])[H:14])([O:4][H:8])([O:5][H:9])[H:11],45.79815334801222,41.43570730396871,-4.697418738049712
KQJKQQAOIMAMTK_50_0_0,[C:0]([C:2]([C:1]([C:3](=[O:7])[H:15])([O:6][H:10])[H:12])([H:13])[H:14])([O:4][H:8])([O:5][H:9])[H:11],[C-:3]#[O+:7].[C:0]([C:2]([C:1]([O:6][H:10])([H:12])[H:15])([H:13])[H:14])([O:4][H:8])([O:5][H:9])[H:11],88.73800092350001,82.16421140147511,-0.3847992351816476
KQJKQQAOIMAMTK_50_0_1,[C:0]([C:2]([C:1]([C:3](=[O:7])[H:15])([O:6][H:10])[H:12])([H:13])[H:14])([O:4][H:8])([O:5][H:9])[H:11],[C-:3]#[O+:7].[C:0]([C:2]([C:1]([O:6][H:10])([H:12])[H:15])([H:13])[H:14])([O:4][H:8])([O:5][H:9])[H:11],83.44997836701049,79.09004236099629,-0.3847992351816476
KQJKQQAOIMAMTK_50_0_2,[C:0]([C:2]([C:1]([C:3](=[O:7])[H:15])([O:6][H:10])[H:12])([H:13])[H:14])([O:4][H:8])([O:5][H:9])[H:11],[C-:3]#[O+:7].[C:0]([C:2]([C:1]([O:6][H:10])([H:12])[H:15])([H:13])[H:14])([O:4][H:8])([O:5][H:9])[H:11],85.76235087448647,81.0974452514932,-0.3847992351816476
KQJKQQAOIMAMTK_53_0_2,[C:0]([C:2]([C:1]([C:3](=[O:7])[H:15])([O:6][H:10])[H:12])([H:13])[H:14])([O:4][H:8])([O:5][H:9])[H:11],[C:0]([C:2]([C:1](=[O:6])[H:12])([H:13])[H:14])([O:4][H:8])([O:5][H:9])[H:11].[C:3](=[O:7])([H:10])[H:15],96.84479615400676,90.67261271200236,16.95482791587
KQJKQQAOIMAMTK_53_0_3,[C:0]([C:2]([C:1]([C:3](=[O:7])[H:15])([O:6][H:10])[H:12])([H:13])[H:14])([O:4][H:8])([O:5][H:9])[H:11],[C:0]([C:2]([C:1](=[O:6])[H:12])([H:13])[H:14])([O:4][H:8])([O:5][H:9])[H:11].[C:3](=[O:7])([H:10])[H:15],97.49489599600624,92.38634115649164,16.95482791587
KQJKQQAOIMAMTK_55_0_1,[C:0]([C:2]([C:1]([C:3](=[O:7])[H:15])([O:6][H:10])[H:12])([H:13])[H:14])([O:4][H:8])([O:5][H:9])[H:11],[C:0](/[C:2](=[C:1](\[C:3](=[O:7])[H:15])[H:12])[H:14])([O:4][H:8])([O:5][H:9])[H:11].[O:6]([H:10])[H:13],73.27616684351464,67.03307482797521,7.194789674952187
KQJKQQAOIMAMTK_61_5_1,[C:0]([C:2]([C:1]([C:3](=[O:7])[H:15])([O:6][H:10])[H:12])([H:13])[H:14])([O:4][H:8])([O:5][H:9])[H:11],[C:0]([C:2](/[C:1](=[C:3](\[O:7][H:8])[H:15])[O:6][H:10])([H:13])[H:14])([O:4][H:12])([O:5][H:9])[H:11],53.23288590400364,48.45565608047292,2.418977055449326
KQJKQQAOIMAMTK_62_0_3,[C:0]([C:2]([C:1]([C:3](=[O:7])[H:15])([O:6][H:10])[H:12])([H:13])[H:14])([O:4][H:8])([O:5][H:9])[H:11],[C:0]([C:2]([C:1]1([O:6][H:10])[C:3]([H:12])([H:15])[O:7]1)([H:13])[H:14])([O:4][H:8])([O:5][H:9])[H:11],60.535213955508304,57.21757122900216,5.13408221797323
KQJKQQAOIMAMTK_72_0_2,[C:0]([C:2]([C:1]([C:3](=[O:7])[H:15])([O:6][H:10])[H:12])([H:13])[H:14])([O:4][H:8])([O:5][H:9])[H:11],[C:0]1([O:5][H:9])([H:11])[C:2]([H:13])([H:14])[C:1]([O:6][H:10])([H:12])[C:3](=[O:7])[O:4]1.[H:8][H:15],68.3935154240004,64.45212825449958,-1.9940248565965761
KQJKQQAOIMAMTK_97_0_0,[C:0]([C:2]([C:1]([C:3](=[O:7])[H:15])([O:6][H:10])[H:12])([H:13])[H:14])([O:4][H:8])([O:5][H:9])[H:11],[C:0]([C:2]([C:1]([C:3]([O:7][H:8])([H:11])[H:15])([O:6][H:10])[H:12])([H:13])[H:14])(=[O:4])[O:5][H:9],41.44888500350677,38.685960674991215,-19.08317399617592
KQJKQQAOIMAMTK_97_1_0,[C:0]([C:2]([C:1]([C:3](=[O:7])[H:15])([O:6][H:10])[H:12])([H:13])[H:14])([O:4][H:8])([O:5][H:9])[H:11],[C:0]([C:2]([C:1]([C:3]([O:7][H:11])([H:8])[H:15])([O:6][H:10])[H:12])([H:13])[H:14])(=[O:4])[O:5][H:9],84.58012297647505,79.50419863098507,-19.08317399617592
MTJMRVGITLCNRF_16_1_1,[C:0]1([C:3]([H:13])([H:14])[H:15])([O:6][H:8])[O:4][C:1]([O:7][H:9])([H:10])[C:2]([H:11])([H:12])[O:5]1,[C:0]([C:3]([H:13])([H:14])[H:15])([O:4][H:9])([O:5][C:2]([C:1](=[O:7])[H:10])([H:11])[H:12])[O:6][H:8],44.8656742310123,40.90922683347816,10.115678776290647
MTJMRVGITLCNRF_16_1_2,[C:0]1([C:3]([H:13])([H:14])[H:15])([O:6][H:8])[O:4][C:1]([O:7][H:9])([H:10])[C:2]([H:11])([H:12])[O:5]1,[C:0]([C:3]([H:13])([H:14])[H:15])([O:4][H:9])([O:5][C:2]([C:1](=[O:7])[H:10])([H:11])[H:12])[O:6][H:8],46.660978910509655,42.998833468481536,10.115678776290647
MTJMRVGITLCNRF_25_0_0,[C:0]1([C:3]([H:13])([H:14])[H:15])([O:6][H:8])[O:4][C:1]([O:7][H:9])([H:10])[C:2]([H:11])([H:12])[O:5]1,[C:0]([C:3]([H:13])([H:14])[H:15])([O:5][C:2]([C:1]([O:4][H:8])([O:7][H:9])[H:10])([H:11])[H:12])=[O:6],32.62735645252105,28.86920205698564,-4.1424474187380484
MTJMRVGITLCNRF_37_0_0,[C:0]1([C:3]([H:13])([H:14])[H:15])([O:6][H:8])[O:4][C:1]([O:7][H:9])([H:10])[C:2]([H:11])([H:12])[O:5]1,[C:0]([C:3]([H:13])([H:14])[H:15])([O:4][C:1]([C:2]([O:5][H:8])([H:11])[H:12])([O:7][H:9])[H:10])=[O:6],35.394673347525526,32.08769828249243,-8.666586998087945
MTJMRVGITLCNRF_37_0_1,[C:0]1([C:3]([H:13])([H:14])[H:15])([O:6][H:8])[O:4][C:1]([O:7][H:9])([H:10])[C:2]([H:11])([H:12])[O:5]1,[C:0]([C:3]([H:13])([H:14])[H:15])([O:4][C:1]([C:2]([O:5][H:8])([H:11])[H:12])([O:7][H:9])[H:10])=[O:6],36.30707216054047,32.29728645549832,-8.666586998087945
MTJMRVGITLCNRF_37_0_2,[C:0]1([C:3]([H:13])([H:14])[H:15])([O:6][H:8])[O:4][C:1]([O:7][H:9])([H:10])[C:2]([H:11])([H:12])[O:5]1,[C:0]([C:3]([H:13])([H:14])[H:15])([O:4][C:1]([C:2]([O:5][H:8])([H:11])[H:12])([O:7][H:9])[H:10])=[O:6],37.07890884551794,33.027707513509014,-8.666586998087945
AIXBHVRZVXXUCI_88_0_1,[C:0]([C:1]([O:7][H:11])([H:13])[H:14])([C:3](=[C:2]([O:4][H:8])[O:5][H:9])[H:15])([O:6][H:10])[H:12],[C:0]([C:1]([O:7][H:11])([H:13])[H:14])([C:3]([C:2](=[O:4])[O:5][H:9])([H:8])[H:15])([O:6][H:10])[H:12],43.51527378699743,41.06610420851012,-23.443833652007662
GUPGZ-XLYOF_17_0_3,[C:0]([C:3](=[O:6])[H:9])([O:4][C:2]([C:1]([H:10])([H:11])[H:12])=[O:5])([H:7])[H:8].[O:13]([H:14])[H:15],[C:0]([C:3](=[O:6])[H:9])([O:4][C:2]([C:1]([H:10])([H:11])[H:12])[O:5][H:14])[H:8].[H:7][O:13][H:15],29.50047661403264,39.432069470462295,TCIT fails
HNRXJDDSBWQYKG_37_1_0,[C:0]([C:1]([O:4]/[C:2](=[C:3](\[O:5][H:7])[H:9])[H:8])=[O:6])([H:10])([H:11])[H:12],[C:0]([C:1]1([O:6][H:7])[O:4][C:2]([H:8])=[C:3]([H:9])[O:5]1)([H:10])([H:11])[H:12],40.29050246647082,40.27293220051518,12.401768642447408
KQJKQQAOIMAMTK_22_0_1,[C:0]([C:2]([C:1]([C:3](=[O:7])[H:15])([O:6][H:10])[H:12])([H:13])[H:14])([O:4][H:8])([O:5][H:9])[H:11],[C:0]([C:2]([C:1]([C:3]([O:4][H:8])([O:7][H:10])[H:15])([O:6][H:9])[H:12])([H:13])[H:14])(=[O:5])[H:11],34.88199808603579,34.51176748097178,0.48016252390057707
KQJKQQAOIMAMTK_39_0_0,[C:0]([C:2]([C:1]([C:3](=[O:7])[H:15])([O:6][H:10])[H:12])([H:13])[H:14])([O:4][H:8])([O:5][H:9])[H:11],[C:0]([C:2]([C:1]([C:3]([O:7][H:8])([H:11])[H:15])([O:6][H:10])[H:12])([H:13])[H:14])(=[O:4])[O:5][H:9],41.44888500350677,38.685960674991215,-19.08317399617592
MTJMRVGITLCNRF_16_0_1,[C:0]1([C:3]([H:13])([H:14])[H:15])([O:6][H:8])[O:4][C:1]([O:7][H:9])([H:10])[C:2]([H:11])([H:12])[O:5]1,[C:0]([C:3]([H:13])([H:14])[H:15])([O:5][C:2]([C:1]([O:4][H:8])([O:7][H:9])[H:10])([H:11])[H:12])=[O:6],32.62735645252105,28.86920205698564,-4.1424474187380484
MTJMRVGITLCNRF_33_0_1,[C:0]1([C:3]([H:13])([H:14])[H:15])([O:6][H:8])[O:4][C:1]([O:7][H:9])([H:10])[C:2]([H:11])([H:12])[O:5]1,[C:0]([C:3]([H:13])([H:14])[H:15])([O:4][C:1]([C:2]([O:5][H:8])([H:11])[H:12])([O:7][H:9])[H:10])=[O:6],37.07890884551794,33.027707513509014,-8.666586998087945
CTGBN-XLYOF_18_0_2,[C:0]1([C:1]([O:8][H:11])([H:13])[H:14])([O:7][H:10])[C:4]([H:16])=[C:5]([H:17])/[C:2](=[C:3](/[O:9][H:12])[H:15])[O:6]1.[O:18]([H:19])[H:20],[C:0]1([C:1]([O:8][H:11])([H:13])[H:14])([O:7][H:10])[C:4]([H:16])([H:19])[C:5]([H:17])([O:18][H:20])/[C:2](=[C:3](/[O:9][H:12])[H:15])[O:6]1,52.1278416745827,60.04450152649879,-5.538479923518165
CTGBN-XLYOF_29_0_2,[C:0]1([C:1]([O:8][H:11])([H:13])[H:14])([O:7][H:10])[C:4]([H:16])=[C:5]([H:17])/[C:2](=[C:3](/[O:9][H:12])[H:15])[O:6]1.[O:18]([H:19])[H:20],[C:0]1([C:1]([O:8][H:11])([H:13])[H:14])=[C:4]([H:16])[C:5]([H:17])([O:18][H:20])/[C:2](=[C:3](/[O:9][H:12])[H:15])[O:6]1.[O:7]([H:10])[H:19],37.28975203752066,44.42139750499256,16.83604206500956
CTGBN-XLYOF_29_0_3,[C:0]1([C:1]([O:8][H:11])([H:13])[H:14])([O:7][H:10])[C:4]([H:16])=[C:5]([H:17])/[C:2](=[C:3](/[O:9][H:12])[H:15])[O:6]1.[O:18]([H:19])[H:20],[C:0]1([C:1]([O:8][H:11])([H:13])[H:14])=[C:4]([H:16])[C:5]([H:17])([O:18][H:20])/[C:2](=[C:3](/[O:9][H:12])[H:15])[O:6]1.[O:7]([H:10])[H:19],37.77481688100876,45.04451443848881,16.83604206500956
CTGBNCQSXIBQHY_74_0_1,[C:0]1([C:1]([O:8][H:11])([H:13])[H:14])([O:7][H:10])[C:4]([H:16])=[C:5]([H:17])/[C:2](=[C:3](/[O:9][H:12])[H:15])[O:6]1,[C:0]1([C:1]([O:8][H:11])([H:13])[H:14])([O:7][H:10])[C:4]([H:16])=[C:5]([H:17])[C:2]([C:3](=[O:9])[H:15])([H:12])[O:6]1,66.15518903755148,63.12557317149585,-4.8355640535372775
QYOPP-XLYOF_30_0_1,[C:0]1([O:7][H:10])([H:13])/[C:2](=[C:4](\[O:9][H:12])[H:16])[O:6][C:3]([C:1]([O:8][H:11])([H:14])[H:15])=[C:5]1[H:17].[O:18]([H:19])[H:20],[H:13][O:18][H:20].[c:0]1([O:7][H:10])[c:2]([C:4]([O:9][H:12])([H:16])[H:19])[o:6][c:3]([C:1]([O:8][H:11])([H:14])[H:15])[c:5]1[H:17],52.81872963405053,59.19673619199901,-20.723470363288715
QYOPP-XLYOF_30_0_3,[C:0]1([O:7][H:10])([H:13])/[C:2](=[C:4](\[O:9][H:12])[H:16])[O:6][C:3]([C:1]([O:8][H:11])([H:14])[H:15])=[C:5]1[H:17].[O:18]([H:19])[H:20],[H:13][O:18][H:20].[c:0]1([O:7][H:10])[c:2]([C:4]([O:9][H:12])([H:16])[H:19])[o:6][c:3]([C:1]([O:8][H:11])([H:14])[H:15])[c:5]1[H:17],51.91323342555382,58.68155089244428,-20.723470363288715
QYOPP-XLYOF_41_0_1,[C:0]1([O:7][H:10])([H:13])/[C:2](=[C:4](\[O:9][H:12])[H:16])[O:6][C:3]([C:1]([O:8][H:11])([H:14])[H:15])=[C:5]1[H:17].[O:18]([H:19])[H:20],[C:0]1([O:7][H:10])([H:13])[C:2]([C:4](=[O:9])[H:16])([H:19])[O:6][C:3]([C:1]([O:8][H:11])([H:14])[H:15])=[C:5]1[H:17].[H:12][O:18][H:20],27.74784258057023,35.40157595193676,-15.701720841300197
QYOPP-XLYOF_41_0_3,[C:0]1([O:7][H:10])([H:13])/[C:2](=[C:4](\[O:9][H:12])[H:16])[O:6][C:3]([C:1]([O:8][H:11])([H:14])[H:15])=[C:5]1[H:17].[O:18]([H:19])[H:20],[C:0]1([O:7][H:10])([H:13])[C:2]([C:4](=[O:9])[H:16])([H:19])[O:6][C:3]([C:1]([O:8][H:11])([H:14])[H:15])=[C:5]1[H:17].[H:12][O:18][H:20],19.427066610533,29.24319771893314,-15.701720841300197
QYOPP-XLYOF_6_0_0,[C:0]1([O:7][H:10])([H:13])/[C:2](=[C:4](\[O:9][H:12])[H:16])[O:6][C:3]([C:1]([O:8][H:11])([H:14])[H:15])=[C:5]1[H:17].[O:18]([H:19])[H:20],[C:0]1([O:7][H:10])([O:18][H:20])/[C:2](=[C:4](\[O:9][H:12])[H:16])[O:6][C:3]([C:1]([O:8][H:11])([H:14])[H:15])=[C:5]1[H:17].[H:13][H:19],98.30563827006382,100.35131923996408,13.6422084130019
QYOPPFUVDVKXIN_69_0_3,[C:0]1([O:7][H:10])([H:13])/[C:2](=[C:4](\[O:9][H:12])[H:16])[O:6][C:3]([C:1]([O:8][H:11])([H:14])[H:15])=[C:5]1[H:17],[C:0](/[C:2](=[C:4](\[O:9][H:12])[H:16])[O:6][H:14])([C:5](=[C:3]=[C:1]([O:8][H:11])[H:15])[H:17])([O:7][H:10])[H:13],87.26021605105707,82.32422632396347,14.105162523900578
VBWWS-XLYOF_31_0_0,[C:0]([c:2]1[c:4]([H:16])[c:5]([H:17])[c:3]([C:1]([O:9][H:12])([H:14])[H:15])[o:6]1)([O:7][H:10])([O:8][H:11])[H:13].[O:18]([H:19])[H:20],[C:0]([C:2]1([H:19])[C:4]([H:16])=[C:5]([H:17])[C:3]([C:1]([O:9][H:12])([H:14])[H:15])([O:18][H:20])[O:6]1)([O:7][H:10])([O:8][H:11])[H:13],45.696496809054864,57.00798305603193,-5.9192160611854865
VBWWS-XLYOF_31_0_2,[C:0]([c:2]1[c:4]([H:16])[c:5]([H:17])[c:3]([C:1]([O:9][H:12])([H:14])[H:15])[o:6]1)([O:7][H:10])([O:8][H:11])[H:13].[O:18]([H:19])[H:20],[C:0]([C:2]1([H:19])[C:4]([H:16])=[C:5]([H:17])[C:3]([C:1]([O:9][H:12])([H:14])[H:15])([O:18][H:20])[O:6]1)([O:7][H:10])([O:8][H:11])[H:13],47.95678602805535,58.886118989498506,-5.9192160611854865
VBWWS-XLYOF_9_0_0,[C:0]([c:2]1[c:4]([H:16])[c:5]([H:17])[c:3]([C:1]([O:9][H:12])([H:14])[H:15])[o:6]1)([O:7][H:10])([O:8][H:11])[H:13].[O:18]([H:19])[H:20],[C:0]([C:2]1([O:18][H:20])[C:4]([H:16])([H:19])[C:5]([H:17])=[C:3]([C:1]([O:9][H:12])([H:14])[H:15])[O:6]1)([O:7][H:10])([O:8][H:11])[H:13],43.29125289556366,54.25070631300211,-5.417543021032512
VBWWS-XLYOF_9_0_2,[C:0]([c:2]1[c:4]([H:16])[c:5]([H:17])[c:3]([C:1]([O:9][H:12])([H:14])[H:15])[o:6]1)([O:7][H:10])([O:8][H:11])[H:13].[O:18]([H:19])[H:20],[C:0]([C:2]1([O:18][H:20])[C:4]([H:16])([H:19])[C:5]([H:17])=[C:3]([C:1]([O:9][H:12])([H:14])[H:15])[O:6]1)([O:7][H:10])([O:8][H:11])[H:13],42.78422521955967,53.64327711703759,-5.417543021032512
VBWWSBXCWJGBEU_19_0_0,[C:0]([c:2]1[c:4]([H:16])[c:5]([H:17])[c:3]([C:1]([O:9][H:12])([H:14])[H:15])[o:6]1)([O:7][H:10])([O:8][H:11])[H:13],[C:0]([c:2]1[c:4]([H:16])[c:5]([H:17])[c:3]([C:1]([O:9][H:12])([H:14])[H:15])[o:6]1)(=[O:8])[H:13].[O:7]([H:10])[H:11],43.16324095753016,37.94298942701221,-1.0826959847036535
VBWWSBXCWJGBEU_19_0_1,[C:0]([c:2]1[c:4]([H:16])[c:5]([H:17])[c:3]([C:1]([O:9][H:12])([H:14])[H:15])[o:6]1)([O:7][H:10])([O:8][H:11])[H:13],[C:0]([c:2]1[c:4]([H:16])[c:5]([H:17])[c:3]([C:1]([O:9][H:12])([H:14])[H:15])[o:6]1)(=[O:8])[H:13].[O:7]([H:10])[H:11],40.430437085009885,36.32777997402386,-1.0826959847036535
VBWWSBXCWJGBEU_36_0_0,[C:0]([c:2]1[c:4]([H:16])[c:5]([H:17])[c:3]([C:1]([O:9][H:12])([H:14])[H:15])[o:6]1)([O:7][H:10])([O:8][H:11])[H:13],[C:0]([c:2]1[c:4]([H:16])[c:5]([H:17])[c:3]([H:12])[o:6]1)([O:7][H:10])([O:8][H:11])[H:13].[C:1](=[O:9])([H:14])[H:15],77.41396448651895,73.89991128654498,15.842017208413004
VBWWSBXCWJGBEU_50_0_1,[C:0]([c:2]1[c:4]([H:16])[c:5]([H:17])[c:3]([C:1]([O:9][H:12])([H:14])[H:15])[o:6]1)([O:7][H:10])([O:8][H:11])[H:13],[C:0]([C:2]1=[C:4]([H:16])[C:5]([H:17])=[C:3]([H:14])[C:1]([O:9][H:12])([H:15])[O:6]1)([O:7][H:10])([O:8][H:11])[H:13],78.04712157198986,74.74830413054318,1.2507170172084003
VBWWSBXCWJGBEU_50_0_2,[C:0]([c:2]1[c:4]([H:16])[c:5]([H:17])[c:3]([C:1]([O:9][H:12])([H:14])[H:15])[o:6]1)([O:7][H:10])([O:8][H:11])[H:13],[C:0]([C:2]1=[C:4]([H:16])[C:5]([H:17])=[C:3]([H:14])[C:1]([O:9][H:12])([H:15])[O:6]1)([O:7][H:10])([O:8][H:11])[H:13],84.10886334202344,80.40404725403171,1.2507170172084003
CTGBN-XLYOF_10_0_1,[C:0]1([C:1]([O:8][H:11])([H:13])[H:14])([O:7][H:10])[C:4]([H:16])=[C:5]([H:17])/[C:2](=[C:3](/[O:9][H:12])[H:15])[O:6]1.[O:18]([H:19])[H:20],[C:0]([C:1]([O:8][H:11])([H:13])[H:14])(/[C:4](=[C:5](\[C:2]([C:3]([O:9][H:12])([H:15])[H:19])=[O:6])[H:17])[H:16])=[O:7].[H:10][O:18][H:20],25.90359216008944,33.09547853948059,-12.737571701720837
CTGBN-XLYOF_18_0_3,[C:0]1([C:1]([O:8][H:11])([H:13])[H:14])([O:7][H:10])[C:4]([H:16])=[C:5]([H:17])/[C:2](=[C:3](/[O:9][H:12])[H:15])[O:6]1.[O:18]([H:19])[H:20],[C:0]([C:1]([O:8][H:11])([H:13])[H:14])([C:4](/[C:5](=[C:2](/[C:3](=[O:9])[H:15])[O:6][H:12])[H:17])([H:16])[H:19])=[O:7].[H:10][O:18][H:20],31.846107125067345,38.200268322004696,-10.763862332695972
CTGBN-XLYOF_29_0_1,[C:0]1([C:1]([O:8][H:11])([H:13])[H:14])([O:7][H:10])[C:4]([H:16])=[C:5]([H:17])/[C:2](=[C:3](/[O:9][H:12])[H:15])[O:6]1.[O:18]([H:19])[H:20],[C:0]1([C:1]([O:8][H:11])([H:13])[H:14])=[C:4]([H:16])[C:5]([H:17])([O:18][H:20])/[C:2](=[C:3](/[O:9][H:12])[H:15])[O:6]1.[O:7]([H:10])[H:19],26.99232114255157,34.66738983700691,16.83604206500956
CTGBN-XLYOF_33_0_3,[C:0]1([C:1]([O:8][H:11])([H:13])[H:14])([O:7][H:10])[C:4]([H:16])=[C:5]([H:17])/[C:2](=[C:3](/[O:9][H:12])[H:15])[O:6]1.[O:18]([H:19])[H:20],[C:0]1([C:1]([O:8][H:11])([H:13])[H:14])([O:7][H:10])[C:4]([H:16])=[C:5]([H:17])[C:2]([C:3](=[O:9])[H:15])([H:19])[O:6]1.[H:12][O:18][H:20],26.479018371563424,36.97160472103917,-4.8355640535372775
CTGBN-XLYOF_5_0_1,[C:0]1([C:1]([O:8][H:11])([H:13])[H:14])([O:7][H:10])[C:4]([H:16])=[C:5]([H:17])/[C:2](=[C:3](/[O:9][H:12])[H:15])[O:6]1.[O:18]([H:19])[H:20],[C:0](\[C:1]([O:8][H:11])([H:13])[H:14])(=[C:4](\[C:5]([C:2]([C:3]([O:9][H:12])[H:15])=[O:6])[H:17])[H:16])[O:7][H:10].[O:18]([H:19])[H:20],14.859424960079512,25.001233499013477,TCIT fails
QYOPP-XLYOF_11_0_3,[C:0]1([O:7][H:10])([H:13])/[C:2](=[C:4](\[O:9][H:12])[H:16])[O:6][C:3]([C:1]([O:8][H:11])([H:14])[H:15])=[C:5]1[H:17].[O:18]([H:19])[H:20],[C:0]1([O:7])([H:13])[C:2]([C:4]([O:9][H:12])([H:16])[H:19])[O:6][C:3]([C:1]([O:8][H:11])([H:14])[H:15])=[C:5]1[H:17].[H:10][O:18][H:20],36.88312588154854,44.37935436845603,TCIT fails
QYOPP-XLYOF_15_0_1,[C:0]1([O:7][H:10])([H:13])/[C:2](=[C:4](\[O:9][H:12])[H:16])[O:6][C:3]([C:1]([O:8][H:11])([H:14])[H:15])=[C:5]1[H:17].[O:18]([H:19])[H:20],[C:0]1([O:7][H:10])([H:13])/[C:2](=[C:4](\[O:9][H:12])[H:16])[O:6][C:3]([C:1]([O:8])([H:14])[H:15])[C:5]1([H:17])[H:19].[H:11][O:18][H:20],33.88676801905162,40.88600898200111,TCIT fails
QYOPP-XLYOF_16_0_0,[C:0]1([O:7][H:10])([H:13])/[C:2](=[C:4](\[O:9][H:12])[H:16])[O:6][C:3]([C:1]([O:8][H:11])([H:14])[H:15])=[C:5]1[H:19].[H:17][O:18][H:20],[C:0]1([O:7][H:12])([H:13])[C:2]([C:4](=[O:9])[H:16])[O:6][C:3]([C:1]([O:8][H:11])([H:14])[H:15])[C:5]1([H:17])[H:19].[H:10][O:18][H:20],31.21483256802035,38.86668341096297,TCIT fails
QYOPP-XLYOF_27_0_1,[C:0]1([O:7][H:10])([H:13])/[C:2](=[C:4](\[O:9][H:12])[H:16])[O:6][C:3]([C:1]([O:8][H:11])([H:14])[H:15])=[C:5]1[H:17].[O:18]([H:19])[H:20],[O:18]([H:19])[H:20].[O:7]([H:10])[H:12].[c:0]1([H:13])[c:2]([C:4](=[O:9])[H:16])[o:6][c:3]([C:1]([O:8][H:11])([H:14])[H:15])[c:5]1[H:17],11.55119487608526,19.269561725931283,-29.916586998087965
QYOPP-XLYOF_27_0_2,[C:0]1([O:7][H:10])([H:13])/[C:2](=[C:4](\[O:9][H:12])[H:16])[O:6][C:3]([C:1]([O:8][H:11])([H:14])[H:15])=[C:5]1[H:17].[O:18]([H:19])[H:20],[O:18]([H:19])[H:20].[O:7]([H:10])[H:12].[c:0]1([H:13])[c:2]([C:4](=[O:9])[H:16])[o:6][c:3]([C:1]([O:8][H:11])([H:14])[H:15])[c:5]1[H:17],8.380389372529404,17.51630018293479,-29.916586998087965
QYOPP-XLYOF_3_0_0,[C:0]1([H:13])([O:18][H:20])/[C:2](=[C:4](\[O:9][H:12])[H:16])[O:6][C:3]([C:1]([O:8][H:11])([H:14])[H:15])=[C:5]1[H:17].[O:7]([H:10])[H:19],[H:12][O:18][H:20].[O:7]([H:10])[H:19].[c:0]1([H:13])[c:2]([C:4](=[O:9])[H:16])[o:6][c:3]([C:1]([O:8][H:11])([H:14])[H:15])[c:5]1[H:17],9.472883412053363,18.04089812496576,-29.916586998087965
QYOPP-XLYOF_40_0_3,[C:0]1([O:7][H:10])([H:13])/[C:2](=[C:4](\[O:9][H:19])[H:16])[O:6][C:3]([C:1]([O:8][H:11])([H:14])[H:15])=[C:5]1[H:17].[H:12][O:18][H:20],[C:0]1([O:7][H:10])([H:13])[C:2]([C:4](=[O:9])[H:16])([H:12])[O:6][C:3]([C:1]([O:8][H:11])([H:14])[H:15])=[C:5]1[H:17].[O:18]([H:19])[H:20],26.509138827558715,34.71570806845626,-15.701720841300197
QYOPPFUVDVKXIN_74_5_0,[C:0]1([O:7][H:10])([H:13])/[C:2](=[C:4](\[O:9][H:12])[H:16])[O:6][C:3]([C:1]([O:8][H:11])([H:14])[H:15])=[C:5]1[H:17],[O:7]([H:10])[H:12].[c:0]1([H:13])[c:2]([C:4](=[O:9])[H:16])[o:6][c:3]([C:1]([O:8][H:11])([H:14])[H:15])[c:5]1[H:17],20.88288865049572,16.824784713968548,-29.916586998087965
WQZGKKKJIJFFOK_118_0-cata_1,[C:0]1([O:7][H:12])([H:17])[C:1]([O:8][H:13])([H:18])[C:2]([O:9][H:14])([H:19])[C:3]([O:10][H:15])([H:20])[C:4]([C:5]([O:11][H:16])([H:22])[H:23])([H:21])[O:6]1.[O:24]([H:25])[H:26],[C:0]1([O:7][H:12])([H:17])[C:1]([O:8][H:13])=[C:2]([H:19])[C:3]([O:10][H:15])([H:20])[C:4]([C:5]([O:11][H:16])([H:22])[H:23])([H:21])[O:6]1.[H:18][O:24][H:26].[O:9]([H:14])[H:25],53.85976789456172,58.610642318980624,13.213671128107034
WQZGKKKJIJFFOK_145_0-cata_0,[C:0]1([O:7][H:12])([H:17])[C:1]([O:8][H:13])([H:18])[C:2]([O:9][H:14])([H:19])[C:3]([O:10][H:15])([H:20])[C:4]([C:5]([O:11][H:16])([H:22])[H:23])([H:21])[O:6]1.[O:24]([H:25])[H:26],[C:0]1([O:7][H:12])([H:17])[C:1]([O:8][H:13])([H:18])[C:2]([H:19])=[C:3]([O:10][H:15])[C:4]([C:5]([O:11][H:16])([H:22])[H:23])([H:21])[O:6]1.[H:20][O:24][H:26].[O:9]([H:14])[H:25],52.208790400021,58.93380971152078,12.487332695984666
WQZGKKKJIJFFOK_145_0-cata_2,[C:0]1([O:7][H:12])([H:17])[C:1]([O:8][H:13])([H:18])[C:2]([O:9][H:14])([H:19])[C:3]([O:10][H:15])([H:20])[C:4]([C:5]([O:11][H:16])([H:22])[H:23])([H:21])[O:6]1.[O:24]([H:25])[H:26],[C:0]1([O:7][H:12])([H:17])[C:1]([O:8][H:13])([H:18])[C:2]([H:19])=[C:3]([O:10][H:15])[C:4]([C:5]([O:11][H:16])([H:22])[H:23])([H:21])[O:6]1.[H:20][O:24][H:26].[O:9]([H:14])[H:25],52.10650635156523,58.01199825599392,12.487332695984666
WQZGKKKJIJFFOK_176_0-cata_0,[C:0]1([O:7][H:12])([H:17])[C:1]([O:8][H:13])([H:18])[C:2]([O:9][H:14])([H:19])[C:3]([O:10][H:15])([H:20])[C:4]([C:5]([O:11][H:16])([H:22])[H:23])([H:21])[O:6]1.[O:24]([H:25])[H:26],[C:0]1([O:7][H:12])([H:17])[C:1]([O:8][H:13])([H:18])[C:2]([O:9][H:14])([H:19])[C:3]([H:20])=[C:4]([C:5]([O:11][H:16])([H:22])[H:23])[O:6]1.[H:21][O:24][H:26].[O:10]([H:15])[H:25],57.3556233190103,63.28056801803256,8.03656787762901
WQZGKKKJIJFFOK_193_0-cata_0,[C:0]1([O:7][H:12])([H:17])[C:1]([O:8][H:13])([H:18])[C:2]([O:9][H:14])([H:19])[C:3]([O:10][H:15])([H:20])[C:4]([C:5]([O:11][H:16])([H:22])[H:23])([H:21])[O:6]1.[O:24]([H:25])[H:26],[C:0]1([O:7][H:12])([H:17])[C:1]([O:8][H:13])([H:18])[C:2]([O:9][H:14])([H:19])[C:3]([O:10][H:15])([H:20])[C:4]([H:21])([H:25])[O:6]1.[C:5](=[O:11])([H:22])[H:23].[H:16][O:24][H:26],72.4804847975617,77.8362783800228,12.333173996175875
WQZGKKKJIJFFOK_193_0-cata_3,[C:0]1([O:7][H:12])([H:17])[C:1]([O:8][H:13])([H:18])[C:2]([O:9][H:14])([H:19])[C:3]([O:10][H:15])([H:20])[C:4]([C:5]([O:11][H:16])([H:22])[H:23])([H:21])[O:6]1.[O:24]([H:25])[H:26],[C:0]1([O:7][H:12])([H:17])[C:1]([O:8][H:13])([H:18])[C:2]([O:9][H:14])([H:19])[C:3]([O:10][H:15])([H:20])[C:4]([H:21])([H:25])[O:6]1.[C:5](=[O:11])([H:22])[H:23].[H:16][O:24][H:26],69.97170181654656,75.66572301950978,12.333173996175875
WQZGKKKJIJFFOK_195_0-cata_3,[C:0]1([O:7][H:12])([H:17])[C:1]([O:8][H:13])([H:18])[C:2]([O:9][H:14])([H:19])[C:3]([O:10][H:15])([H:20])[C:4]([C:5]([O:11][H:16])([H:22])[H:23])([H:21])[O:6]1.[O:24]([H:25])[H:26],[C:0]([C:1]([C:2]([C:3](/[C:4](=[C:5](\[O:11][H:16])[H:23])[H:21])([O:10][H:15])[H:20])([O:9][H:14])[H:19])([O:8][H:13])[H:18])([O:6][H:25])([O:7][H:12])[H:17].[H:22][O:24][H:26],51.94523641004436,57.1893333015021,4.916586998087933
WQZGKKKJIJFFOK_201_0-cata_0,[C:0]1([O:7][H:12])([H:17])[C:1]([O:8][H:13])([H:18])[C:2]([O:9][H:14])([H:19])[C:3]([O:10][H:15])([H:20])[C:4]([C:5]([O:11][H:16])([H:22])[H:23])([H:21])[O:6]1.[O:24]([H:25])[H:26],[C:0]1([O:7][H:12])([H:17])[C:1]([O:8][H:13])([H:18])[C:2]([O:9][H:14])([H:19])[C:3]([O:10][H:15])([H:20])[C:4](=[C:5]([H:22])[H:23])[O:6]1.[H:21][O:24][H:26].[O:11]([H:16])[H:25],49.14466151155251,55.5107453890311,6.274139579349899
WQZGKKKJIJFFOK_201_0-cata_3,[C:0]1([O:7][H:12])([H:17])[C:1]([O:8][H:13])([H:18])[C:2]([O:9][H:14])([H:19])[C:3]([O:10][H:15])([H:20])[C:4]([C:5]([O:11][H:16])([H:22])[H:23])([H:21])[O:6]1.[O:24]([H:25])[H:26],[C:0]1([O:7][H:12])([H:17])[C:1]([O:8][H:13])([H:18])[C:2]([O:9][H:14])([H:19])[C:3]([O:10][H:15])([H:20])[C:4](=[C:5]([H:22])[H:23])[O:6]1.[H:21][O:24][H:26].[O:11]([H:16])[H:25],53.11365909909063,59.69748877301884,6.274139579349899
WQZGKKKJIJFFOK_24_0-cata_1,[C:0]1([O:7][H:12])([H:17])[C:1]([O:8][H:13])([H:18])[C:2]([O:9][H:14])([H:19])[C:3]([O:10][H:15])([H:20])[C:4]([C:5]([O:11][H:16])([H:22])[H:23])([H:21])[O:6]1.[O:24]([H:25])[H:26],[C:0]([O:6][C:4]([C:3]([C:2]([C:1](=[O:8])[H:18])([O:9][H:14])[H:19])([O:10][H:15])[H:20])([C:5]([O:11][H:16])([H:22])[H:23])[H:21])([O:7][H:12])([H:17])[H:25].[H:13][O:24][H:26],69.18731494160077,76.19408601853125,12.39268642447416
WQZGKKKJIJFFOK_33_0-cata_1,[C:0]1([O:7][H:12])([H:17])[C:1]([O:8][H:13])([H:18])[C:2]([O:9][H:14])([H:19])[C:3]([O:10][H:15])([H:20])[C:4]([C:5]([O:11][H:16])([H:22])[H:23])([H:21])[O:6]1.[O:24]([H:25])[H:26],[C:0](=[C:1](\[C:2]([C:3]([C:4]([C:5]([O:11][H:16])([H:22])[H:23])([O:6][H:25])[H:21])([O:10][H:15])[H:20])([O:9][H:14])[H:19])[O:8][H:13])(\[O:7][H:12])[H:17].[H:18][O:24][H:26],63.18832412155144,71.06043079900869,12.835803059273404
WQZGKKKJIJFFOK_44_1-cata_0,[C:0]1([O:7][H:12])([H:17])[C:1]([O:8][H:13])([H:18])[C:2]([O:9][H:14])([H:19])[C:3]([O:10][H:15])([H:20])[C:4]([C:5]([O:11][H:16])([H:22])[H:23])([H:21])[O:6]1.[O:24]([H:25])[H:26],[C:0]([C:1]([C:2]([C:3]([C:4]([C:5]([O:11][H:16])([H:22])[H:23])([O:6][H:25])[H:21])([O:10][H:15])[H:20])([O:9][H:14])[H:19])([O:8][H:13])[H:18])(=[O:7])[H:17].[H:12][O:24][H:26],16.50726490705681,24.251359646480555,4.853728489483745
WQZGKKKJIJFFOK_44_1-cata_1,[C:0]1([O:7][H:12])([H:17])[C:1]([O:8][H:13])([H:18])[C:2]([O:9][H:14])([H:19])[C:3]([O:10][H:15])([H:20])[C:4]([C:5]([O:11][H:16])([H:22])[H:23])([H:21])[O:6]1.[O:24]([H:25])[H:26],[C:0]([C:1]([C:2]([C:3]([C:4]([C:5]([O:11][H:16])([H:22])[H:23])([O:6][H:25])[H:21])([O:10][H:15])[H:20])([O:9][H:14])[H:19])([O:8][H:13])[H:18])(=[O:7])[H:17].[H:12][O:24][H:26],14.610931198064842,23.16639572100892,4.853728489483745
WQZGKKKJIJFFOK_44_1-cata_3,[C:0]1([O:7][H:12])([H:17])[C:1]([O:8][H:13])([H:18])[C:2]([O:9][H:14])([H:19])[C:3]([O:10][H:15])([H:20])[C:4]([C:5]([O:11][H:16])([H:22])[H:23])([H:21])[O:6]1.[O:24]([H:25])[H:26],[C:0]([C:1]([C:2]([C:3]([C:4]([C:5]([O:11][H:16])([H:22])[H:23])([O:6][H:25])[H:21])([O:10][H:15])[H:20])([O:9][H:14])[H:19])([O:8][H:13])[H:18])(=[O:7])[H:17].[H:12][O:24][H:26],17.91978879155751,25.487553361498406,4.853728489483745
WQZGKKKJIJFFOK_59_0-cata_4,[C:0]1([O:7][H:12])([H:17])[C:1]([O:8][H:13])([H:18])[C:2]([O:9][H:14])([H:19])[C:3]([O:10][H:15])([H:20])[C:4]([C:5]([O:11][H:16])([H:22])[H:23])([H:21])[O:6]1.[O:24]([H:25])[H:26],[C:0]1([H:17])=[C:1]([O:8][H:13])[C:2]([O:9][H:14])([H:19])[C:3]([O:10][H:15])([H:20])[C:4]([C:5]([O:11][H:16])([H:22])[H:23])([H:21])[O:6]1.[H:18][O:24][H:26].[O:7]([H:12])[H:25],48.03961728206024,53.1362494410336,14.407982791586974
GZCGUPFRVQAUEE_104_2-cata1_0,[C:0]([C:1]([C:3]([C:5](=[O:11])[H:23])([O:9][H:15])[H:20])([O:7][H:13])[H:18])([C:2]([C:4]([O:10][H:16])([H:21])[H:22])([O:8][H:14])[H:19])([O:6][H:12])[H:17].[O:24]([H:25])[H:26],[C:0]([C:1]([C:3]([C:5]([O:11][H:25])([H:19])[H:23])([O:9][H:15])[H:20])([O:7][H:13])[H:18])([C:2]([C:4]([O:10][H:16])([H:21])[H:22])=[O:8])([O:6][H:12])[H:17].[H:14][O:24][H:26],43.39981203900359,50.50196455997861,-2.5979923518164716
GZCGUPFRVQAUEE_104_2-cata1_1,[C:0]([C:1]([C:3]([C:5](=[O:11])[H:23])([O:9][H:15])[H:20])([O:7][H:13])[H:18])([C:2]([C:4]([O:10][H:16])([H:21])[H:22])([O:8][H:14])[H:19])([O:6][H:12])[H:17].[O:24]([H:25])[H:26],[C:0]([C:1]([C:3]([C:5]([O:11][H:25])([H:19])[H:23])([O:9][H:15])[H:20])([O:7][H:13])[H:18])([C:2]([C:4]([O:10][H:16])([H:21])[H:22])=[O:8])([O:6][H:12])[H:17].[H:14][O:24][H:26],39.10890207799348,49.40570546346415,-2.5979923518164716
GZCGUPFRVQAUEE_104_4-cata1_0,[C:0]([C:1]([C:3]([C:5](=[O:11])[H:23])([O:9][H:15])[H:20])([O:7][H:13])[H:18])([C:2]([C:4]([O:10][H:16])([H:21])[H:22])([O:8][H:14])[H:19])([O:6][H:12])[H:17].[O:24]([H:25])[H:26],[C:0]([C:1]([C:3]([C:5]([O:11][H:25])([H:20])[H:23])=[O:9])([O:7][H:13])[H:18])([C:2]([C:4]([O:10][H:16])([H:21])[H:22])([O:8][H:14])[H:19])([O:6][H:12])[H:17].[H:15][O:24][H:26],22.65372045951919,32.02118227548202,-2.5979923518164716
GZCGUPFRVQAUEE_104_4-cata1_2,[C:0]([C:1]([C:3]([C:5](=[O:11])[H:23])([O:9][H:15])[H:20])([O:7][H:13])[H:18])([C:2]([C:4]([O:10][H:16])([H:21])[H:22])([O:8][H:14])[H:19])([O:6][H:12])[H:17].[O:24]([H:25])[H:26],[C:0]([C:1]([C:3]([C:5]([O:11][H:25])([H:20])[H:23])=[O:9])([O:7][H:13])[H:18])([C:2]([C:4]([O:10][H:16])([H:21])[H:22])([O:8][H:14])[H:19])([O:6][H:12])[H:17].[H:15][O:24][H:26],28.188981759026557,36.34786027797316,-2.5979923518164716
GZCGUPFRVQAUEE_104_4-cata1_3,[C:0]([C:1]([C:3]([C:5](=[O:11])[H:23])([O:9][H:15])[H:20])([O:7][H:13])[H:18])([C:2]([C:4]([O:10][H:16])([H:21])[H:22])([O:8][H:14])[H:19])([O:6][H:12])[H:17].[O:24]([H:25])[H:26],[C:0]([C:1]([C:3]([C:5]([O:11][H:25])([H:20])[H:23])=[O:9])([O:7][H:13])[H:18])([C:2]([C:4]([O:10][H:16])([H:21])[H:22])([O:8][H:14])[H:19])([O:6][H:12])[H:17].[H:15][O:24][H:26],25.6657660594765,33.92316356995973,-2.5979923518164716
GZCGUPFRVQAUEE_119_0-cata_3,[C:0]([C:1]([C:3]([C:5](=[O:11])[H:23])([O:9][H:15])[H:20])([O:7][H:13])[H:18])([C:2]([C:4]([O:10][H:16])([H:21])[H:22])([O:8][H:14])[H:19])([O:6][H:12])[H:17].[O:24]([H:25])[H:26],[C:0](/[C:1](=[C:3](/[C:5](=[O:11])[H:23])[O:9][H:15])[H:18])([C:2]([C:4]([O:10][H:16])([H:21])[H:22])([O:8][H:14])[H:19])([O:6][H:12])[H:17].[H:20][O:24][H:26].[O:7]([H:13])[H:25],36.017790281021774,43.37596667799245,6.799235181644327
GZCGUPFRVQAUEE_119_0-cata_4,[C:0]([C:1]([C:3]([C:5](=[O:11])[H:23])([O:9][H:15])[H:20])([O:7][H:13])[H:18])([C:2]([C:4]([O:10][H:16])([H:21])[H:22])([O:8][H:14])[H:19])([O:6][H:12])[H:17].[O:24]([H:25])[H:26],[C:0](/[C:1](=[C:3](/[C:5](=[O:11])[H:23])[O:9][H:15])[H:18])([C:2]([C:4]([O:10][H:16])([H:21])[H:22])([O:8][H:14])[H:19])([O:6][H:12])[H:17].[H:20][O:24][H:26].[O:7]([H:13])[H:25],34.24758598149672,41.65031555299759,6.799235181644327
GZCGUPFRVQAUEE_13_2-cata_0,[C:0]([C:1]([C:3]([C:5](=[O:11])[H:23])([O:9][H:15])[H:20])([O:7][H:13])[H:18])([C:2]([C:4]([O:10][H:16])([H:21])[H:22])([O:8][H:14])[H:19])([O:6][H:12])[H:17].[O:24]([H:25])[H:26],[C:0]([C:1]1([H:18])[C:3]([O:9][H:15])([H:20])[C:5]([O:11][H:25])([H:23])[O:7]1)([C:2]([C:4]([O:10][H:16])([H:21])[H:22])([O:8][H:14])[H:19])([O:6][H:12])[H:17].[H:13][O:24][H:26],28.594352896001844,36.64467227150852,6.809273422562144
GZCGUPFRVQAUEE_13_2-cata_1,[C:0]([C:1]([C:3]([C:5](=[O:11])[H:23])([O:9][H:15])[H:20])([O:7][H:13])[H:18])([C:2]([C:4]([O:10][H:16])([H:21])[H:22])([O:8][H:14])[H:19])([O:6][H:12])[H:17].[O:24]([H:25])[H:26],[C:0]([C:1]1([H:18])[C:3]([O:9][H:15])([H:20])[C:5]([O:11][H:25])([H:23])[O:7]1)([C:2]([C:4]([O:10][H:16])([H:21])[H:22])([O:8][H:14])[H:19])([O:6][H:12])[H:17].[H:13][O:24][H:26],26.019053908011948,35.96319695444559,6.809273422562144
GZCGUPFRVQAUEE_13_2-cata_2,[C:0]([C:1]([C:3]([C:5](=[O:11])[H:23])([O:9][H:15])[H:20])([O:7][H:13])[H:18])([C:2]([C:4]([O:10][H:16])([H:21])[H:22])([O:8][H:14])[H:19])([O:6][H:12])[H:17].[O:24]([H:25])[H:26],[C:0]([C:1]1([H:18])[C:3]([O:9][H:15])([H:20])[C:5]([O:11][H:25])([H:23])[O:7]1)([C:2]([C:4]([O:10][H:16])([H:21])[H:22])([O:8][H:14])[H:19])([O:6][H:12])[H:17].[H:13][O:24][H:26],30.496334190550893,38.78824472344699,6.809273422562144
GZCGUPFRVQAUEE_13_2-cata_3,[C:0]([C:1]([C:3]([C:5](=[O:11])[H:23])([O:9][H:15])[H:20])([O:7][H:13])[H:18])([C:2]([C:4]([O:10][H:16])([H:21])[H:22])([O:8][H:14])[H:19])([O:6][H:12])[H:17].[O:24]([H:25])[H:26],[C:0]([C:1]1([H:18])[C:3]([O:9][H:15])([H:20])[C:5]([O:11][H:25])([H:23])[O:7]1)([C:2]([C:4]([O:10][H:16])([H:21])[H:22])([O:8][H:14])[H:19])([O:6][H:12])[H:17].[H:13][O:24][H:26],32.06950050700271,39.31158764648112,6.809273422562144
GZCGUPFRVQAUEE_13_2-cata_4,[C:0]([C:1]([C:3]([C:5](=[O:11])[H:23])([O:9][H:15])[H:20])([O:7][H:13])[H:18])([C:2]([C:4]([O:10][H:16])([H:21])[H:22])([O:8][H:14])[H:19])([O:6][H:12])[H:17].[O:24]([H:25])[H:26],[C:0]([C:1]1([H:18])[C:3]([O:9][H:15])([H:20])[C:5]([O:11][H:25])([H:23])[O:7]1)([C:2]([C:4]([O:10][H:16])([H:21])[H:22])([O:8][H:14])[H:19])([O:6][H:12])[H:17].[H:13][O:24][H:26],24.313483087037728,34.24507594350305,6.809273422562144
GZCGUPFRVQAUEE_144_0-cata_2,[C:0]([C:1]([C:3]([C:5](=[O:11])[H:23])([O:9][H:15])[H:20])([O:7][H:13])[H:18])([C:2]([C:4]([O:10][H:16])([H:21])[H:22])([O:8][H:14])[H:19])([O:6][H:12])[H:17].[O:24]([H:25])[H:26],[C:0]([C:1]1([O:7][H:13])[C:3]([O:9][H:15])([H:20])[C:5]1([O:11][H:25])[H:23])([C:2]([C:4]([O:10][H:16])([H:21])[H:22])([O:8][H:14])[H:19])([O:6][H:12])[H:17].[H:18][O:24][H:26],60.75233224249519,69.71442292148272,2.332695984703631
GZCGUPFRVQAUEE_156_2-cata_0,[C:0]([C:1]([C:3]([C:5](=[O:11])[H:23])([O:9][H:15])[H:20])([O:7][H:13])[H:18])([C:2]([C:4]([O:10][H:16])([H:21])[H:22])([O:8][H:14])[H:19])([O:6][H:12])[H:17].[O:24]([H:25])[H:26],[C:0]1([O:6][H:12])([H:17])[C:1]([O:7][H:13])([H:18])[C:3]([O:9][H:15])([H:20])[C:5]([O:11][H:25])([H:23])[O:8][C:2]1([C:4]([O:10][H:16])([H:21])[H:22])[H:19].[H:14][O:24][H:26],19.297172144075592,29.338579162977684,-4.853728489483745
GZCGUPFRVQAUEE_156_2-cata_1,[C:0]([C:1]([C:3]([C:5](=[O:11])[H:23])([O:9][H:15])[H:20])([O:7][H:13])[H:18])([C:2]([C:4]([O:10][H:16])([H:21])[H:22])([O:8][H:14])[H:19])([O:6][H:12])[H:17].[O:24]([H:25])[H:26],[C:0]1([O:6][H:12])([H:17])[C:1]([O:7][H:13])([H:18])[C:3]([O:9][H:15])([H:20])[C:5]([O:11][H:25])([H:23])[O:8][C:2]1([C:4]([O:10][H:16])([H:21])[H:22])[H:19].[H:14][O:24][H:26],11.992334054541583,24.614687646990653,-4.853728489483745
GZCGUPFRVQAUEE_156_2-cata_2,[C:0]([C:1]([C:3]([C:5](=[O:11])[H:23])([O:9][H:15])[H:20])([O:7][H:13])[H:18])([C:2]([C:4]([O:10][H:16])([H:21])[H:22])([O:8][H:14])[H:19])([O:6][H:12])[H:17].[O:24]([H:25])[H:26],[C:0]1([O:6][H:12])([H:17])[C:1]([O:7][H:13])([H:18])[C:3]([O:9][H:15])([H:20])[C:5]([O:11][H:25])([H:23])[O:8][C:2]1([C:4]([O:10][H:16])([H:21])[H:22])[H:19].[H:14][O:24][H:26],12.514421958507551,23.52721368345402,-4.853728489483745
GZCGUPFRVQAUEE_15_2-cata1_0,[C:0]([C:1]([C:3]([C:5](=[O:11])[H:23])([O:9][H:15])[H:20])([O:7][H:13])[H:18])([C:2]([C:4]([O:10][H:16])([H:21])[H:22])([O:8][H:14])[H:19])([O:6][H:12])[H:17].[O:24]([H:25])[H:26],[C:0]([C:1]([C:3]([C:5]([O:11][H:25])([H:17])[H:23])([O:9][H:15])[H:20])([O:7][H:13])[H:18])([C:2]([C:4]([O:10][H:16])([H:21])[H:22])([O:8][H:14])[H:19])=[O:6].[H:12][O:24][H:26],36.26942159052852,43.96143304144108,-0.45100382409181905
GZCGUPFRVQAUEE_15_2-cata1_3,[C:0]([C:1]([C:3]([C:5](=[O:11])[H:23])([O:9][H:15])[H:20])([O:7][H:13])[H:18])([C:2]([C:4]([O:10][H:16])([H:21])[H:22])([O:8][H:14])[H:19])([O:6][H:12])[H:17].[O:24]([H:25])[H:26],[C:0]([C:1]([C:3]([C:5]([O:11][H:25])([H:17])[H:23])([O:9][H:15])[H:20])([O:7][H:13])[H:18])([C:2]([C:4]([O:10][H:16])([H:21])[H:22])([O:8][H:14])[H:19])=[O:6].[H:12][O:24][H:26],33.3232644879762,41.19223361794136,-0.45100382409181905
GZCGUPFRVQAUEE_15_3-cata1_4,[C:0]([C:1]([C:3]([C:5](=[O:11])[H:23])([O:9][H:15])[H:20])([O:7][H:13])[H:18])([C:2]([C:4]([O:10][H:16])([H:21])[H:22])([O:8][H:14])[H:19])([O:6][H:12])[H:17].[O:24]([H:25])[H:26],[C:0]([C:1]([C:3]([C:5]([O:11][H:25])([H:17])[H:23])([O:9][H:15])[H:20])([O:7][H:13])[H:18])([C:2]([C:4]([O:10][H:16])([H:21])[H:22])([O:8][H:14])[H:19])=[O:6].[H:12][O:24][H:26],33.5504229269734,41.71745906947075,-0.45100382409181905
GZCGUPFRVQAUEE_15_4-cata1_0,[C:0]([C:1]([C:3]([C:5](=[O:11])[H:23])([O:9][H:15])[H:20])([O:7][H:13])[H:18])([C:2]([C:4]([O:10][H:16])([H:21])[H:22])([O:8][H:14])[H:19])([O:6][H:12])[H:17].[O:24]([H:25])[H:26],[C:0]([C:1]([C:3]([C:5]([O:11][H:25])([H:18])[H:23])([O:9][H:15])[H:20])=[O:7])([C:2]([C:4]([O:10][H:16])([H:21])[H:22])([O:8][H:14])[H:19])([O:6][H:12])[H:17].[H:13][O:24][H:26],38.532220847522666,47.51313681146268,-0.45100382409181905
GZCGUPFRVQAUEE_15_4-cata1_1,[C:0]([C:1]([C:3]([C:5](=[O:11])[H:23])([O:9][H:15])[H:20])([O:7][H:13])[H:18])([C:2]([C:4]([O:10][H:16])([H:21])[H:22])([O:8][H:14])[H:19])([O:6][H:12])[H:17].[O:24]([H:25])[H:26],[C:0]([C:1]([C:3]([C:5]([O:11][H:25])([H:18])[H:23])([O:9][H:15])[H:20])=[O:7])([C:2]([C:4]([O:10][H:16])([H:21])[H:22])([O:8][H:14])[H:19])([O:6][H:12])[H:17].[H:13][O:24][H:26],42.900941986479005,51.3152168719942,-0.45100382409181905
GZCGUPFRVQAUEE_162_0-cata_3,[C:0]([C:1]([C:3]([C:5](=[O:11])[H:23])([O:9][H:15])[H:20])([O:7][H:13])[H:18])([C:2]([C:4]([O:10][H:16])([H:21])[H:22])([O:8][H:14])[H:19])([O:6][H:12])[H:17].[O:24]([H:25])[H:26],[C:0]([C:1]([C:3]([C:5](=[O:11])[H:23])([O:9][H:15])[H:20])([O:7][H:13])[H:18])([C:2](=[O:8])[H:19])([O:6][H:12])[H:17].[C:4]([O:10][H:16])([H:21])([H:22])[H:25].[H:14][O:24][H:26],70.35197257351388,75.3293779275029,16.46319311663476
GZCGUPFRVQAUEE_173_0-cata_0,[C:0]([C:1]([C:3]([C:5](=[O:11])[H:23])([O:9][H:15])[H:20])([O:7][H:13])[H:18])([C:2]([C:4]([O:10][H:16])([H:21])[H:22])([O:8][H:14])[H:19])([O:6][H:12])[H:17].[O:24]([H:25])[H:26],[C:0]([C:1]([C:3]([C:5](=[O:11])[H:23])([O:9][H:15])[H:20])([O:7][H:13])[H:18])(/[C:2](=[C:4](/[O:10][H:16])[H:22])[H:19])([O:6][H:12])[H:17].[H:21][O:24][H:26].[O:8]([H:14])[H:25],56.78521718352365,60.94748769700184,11.643403441682574
GZCGUPFRVQAUEE_190_0-cata_0,[C:0]([C:1]([C:3]([C:5](=[O:11])[H:23])([O:9][H:15])[H:20])([O:7][H:13])[H:18])([C:2]([C:4]([O:10][H:16])([H:21])[H:22])([O:8][H:14])[H:19])([O:6][H:12])[H:17].[O:24]([H:25])[H:26],[C:0]1([O:6][H:12])([H:17])[C:1]([O:7][H:13])([H:18])[C:3]([O:9][H:15])([H:20])[C:5]([O:11][H:25])([H:23])[C:2]1([C:4]([O:10][H:16])([H:21])[H:22])[O:8][H:14].[H:19][O:24][H:26],60.47309051498681,69.42451353250128,-16.053298279158735
GZCGUPFRVQAUEE_222_0-cata_0,[C:0]([C:1]([C:3]([C:5](=[O:11])[H:23])([O:9][H:15])[H:20])([O:7][H:13])[H:18])([C:2]([C:4]([O:10][H:16])([H:21])[H:22])([O:8][H:14])[H:19])([O:6][H:12])[H:17].[O:24]([H:25])[H:26],[C:0]([C:1](/[C:3](=[C:5](\[O:11][H:25])[H:23])[O:9][H:15])([O:7][H:13])[H:18])([C:2]([C:4]([O:10][H:16])([H:21])[H:22])([O:8][H:14])[H:19])([O:6][H:12])[H:17].[H:20][O:24][H:26],44.43081014746879,52.06509072445577,7.982074569789659
GZCGUPFRVQAUEE_222_0-cata_1,[C:0]([C:1]([C:3]([C:5](=[O:11])[H:23])([O:9][H:15])[H:20])([O:7][H:13])[H:18])([C:2]([C:4]([O:10][H:16])([H:21])[H:22])([O:8][H:14])[H:19])([O:6][H:12])[H:17].[O:24]([H:25])[H:26],[C:0]([C:1](/[C:3](=[C:5](\[O:11][H:25])[H:23])[O:9][H:15])([O:7][H:13])[H:18])([C:2]([C:4]([O:10][H:16])([H:21])[H:22])([O:8][H:14])[H:19])([O:6][H:12])[H:17].[H:20][O:24][H:26],36.72562099701816,46.72623989845189,7.982074569789659
GZCGUPFRVQAUEE_222_0-cata_2,[C:0]([C:1]([C:3]([C:5](=[O:11])[H:23])([O:9][H:15])[H:20])([O:7][H:13])[H:18])([C:2]([C:4]([O:10][H:16])([H:21])[H:22])([O:8][H:14])[H:19])([O:6][H:12])[H:17].[O:24]([H:25])[H:26],[C:0]([C:1](/[C:3](=[C:5](\[O:11][H:25])[H:23])[O:9][H:15])([O:7][H:13])[H:18])([C:2]([C:4]([O:10][H:16])([H:21])[H:22])([O:8][H:14])[H:19])([O:6][H:12])[H:17].[H:20][O:24][H:26],39.40383154303359,48.65834164899624,7.982074569789659
GZCGUPFRVQAUEE_222_0-cata_3,[C:0]([C:1]([C:3]([C:5](=[O:11])[H:23])([O:9][H:15])[H:20])([O:7][H:13])[H:18])([C:2]([C:4]([O:10][H:16])([H:21])[H:22])([O:8][H:14])[H:19])([O:6][H:12])[H:17].[O:24]([H:25])[H:26],[C:0]([C:1](/[C:3](=[C:5](\[O:11][H:25])[H:23])[O:9][H:15])([O:7][H:13])[H:18])([C:2]([C:4]([O:10][H:16])([H:21])[H:22])([O:8][H:14])[H:19])([O:6][H:12])[H:17].[H:20][O:24][H:26],34.98992972004865,43.45754291300051,7.982074569789659
GZCGUPFRVQAUEE_222_0-cata_4,[C:0]([C:1]([C:3]([C:5](=[O:11])[H:23])([O:9][H:15])[H:20])([O:7][H:13])[H:18])([C:2]([C:4]([O:10][H:16])([H:21])[H:22])([O:8][H:14])[H:19])([O:6][H:12])[H:17].[O:24]([H:25])[H:26],[C:0]([C:1](/[C:3](=[C:5](\[O:11][H:25])[H:23])[O:9][H:15])([O:7][H:13])[H:18])([C:2]([C:4]([O:10][H:16])([H:21])[H:22])([O:8][H:14])[H:19])([O:6][H:12])[H:17].[H:20][O:24][H:26],35.13802196203145,44.37684433046236,7.982074569789659
GZCGUPFRVQAUEE_222_10-cata1_2,[C:0]([C:1]([C:3]([C:5](=[O:11])[H:23])([O:9][H:15])[H:20])([O:7][H:13])[H:18])([C:2]([C:4]([O:10][H:16])([H:21])[H:22])([O:8][H:14])[H:19])([O:6][H:12])[H:17].[O:24]([H:25])[H:26],[C:0]([C:1](/[C:3](=[C:5](\[O:11][H:25])[H:23])[O:9][H:15])([O:7][H:13])[H:18])([C:2]([C:4]([O:10][H:16])([H:21])[H:22])([O:8][H:14])[H:19])([O:6][H:12])[H:17].[H:20][O:24][H:26],40.234654121004816,50.58040324749459,7.982074569789659
GZCGUPFRVQAUEE_222_12-cata2_4,[C:0]([C:1]([C:3]([C:5](=[O:11])[H:23])([O:9][H:15])[H:20])([O:7][H:13])[H:18])([C:2]([C:4]([O:10][H:16])([H:21])[H:22])([O:8][H:14])[H:19])([O:6][H:12])[H:17].[O:24]([H:25])[H:26],[C:0]([C:1](/[C:3](=[C:5](\[O:11][H:25])[H:23])[O:9][H:15])([O:7][H:13])[H:18])([C:2]([C:4]([O:10][H:16])([H:21])[H:22])([O:8][H:14])[H:19])([O:6][H:12])[H:17].[H:20][O:24][H:26],39.34296312154459,47.76602313996626,7.982074569789659
GZCGUPFRVQAUEE_222_15-cata2_1,[C:0]([C:1]([C:3]([C:5](=[O:11])[H:23])([O:9][H:15])[H:20])([O:7][H:13])[H:18])([C:2]([C:4]([O:10][H:16])([H:21])[H:22])([O:8][H:14])[H:19])([O:6][H:12])[H:17].[O:24]([H:25])[H:26],[C:0]([C:1](/[C:3](=[C:5](/[O:11][H:25])[H:23])[O:9][H:15])([O:7][H:13])[H:18])([C:2]([C:4]([O:10][H:16])([H:21])[H:22])([O:8][H:14])[H:19])([O:6][H:12])[H:17].[H:20][O:24][H:26],44.77405784402959,52.99003972747471,7.982074569789659
GZCGUPFRVQAUEE_222_15-cata2_2,[C:0]([C:1]([C:3]([C:5](=[O:11])[H:23])([O:9][H:15])[H:20])([O:7][H:13])[H:18])([C:2]([C:4]([O:10][H:16])([H:21])[H:22])([O:8][H:14])[H:19])([O:6][H:12])[H:17].[O:24]([H:25])[H:26],[C:0]([C:1](/[C:3](=[C:5](/[O:11][H:25])[H:23])[O:9][H:15])([O:7][H:13])[H:18])([C:2]([C:4]([O:10][H:16])([H:21])[H:22])([O:8][H:14])[H:19])([O:6][H:12])[H:17].[H:20][O:24][H:26],46.63650603996443,54.42013387800238,7.982074569789659
GZCGUPFRVQAUEE_222_15-cata2_3,[C:0]([C:1]([C:3]([C:5](=[O:11])[H:23])([O:9][H:15])[H:20])([O:7][H:13])[H:18])([C:2]([C:4]([O:10][H:16])([H:21])[H:22])([O:8][H:14])[H:19])([O:6][H:12])[H:17].[O:24]([H:25])[H:26],[C:0]([C:1](/[C:3](=[C:5](/[O:11][H:25])[H:23])[O:9][H:15])([O:7][H:13])[H:18])([C:2]([C:4]([O:10][H:16])([H:21])[H:22])([O:8][H:14])[H:19])([O:6][H:12])[H:17].[H:20][O:24][H:26],37.87961096752954,46.05417722400788,7.982074569789659
GZCGUPFRVQAUEE_231_2-cata_0,[C:0]([C:1]([C:3]([C:5](=[O:11])[H:23])([O:9][H:15])[H:20])([O:7][H:13])[H:18])([C:2]([C:4]([O:10][H:16])([H:21])[H:22])([O:8][H:14])[H:19])([O:6][H:12])[H:17].[O:24]([H:25])[H:26],[C:0]1([O:6][H:12])([H:17])[C:1]([O:7][H:13])([H:18])[C:3]([O:9][H:15])([H:20])[C:5]([O:11][H:25])([H:23])[O:10][C:4]([H:21])([H:22])[C:2]1([O:8][H:14])[H:19].[H:16][O:24][H:26],18.97463226103385,30.518297022995444,-7.900573613766739
GZCGUPFRVQAUEE_231_2-cata_1,[C:0]([C:1]([C:3]([C:5](=[O:11])[H:23])([O:9][H:15])[H:20])([O:7][H:13])[H:18])([C:2]([C:4]([O:10][H:16])([H:21])[H:22])([O:8][H:14])[H:19])([O:6][H:12])[H:17].[O:24]([H:25])[H:26],[C:0]1([O:6][H:12])([H:17])[C:1]([O:7][H:13])([H:18])[C:3]([O:9][H:15])([H:20])[C:5]([O:11][H:25])([H:23])[O:10][C:4]([H:21])([H:22])[C:2]1([O:8][H:14])[H:19].[H:16][O:24][H:26],17.77922666348436,29.17166163597107,-7.900573613766739
GZCGUPFRVQAUEE_231_2-cata_3,[C:0]([C:1]([C:3]([C:5](=[O:11])[H:23])([O:9][H:15])[H:20])([O:7][H:13])[H:18])([C:2]([C:4]([O:10][H:16])([H:21])[H:22])([O:8][H:14])[H:19])([O:6][H:12])[H:17].[O:24]([H:25])[H:26],[C:0]1([O:6][H:12])([H:17])[C:1]([O:7][H:13])([H:18])[C:3]([O:9][H:15])([H:20])[C:5]([O:11][H:25])([H:23])[O:10][C:4]([H:21])([H:22])[C:2]1([O:8][H:14])[H:19].[H:16][O:24][H:26],19.98304002748475,31.999219442966133,-7.900573613766739
GZCGUPFRVQAUEE_244_0-cata1_0,[C:0]([C:1]([C:3]([C:5](=[O:11])[H:23])([O:9][H:15])[H:20])([O:7][H:13])[H:18])([C:2]([C:4]([O:10][H:16])([H:21])[H:22])([O:8][H:14])[H:19])([O:6][H:12])[H:17].[O:24]([H:25])[H:26],[C:0]([C:1]([C:3]([C:5](=[O:11])[H:23])([O:9][H:15])[H:20])([O:7][H:13])[H:18])([C:2]([C:4](=[O:10])[H:22])([O:8][H:14])[H:19])([O:6][H:12])[H:17].[H:16][O:24][H:26].[H:21][H:25],50.97636174199364,57.77919223143965,17.901290630975115
GZCGUPFRVQAUEE_244_0-cata1_1,[C:0]([C:1]([C:3]([C:5](=[O:11])[H:23])([O:9][H:15])[H:20])([O:7][H:13])[H:18])([C:2]([C:4]([O:10][H:16])([H:21])[H:22])([O:8][H:14])[H:19])([O:6][H:12])[H:17].[O:24]([H:25])[H:26],[C:0]([C:1]([C:3]([C:5](=[O:11])[H:23])([O:9][H:15])[H:20])([O:7][H:13])[H:18])([C:2]([C:4](=[O:10])[H:22])([O:8][H:14])[H:19])([O:6][H:12])[H:17].[H:16][O:24][H:26].[H:21][H:25],54.95916453856825,62.06821966395451,17.901290630975115
GZCGUPFRVQAUEE_244_0-cata1_3,[C:0]([C:1]([C:3]([C:5](=[O:11])[H:23])([O:9][H:15])[H:20])([O:7][H:13])[H:18])([C:2]([C:4]([O:10][H:16])([H:21])[H:22])([O:8][H:14])[H:19])([O:6][H:12])[H:17].[O:24]([H:25])[H:26],[C:0]([C:1]([C:3]([C:5](=[O:11])[H:23])([O:9][H:15])[H:20])([O:7][H:13])[H:18])([C:2]([C:4](=[O:10])[H:22])([O:8][H:14])[H:19])([O:6][H:12])[H:17].[H:16][O:24][H:26].[H:21][H:25],52.69009018651861,57.27592961249749,17.901290630975115
GZCGUPFRVQAUEE_252_0-cata1_1,[C:0]([C:1]([C:3]([C:5](=[O:11])[H:23])([O:9][H:15])[H:20])([O:7][H:13])[H:18])([C:2]([C:4]([O:10][H:16])([H:21])[H:22])([O:8][H:14])[H:19])([O:6][H:12])[H:17].[O:24]([H:25])[H:26],[C:0]1([O:6][H:12])([H:17])[C:1]([O:7][H:13])([H:18])[C:3]([O:9][H:15])([H:20])[C:5](=[O:11])[O:8][C:2]1([C:4]([O:10][H:16])([H:21])[H:22])[H:19].[H:14][O:24][H:26].[H:23][H:25],57.890888922514335,65.94936592150042,6.245458891013405
GZCGUPFRVQAUEE_252_0-cata1_3,[C:0]([C:1]([C:3]([C:5](=[O:11])[H:23])([O:9][H:15])[H:20])([O:7][H:13])[H:18])([C:2]([C:4]([O:10][H:16])([H:21])[H:22])([O:8][H:14])[H:19])([O:6][H:12])[H:17].[O:24]([H:25])[H:26],[C:0]1([O:6][H:12])([H:17])[C:1]([O:7][H:13])([H:18])[C:3]([O:9][H:15])([H:20])[C:5](=[O:11])[O:8][C:2]1([C:4]([O:10][H:16])([H:21])[H:22])[H:19].[H:14][O:24][H:26].[H:23][H:25],56.09119167656375,64.05867979799419,6.245458891013405
GZCGUPFRVQAUEE_37_2-cata_1,[C:0]([C:1]([C:3]([C:5](=[O:11])[H:23])([O:9][H:15])[H:20])([O:7][H:13])[H:18])([C:2]([C:4]([O:10][H:16])([H:21])[H:22])([O:8][H:14])[H:19])([O:6][H:12])[H:17].[O:24]([H:25])[H:26],[C:0]1([C:2]([C:4]([O:10][H:16])([H:21])[H:22])([O:8][H:14])[H:19])([H:17])[C:1]([O:7][H:13])([H:18])[C:3]([O:9][H:15])([H:20])[C:5]([O:11][H:25])([H:23])[O:6]1.[H:12][O:24][H:26],12.612940949972836,24.614687646990653,-4.547562141491406
GZCGUPFRVQAUEE_37_2-cata_2,[C:0]([C:1]([C:3]([C:5](=[O:11])[H:23])([O:9][H:15])[H:20])([O:7][H:13])[H:18])([C:2]([C:4]([O:10][H:16])([H:21])[H:22])([O:8][H:14])[H:19])([O:6][H:12])[H:17].[O:24]([H:25])[H:26],[C:0]1([C:2]([C:4]([O:10][H:16])([H:21])[H:22])([O:8][H:14])[H:19])([H:17])[C:1]([O:7][H:13])([H:18])[C:3]([O:9][H:15])([H:20])[C:5]([O:11][H:25])([H:23])[O:6]1.[H:12][O:24][H:26],8.945147922530316,20.678948062939902,-4.547562141491406
GZCGUPFRVQAUEE_37_2-cata_3,[C:0]([C:1]([C:3]([C:5](=[O:11])[H:23])([O:9][H:15])[H:20])([O:7][H:13])[H:18])([C:2]([C:4]([O:10][H:16])([H:21])[H:22])([O:8][H:14])[H:19])([O:6][H:12])[H:17].[O:24]([H:25])[H:26],[C:0]1([C:2]([C:4]([O:10][H:16])([H:21])[H:22])([O:8][H:14])[H:19])([H:17])[C:1]([O:7][H:13])([H:18])[C:3]([O:9][H:15])([H:20])[C:5]([O:11][H:25])([H:23])[O:6]1.[H:12][O:24][H:26],15.580433375542633,26.820383539486294,-4.547562141491406
GZCGUPFRVQAUEE_39_0-cata_1,[C:0]([C:1]([C:3]([C:5](=[O:11])[H:23])([O:9][H:15])[H:20])([O:7][H:13])[H:18])([C:2]([C:4]([O:10][H:16])([H:21])[H:22])([O:8][H:14])[H:19])([O:6][H:12])[H:17].[O:24]([H:25])[H:26],[C:0]([C:1]([C:3]([C:5](=[O:11])[H:23])([O:9][H:15])[H:20])([O:7][H:13])[H:18])(=[O:6])[H:17].[C:2]([C:4]([O:10][H:16])([H:21])[H:22])([O:8][H:14])([H:19])[H:25].[H:12][O:24][H:26],72.58151382702066,78.79825044344827,17.93427342256215
GZCGUPFRVQAUEE_74_0-cata_0,[C:0]([C:1]([C:3]([C:5](=[O:11])[H:23])([O:9][H:15])[H:20])([O:7][H:13])[H:18])([C:2]([C:4]([O:10][H:16])([H:21])[H:22])([O:8][H:14])[H:19])([O:6][H:12])[H:17].[O:24]([H:25])[H:26],[C:0](=[C:1](/[C:3]([C:5](=[O:11])[H:23])([O:9][H:15])[H:20])[H:18])(\[C:2]([C:4]([O:10][H:16])([H:21])[H:22])([O:8][H:14])[H:19])[O:6][H:12].[H:17][O:24][H:26].[O:7]([H:13])[H:25],53.76626897901242,58.27868979346265,12.074569789674948
GZCGUPFRVQAUEE_74_0-cata_3,[C:0]([C:1]([C:3]([C:5](=[O:11])[H:23])([O:9][H:15])[H:20])([O:7][H:13])[H:18])([C:2]([C:4]([O:10][H:16])([H:21])[H:22])([O:8][H:14])[H:19])([O:6][H:12])[H:17].[O:24]([H:25])[H:26],[C:0](=[C:1](/[C:3]([C:5](=[O:11])[H:23])([O:9][H:15])[H:20])[H:18])(\[C:2]([C:4]([O:10][H:16])([H:21])[H:22])([O:8][H:14])[H:19])[O:6][H:12].[H:17][O:24][H:26].[O:7]([H:13])[H:25],56.22234116201798,60.32813582049608,12.074569789674948
GZCGUPFRVQAUEE_78_0-cata_1,[C:0]([C:1]([C:3]([C:5](=[O:11])[H:23])([O:9][H:15])[H:20])([O:7][H:13])[H:18])([C:2]([C:4]([O:10][H:16])([H:21])[H:22])([O:8][H:14])[H:19])([O:6][H:12])[H:17].[O:24]([H:25])[H:26],[C:0](\[C:1]([C:3]([C:5](=[O:11])[H:23])([O:9][H:15])[H:20])([O:7][H:13])[H:18])(=[C:2](/[C:4]([O:10][H:16])([H:21])[H:22])[H:19])[O:6][H:12].[H:17][O:24][H:26].[O:8]([H:14])[H:25],55.491920104007285,59.22183657200698,13.237093690248514
GZCGUPFRVQAUEE_78_0-cata_3,[C:0]([C:1]([C:3]([C:5](=[O:11])[H:23])([O:9][H:15])[H:20])([O:7][H:13])[H:18])([C:2]([C:4]([O:10][H:16])([H:21])[H:22])([O:8][H:14])[H:19])([O:6][H:12])[H:17].[O:24]([H:25])[H:26],[C:0](\[C:1]([C:3]([C:5](=[O:11])[H:23])([O:9][H:15])[H:20])([O:7][H:13])[H:18])(=[C:2](/[C:4]([O:10][H:16])([H:21])[H:22])[H:19])[O:6][H:12].[H:17][O:24][H:26].[O:8]([H:14])[H:25],46.03660695805224,53.335797461957824,13.237093690248514
GZCGUPFRVQAUEE_104_4-cata1_1,[C:0]([C:1]([C:3]([C:5](=[O:11])[H:23])([O:9][H:15])[H:20])([O:7][H:13])[H:18])([C:2]([C:4]([O:10][H:16])([H:21])[H:22])([O:8][H:14])[H:19])([O:6][H:12])[H:17].[O:24]([H:25])[H:26],[C:0]([C:1]([C:3]([C:5]([O:11][H:25])([H:20])[H:23])=[O:9])([O:7][H:13])[H:18])([C:2]([C:4]([O:10][H:16])([H:21])[H:22])([O:8][H:14])[H:19])([O:6][H:12])[H:17].[H:15][O:24][H:26],24.76340739854321,33.30820425994288,-2.5979923518164716
GZCGUPFRVQAUEE_104_4-cata1_4,[C:0]([C:1]([C:3]([C:5](=[O:11])[H:23])([O:9][H:15])[H:20])([O:7][H:13])[H:18])([C:2]([C:4]([O:10][H:16])([H:21])[H:22])([O:8][H:14])[H:19])([O:6][H:12])[H:17].[O:24]([H:25])[H:26],[C:0]([C:1]([C:3]([C:5]([O:11][H:25])([H:20])[H:23])=[O:9])([O:7][H:13])[H:18])([C:2]([C:4]([O:10][H:16])([H:21])[H:22])([O:8][H:14])[H:19])([O:6][H:12])[H:17].[H:15][O:24][H:26],23.299427734958407,31.884385204470703,-2.5979923518164716
GZCGUPFRVQAUEE_104_4-cata2_1,[C:0]([C:1]([C:3]([C:5](=[O:11])[H:23])([O:9][H:15])[H:25])([O:7][H:13])[H:18])([C:2]([C:4]([O:10][H:16])([H:21])[H:22])([O:8][H:14])[H:19])([O:6][H:12])[H:17].[H:20][O:24][H:26],[C:0]([C:1]([C:3]([C:5]([O:11][H:15])([H:23])[H:25])=[O:9])([O:7][H:13])[H:18])([C:2]([C:4]([O:10][H:16])([H:21])[H:22])([O:8][H:14])[H:19])([O:6][H:12])[H:17].[H:20][O:24][H:26],29.913377865024582,37.157975042496666,-2.5979923518164716
GZCGUPFRVQAUEE_104_4-cata2_4,[C:0]([C:1]([C:3]([C:5](=[O:11])[H:23])([O:9][H:15])[H:25])([O:7][H:13])[H:18])([C:2]([C:4]([O:10][H:16])([H:21])[H:22])([O:8][H:14])[H:19])([O:6][H:12])[H:17].[H:20][O:24][H:26],[C:0]([C:1]([C:3]([C:5]([O:11][H:15])([H:23])[H:25])=[O:9])([O:7][H:13])[H:18])([C:2]([C:4]([O:10][H:16])([H:21])[H:22])([O:8][H:14])[H:19])([O:6][H:12])[H:17].[H:20][O:24][H:26],28.35527177653475,36.31962235047312,-2.5979923518164716
GZCGUPFRVQAUEE_110_0-cata_1,[C:0]([C:1]([C:3]([C:5](=[O:11])[H:23])([O:9][H:25])[H:20])([O:7][H:13])[H:18])([C:2]([C:4]([O:10][H:16])([H:21])[H:22])([O:8][H:14])[H:19])([O:6][H:12])[H:17].[H:15][O:24][H:26],[C:0]([C:1](=[O:7])[H:18])([C:2]([C:4]([O:10][H:16])([H:21])[H:22])([O:8][H:14])[H:19])([O:6][H:12])[H:17].[C:3](=[C:5](\[O:11][H:15])[H:23])(\[O:9][H:25])[H:20].[H:13][O:24][H:26],23.52470364553169,32.154214289502846,29.244502868068814
GZCGUPFRVQAUEE_110_0-cata_3,[C:0]([C:1]([C:3]([C:5](=[O:11])[H:23])([O:9][H:25])[H:20])([O:7][H:13])[H:18])([C:2]([C:4]([O:10][H:16])([H:21])[H:22])([O:8][H:14])[H:19])([O:6][H:12])[H:17].[H:15][O:24][H:26],[C:0]([C:1]([C:3]1([H:20])[C:5]([O:11][H:12])([H:23])[O:9]1)([O:7][H:13])[H:18])([C:2]([C:4]([O:10][H:16])([H:21])[H:22])([O:8][H:14])[H:19])([O:6][H:15])[H:17].[O:24]([H:25])[H:26],24.631002894020803,33.59121104444176,22.85396749521985
GZCGUPFRVQAUEE_170_0-cata_2,[C:0]([C:1]([C:3]([C:5](=[O:11])[H:23])([O:9][H:15])[H:20])([O:7][H:13])[H:18])([C:2]([C:4]([O:10][H:16])([H:21])[H:22])([O:8][H:14])[H:19])([O:6][H:12])[H:17].[O:24]([H:25])[H:26],[C:0]([C:1](/[C:3](=[C:5](\[O:11][H:16])[H:23])[O:9][H:15])([O:7][H:13])[H:18])([C:2]([C:4]([O:10][H:26])([H:21])[H:22])([O:8][H:14])[H:19])([O:6][H:12])[H:17].[H:20][O:24][H:25],24.368703923040982,36.06987356946161,7.982074569789659
GZCGUPFRVQAUEE_222_10-cata1_0,[C:0]([C:1]([C:3]([C:5](=[O:11])[H:23])([O:9][H:15])[H:20])([O:7][H:13])[H:18])([C:2]([C:4]([O:10][H:16])([H:21])[H:22])([O:8][H:14])[H:19])([O:6][H:12])[H:17].[O:24]([H:25])[H:26],[C:0]([C:1](/[C:3](=[C:5](\[O:11][H:26])[H:23])[O:9][H:15])([O:7][H:13])[H:18])([C:2]([C:4]([O:10][H:16])([H:21])[H:22])([O:8][H:14])[H:19])([O:6][H:12])[H:17].[H:20][O:24][H:25],34.98992972004865,43.45754291300051,7.982074569789659
GZCGUPFRVQAUEE_222_10-cata1_4,[C:0]([C:1]([C:3]([C:5](=[O:11])[H:23])([O:9][H:15])[H:20])([O:7][H:25])[H:18])([C:2]([C:4]([O:10][H:16])([H:21])[H:22])([O:8][H:13])[H:19])([O:6][H:12])[H:17].[H:14][O:24][H:26],[C:0]([C:1](/[C:3](=[C:5](\[O:11][H:25])[H:23])[O:9][H:15])([O:7][H:13])[H:18])([C:2]([C:4]([O:10][H:16])([H:21])[H:22])([O:8][H:14])[H:19])([O:6][H:12])[H:17].[H:20][O:24][H:26],35.912368685002576,42.91160964795207,7.982074569789659
GZCGUPFRVQAUEE_222_6-cata2_2,[C:0]([C:1]([C:3]([C:5](=[O:11])[H:23])([O:9][H:15])[H:20])([O:7][H:13])[H:18])([C:2]([C:4]([O:10][H:16])([H:21])[H:22])([O:8][H:14])[H:19])([O:6][H:12])[H:17].[O:24]([H:25])[H:26],[C:0]([C:1](/[C:3](=[C:5](\[O:11][H:26])[H:23])[O:9][H:15])([O:7][H:13])[H:18])([C:2]([C:4]([O:10][H:16])([H:21])[H:22])([O:8][H:14])[H:19])([O:6][H:12])[H:17].[H:20][O:24][H:25],35.83267497856111,44.84245637949958,7.982074569789659
GZCGUPFRVQAUEE_19_0-cata_4,[C:0]([C:1]([C:3]([C:5](=[O:11])[H:23])([O:9][H:15])[H:20])([O:7][H:13])[H:18])([C:2]([C:4]([O:10][H:16])([H:21])[H:22])([O:8][H:14])[H:19])([O:6][H:25])[H:17].[H:12][O:24][H:26],[C:0]([C:1]1([H:18])[C:3]([O:9][H:15])([H:20])[C:5]([O:11][H:13])([H:23])[O:7]1)([C:2]([C:4]([O:10][H:16])([H:21])[H:22])([O:8][H:14])[H:19])([O:6][H:25])[H:17].[H:12][O:24][H:26],28.057832273500978,41.29012509997957,6.809273422562144
GZCGUPFRVQAUEE_222_13-cata1_3,[C:0]([C:1]([C:3]([C:5](=[O:11])[H:23])([O:9][H:15])[H:20])([O:7][H:13])[H:18])([C:2]([C:4]([O:10][H:16])([H:21])[H:22])([O:8][H:14])[H:19])([O:6][H:12])[H:17].[O:24]([H:25])[H:26],[C:0]1([O:6][H:12])([H:17])[C:1]([O:7][H:13])([H:18])[C:3]([O:9][H:15])([H:20])[C:5]([O:11][H:25])([H:23])[O:8][C:2]1([C:4]([O:10][H:16])([H:21])[H:22])[H:19].[H:14][O:24][H:26],21.115694674978656,31.243698004947472,-4.853728489483745
GZCGUPFRVQAUEE_252_0-cata1_4,[C:0]([C:1]([C:3]([C:5](=[O:11])[H:23])([O:9][H:15])[H:20])([O:7][H:13])[H:18])([C:2]([C:4]([O:10][H:16])([H:21])[H:22])([O:8][H:14])[H:19])([O:6][H:12])[H:17].[O:24]([H:25])[H:26],[C:0]1([O:6][H:12])([H:17])[C:1]([O:7][H:13])([H:18])[C:3]([O:9][H:15])([H:20])[C:5]([O:11][H:25])([H:23])[O:8][C:2]1([C:4]([O:10][H:16])([H:21])[H:22])[H:19].[H:14][O:24][H:26],20.7542492029638,30.276705865463345,-4.853728489483745
GZCGUPFRVQAUEE_222_6-cata1_4,[C:0]([C:1]([C:3]([C:5](=[O:11])[H:23])([O:9][H:15])[H:20])([O:7][H:13])[H:18])([C:2]([C:4]([O:10][H:16])([H:21])[H:22])([O:8][H:14])[H:19])([O:6][H:12])[H:17].[O:24]([H:25])[H:26],[C:0]1([C:2]([C:4]([O:10][H:16])([H:21])[H:22])([O:8][H:12])[H:19])([H:17])[C:1]([O:7][H:13])([H:18])[C:3]([O:9][H:15])([H:20])[C:5]([O:11][H:25])([H:23])[O:6]1.[H:14][O:24][H:26],18.54918082003792,29.486043895462068,-4.547562141491406
GZCGUPFRVQAUEE_310_0-cata1_2,[C:0]([C:1]([C:3]([C:5](=[O:11])[H:23])([O:9][H:15])[H:20])([O:7][H:13])[H:18])([C:2]([C:4]([O:10][H:16])([H:21])[H:22])([O:8][H:14])[H:19])([O:6][H:12])[H:17].[O:24]([H:25])[H:26],[C:0](/[C:1](=[C:3](\[O:9][H:15])[H:20])[O:7][H:13])([C:2]([C:4]([O:10][H:16])([H:21])[H:22])([O:8][H:14])[H:19])([O:6][H:12])[H:17].[C:5](=[O:11])([H:18])[H:23].[O:24]([H:25])[H:26],30.805068864556148,41.40182179098292,27.499043977055404
GZCGUPFRVQAUEE_314_2-cata2_0,[C:0]([C:1]([C:3]([C:5](=[O:11])[H:23])([O:9][H:15])[H:25])([O:7][H:13])[H:18])([C:2]([C:4]([O:10][H:16])([H:21])[H:22])([O:8][H:14])[H:19])([O:6][H:12])[H:17].[H:20][O:24][H:26],[C:0]([C:1]([C:3]([C:5]([O:11])([H:23])[H:25])[O:9][H:15])([O:7][H:13])[H:18])([C:2]([C:4]([O:10][H:16])([H:21])[H:22])([O:8][H:14])[H:19])([O:6][H:12])[H:17].[H:20][O:24][H:26],32.7390531435244,40.80066769000256,TCIT fails
GZCGUPFRVQAUEE_314_3-cata1_0,[C:0]([C:1]([C:3]([C:5](=[O:11])[H:23])([O:9][H:15])[H:20])([O:7][H:13])[H:18])([C:2]([C:4]([O:10][H:16])([H:21])[H:22])([O:8][H:14])[H:19])([O:6][H:12])[H:17].[O:24]([H:25])[H:26],[C:0]([C:1]([C:3]([C:5]([O:11][H:13])([H:20])[H:23])[O:9][H:15])([O:7])[H:18])([C:2]([C:4]([O:10][H:16])([H:21])[H:22])([O:8][H:14])[H:19])([O:6][H:12])[H:17].[O:24]([H:25])[H:26],33.12308895748222,41.64404045794209,TCIT fails
GZCGUPFRVQAUEE_314_3-cata1_1,[C:0]([C:1]([C:3]([C:5](=[O:11])[H:23])([O:9][H:15])[H:20])([O:7][H:13])[H:18])([C:2]([C:4]([O:10][H:16])([H:21])[H:22])([O:8][H:14])[H:19])([O:6][H:12])[H:17].[O:24]([H:25])[H:26],[C:0]([C:1]([C:3]([C:5]([O:11][H:13])([H:20])[H:23])[O:9][H:15])([O:7])[H:18])([C:2]([C:4]([O:10][H:16])([H:21])[H:22])([O:8][H:14])[H:19])([O:6][H:12])[H:17].[O:24]([H:25])[H:26],29.71131980603536,38.5679888890037,TCIT fails
AVVWPBAENSWJCB_121_0-cata_4,[C:0]1([O:7][H:12])([H:17])[C:2]([O:8][H:13])([H:19])[C:3]([O:9][H:14])([H:20])[C:1]([C:4]([C:5]([O:11][H:16])([H:22])[H:23])([O:10][H:15])[H:21])([H:18])[O:6]1.[O:24]([H:25])[H:26],[C:0]([C:2]([C:3](/[C:1](=[C:4](/[C:5]([O:11][H:16])([H:22])[H:23])[O:10][H:15])[H:18])([O:9][H:14])[H:20])([O:8][H:13])[H:19])([O:6][H:25])([O:7][H:12])[H:17].[H:21][O:24][H:26],51.08303835693833,56.329017776962665,7.9077437858508635
AVVWPBAENSWJCB_133_0-cata_0,[C:0]1([O:7][H:12])([H:17])[C:2]([O:8][H:13])([H:19])[C:3]([O:9][H:14])([H:20])[C:1]([C:4]([C:5]([O:11][H:16])([H:22])[H:23])([O:10][H:15])[H:21])([H:18])[O:6]1.[O:24]([H:25])[H:26],[C:0]1([O:7][H:12])([H:17])[C:2]([O:8][H:13])([H:19])[C:3]([H:20])=[C:1]([C:4]([C:5]([O:11][H:16])([H:22])[H:23])([O:10][H:15])[H:21])[O:6]1.[H:18][O:24][H:26].[O:9]([H:14])[H:25],52.24581346049887,59.4094619124613,12.998565965583166
AVVWPBAENSWJCB_133_0-cata_3,[C:0]1([O:7][H:12])([H:17])[C:2]([O:8][H:13])([H:19])[C:3]([O:9][H:14])([H:20])[C:1]([C:4]([C:5]([O:11][H:16])([H:22])[H:23])([O:10][H:15])[H:21])([H:18])[O:6]1.[O:24]([H:25])[H:26],[C:0]1([O:7][H:12])([H:17])[C:2]([O:8][H:13])([H:19])[C:3]([H:20])=[C:1]([C:4]([C:5]([O:11][H:16])([H:22])[H:23])([O:10][H:15])[H:21])[O:6]1.[H:18][O:24][H:26].[O:9]([H:14])[H:25],50.90670818752682,57.59721447647106,12.998565965583166
AVVWPBAENSWJCB_133_0-cata_4,[C:0]1([O:7][H:12])([H:17])[C:2]([O:8][H:13])([H:19])[C:3]([O:9][H:14])([H:20])[C:1]([C:4]([C:5]([O:11][H:16])([H:22])[H:23])([O:10][H:15])[H:21])([H:18])[O:6]1.[O:24]([H:25])[H:26],[C:0]1([O:7][H:12])([H:17])[C:2]([O:8][H:13])([H:19])[C:3]([H:20])=[C:1]([C:4]([C:5]([O:11][H:16])([H:22])[H:23])([O:10][H:15])[H:21])[O:6]1.[H:18][O:24][H:26].[O:9]([H:14])[H:25],53.9294214489572,58.714808896002985,12.998565965583166
AVVWPBAENSWJCB_138_0-cata_3,[C:0]1([O:7][H:12])([H:17])[C:2]([O:8][H:13])([H:19])[C:3]([O:9][H:14])([H:20])[C:1]([C:4]([C:5]([O:11][H:16])([H:22])[H:23])([O:10][H:15])[H:21])([H:18])[O:6]1.[O:24]([H:25])[H:26],[C:0]1([O:7][H:12])([H:17])[C:2]([O:8][H:13])([H:19])[C:3]([O:9][H:14])([H:20])/[C:1](=[C:4](/[C:5]([O:11][H:16])([H:22])[H:23])[H:21])[O:6]1.[H:18][O:24][H:26].[O:10]([H:15])[H:25],57.393901398485,61.959660520514575,6.814770554493289
AVVWPBAENSWJCB_151_0-cata_1,[C:0]1([O:7][H:12])([H:17])[C:2]([O:8][H:13])([H:19])[C:3]([O:9][H:14])([H:20])[C:1]([C:4]([C:5]([O:11][H:16])([H:22])[H:23])([O:10][H:15])[H:21])([H:18])[O:6]1.[O:24]([H:25])[H:26],[C:0]([C:2](=[O:8])[H:19])([O:6][C:1]([C:3]([O:9][H:14])([H:20])[H:25])([C:4]([C:5]([O:11][H:16])([H:22])[H:23])([O:10][H:15])[H:21])[H:18])([O:7][H:12])[H:17].[H:13][O:24][H:26],69.99052710149903,75.82573794196249,11.978250478011462
AVVWPBAENSWJCB_151_0-cata_2,[C:0]1([O:7][H:12])([H:17])[C:2]([O:8][H:13])([H:19])[C:3]([O:9][H:14])([H:20])[C:1]([C:4]([C:5]([O:11][H:16])([H:22])[H:23])([O:10][H:15])[H:21])([H:18])[O:6]1.[O:24]([H:25])[H:26],[C:0]([C:2](=[O:8])[H:19])([O:6][C:1]([C:3]([O:9][H:14])([H:20])[H:25])([C:4]([C:5]([O:11][H:16])([H:22])[H:23])([O:10][H:15])[H:21])[H:18])([O:7][H:12])[H:17].[H:13][O:24][H:26],68.96768661644188,74.45651221299515,11.978250478011462
AVVWPBAENSWJCB_154_0-cata_0,[C:0]1([O:7][H:12])([H:17])[C:2]([O:8][H:13])([H:19])[C:3]([O:9][H:14])([H:20])[C:1]([C:4]([C:5]([O:11][H:16])([H:22])[H:23])([O:10][H:15])[H:21])([H:18])[O:6]1.[O:24]([H:25])[H:26],[C:0]([C:2]([O:8][H:13])([H:19])[H:25])([O:6][C:1]([C:3](=[O:9])[H:20])([C:4]([C:5]([O:11][H:16])([H:22])[H:23])([O:10][H:15])[H:21])[H:18])([O:7][H:12])[H:17].[H:14][O:24][H:26],66.40807536598372,72.56080601350159,9.0788718929254
AVVWPBAENSWJCB_154_0-cata_1,[C:0]1([O:7][H:12])([H:17])[C:2]([O:8][H:13])([H:19])[C:3]([O:9][H:14])([H:20])[C:1]([C:4]([C:5]([O:11][H:16])([H:22])[H:23])([O:10][H:15])[H:21])([H:18])[O:6]1.[O:24]([H:25])[H:26],[C:0]([C:2]([O:8][H:13])([H:19])[H:25])([O:6][C:1]([C:3](=[O:9])[H:20])([C:4]([C:5]([O:11][H:16])([H:22])[H:23])([O:10][H:15])[H:21])[H:18])([O:7][H:12])[H:17].[H:14][O:24][H:26],71.15706726205005,76.50344820196358,9.0788718929254
AVVWPBAENSWJCB_154_0-cata_2,[C:0]1([O:7][H:12])([H:17])[C:2]([O:8][H:13])([H:19])[C:3]([O:9][H:14])([H:20])[C:1]([C:4]([C:5]([O:11][H:16])([H:22])[H:23])([O:10][H:15])[H:21])([H:18])[O:6]1.[O:24]([H:25])[H:26],[C:0]([C:2]([O:8][H:13])([H:19])[H:25])([O:6][C:1]([C:3](=[O:9])[H:20])([C:4]([C:5]([O:11][H:16])([H:22])[H:23])([O:10][H:15])[H:21])[H:18])([O:7][H:12])[H:17].[H:14][O:24][H:26],66.91698557048295,73.37531334451401,9.0788718929254
AVVWPBAENSWJCB_154_0-cata_4,[C:0]1([O:7][H:12])([H:17])[C:2]([O:8][H:13])([H:19])[C:3]([O:9][H:14])([H:20])[C:1]([C:4]([C:5]([O:11][H:16])([H:22])[H:23])([O:10][H:15])[H:21])([H:18])[O:6]1.[O:24]([H:25])[H:26],[C:0]([C:2]([O:8][H:13])([H:19])[H:25])([O:6][C:1]([C:3](=[O:9])[H:20])([C:4]([C:5]([O:11][H:16])([H:22])[H:23])([O:10][H:15])[H:21])[H:18])([O:7][H:12])[H:17].[H:14][O:24][H:26],65.6763992889762,71.37355803950284,9.0788718929254
AVVWPBAENSWJCB_167_0-cata_0,[C:0]1([O:7][H:12])([H:17])[C:2]([O:8][H:13])([H:19])[C:3]([O:9][H:14])([H:20])[C:1]([C:4]([C:5]([O:11][H:16])([H:22])[H:23])([O:10][H:15])[H:21])([H:18])[O:6]1.[O:24]([H:25])[H:26],[C:0]1([O:7][H:12])([H:17])[C:2]([O:8][H:13])=[C:3]([H:20])[C:1]([C:4]([C:5]([O:11][H:16])([H:22])[H:23])([O:10][H:15])[H:21])([H:18])[O:6]1.[H:19][O:24][H:26].[O:9]([H:14])[H:25],58.28496488851815,62.985638552992455,10.20243785850858
AVVWPBAENSWJCB_185_0-cata_0,[C:0]1([O:7][H:12])([H:17])[C:2]([O:8][H:13])([H:19])[C:3]([O:9][H:14])([H:20])[C:1]([C:4]([C:5]([O:11][H:16])([H:22])[H:23])([O:10][H:15])[H:21])([H:18])[O:6]1.[O:24]([H:25])[H:26],[C:0]1([O:7][H:12])([H:17])[C:2]([O:8][H:13])([H:19])[C:3]([O:9][H:14])([H:20])[C:1]([C:4](=[O:10])[H:21])([H:18])[O:6]1.[C:5]([O:11][H:16])([H:22])([H:23])[H:25].[H:15][O:24][H:26],68.07913316447373,74.63095985398274,15.11281070745697
AVVWPBAENSWJCB_23_0-cata_0,[C:0]1([O:7][H:12])([H:17])[C:2]([O:8][H:13])([H:19])[C:3]([O:9][H:14])([H:20])[C:1]([C:4]([C:5]([O:11][H:16])([H:22])[H:23])([O:10][H:15])[H:21])([H:18])[O:6]1.[O:24]([H:25])[H:26],[C:0]([O:6][C:1]([C:3]([C:2](=[O:8])[H:19])([O:9][H:14])[H:20])([C:4]([C:5]([O:11][H:16])([H:22])[H:23])([O:10][H:15])[H:21])[H:18])([O:7][H:12])([H:17])[H:25].[H:13][O:24][H:26],72.88648344396407,78.73863704095609,15.049474187380465
AVVWPBAENSWJCB_29_1-cata_0,[C:0]1([O:7][H:12])([H:17])[C:2]([O:8][H:13])([H:19])[C:3]([O:9][H:14])([H:20])[C:1]([C:4]([C:5]([O:11][H:16])([H:22])[H:23])([O:10][H:15])[H:21])([H:18])[O:6]1.[O:24]([H:25])[H:26],[C:0]([C:2]([C:3]([C:1]([C:4]([C:5]([O:11][H:16])([H:22])[H:23])([O:10][H:15])[H:21])([O:6][H:25])[H:18])([O:9][H:14])[H:20])([O:8][H:13])[H:19])(=[O:7])[H:17].[H:12][O:24][H:26],21.55118626802058,27.790513226462497,4.547562141491406
AVVWPBAENSWJCB_29_1-cata_1,[C:0]1([O:7][H:12])([H:17])[C:2]([O:8][H:13])([H:19])[C:3]([O:9][H:14])([H:20])[C:1]([C:4]([C:5]([O:11][H:16])([H:22])[H:23])([O:10][H:15])[H:21])([H:18])[O:6]1.[O:24]([H:25])[H:26],[C:0]([C:2]([C:3]([C:1]([C:4]([C:5]([O:11][H:16])([H:22])[H:23])([O:10][H:15])[H:21])([O:6][H:25])[H:18])([O:9][H:14])[H:20])([O:8][H:13])[H:19])(=[O:7])[H:17].[H:12][O:24][H:26],18.004502573986308,24.568251943965212,4.547562141491406
AVVWPBAENSWJCB_29_1-cata_3,[C:0]1([O:7][H:12])([H:17])[C:2]([O:8][H:13])([H:19])[C:3]([O:9][H:14])([H:20])[C:1]([C:4]([C:5]([O:11][H:16])([H:22])[H:23])([O:10][H:15])[H:21])([H:18])[O:6]1.[O:24]([H:25])[H:26],[C:0]([C:2]([C:3]([C:1]([C:4]([C:5]([O:11][H:16])([H:22])[H:23])([O:10][H:15])[H:21])([O:6][H:25])[H:18])([O:9][H:14])[H:20])([O:8][H:13])[H:19])(=[O:7])[H:17].[H:12][O:24][H:26],20.161252725534183,27.2790929839696,4.547562141491406
AVVWPBAENSWJCB_45_1-cata_0,[C:0]1([O:7][H:12])([H:17])[C:2]([O:8][H:13])([H:19])[C:3]([O:9][H:14])([H:20])[C:1]([C:4]([C:5]([O:11][H:16])([H:22])[H:23])([O:10][H:15])[H:21])([H:18])[O:6]1.[O:24]([H:25])[H:26],[C:0]([C:2]([C:3]([C:1]1([H:18])[C:4]([O:10][H:15])([H:21])[C:5]([H:22])([H:23])[O:11]1)([O:9][H:14])[H:20])([O:8][H:13])[H:19])([O:6][H:25])([O:7][H:12])[H:17].[H:16][O:24][H:26],36.05795088899172,44.747702444953454,15.83436902485659
BJHIKXHVCXFQLS_101_4-cata1_1,[C:0]([C:1]([C:5]([C:4]([O:10][H:16])([H:22])[H:23])=[O:11])([O:7][H:13])[H:18])([C:2]([C:3]([O:9][H:15])([H:20])[H:21])([O:8][H:14])[H:19])([O:6][H:12])[H:17].[O:24]([H:25])[H:26],[C:0]([C:1]([C:5]([C:4](=[O:10])[H:23])([O:11][H:25])[H:22])([O:7][H:13])[H:18])([C:2]([C:3]([O:9][H:15])([H:20])[H:21])([O:8][H:14])[H:19])([O:6][H:12])[H:17].[H:16][O:24][H:26],27.463580777003187,36.20541562147611,2.5979923518164716
BJHIKXHVCXFQLS_101_4-cata1_3,[C:0]([C:1]([C:5]([C:4]([O:10][H:16])([H:22])[H:23])=[O:11])([O:7][H:13])[H:18])([C:2]([C:3]([O:9][H:15])([H:20])[H:21])([O:8][H:14])[H:19])([O:6][H:12])[H:17].[O:24]([H:25])[H:26],[C:0]([C:1]([C:5]([C:4](=[O:10])[H:23])([O:11][H:25])[H:22])([O:7][H:13])[H:18])([C:2]([C:3]([O:9][H:15])([H:20])[H:21])([O:8][H:14])[H:19])([O:6][H:12])[H:17].[H:16][O:24][H:26],31.613301100513063,39.91148672846466,2.5979923518164716
BJHIKXHVCXFQLS_101_5-cata1_4,[C:0]([C:1]([C:5]([C:4]([O:10][H:16])([H:22])[H:23])=[O:11])([O:7][H:13])[H:18])([C:2]([C:3]([O:9][H:15])([H:20])[H:21])([O:8][H:14])[H:19])([O:6][H:12])[H:17].[O:24]([H:25])[H:26],[C:0]([C:1]([C:5]([C:4](=[O:10])[H:23])([O:11][H:25])[H:22])([O:7][H:13])[H:18])([C:2]([C:3]([O:9][H:15])([H:20])[H:21])([O:8][H:14])[H:19])([O:6][H:12])[H:17].[H:16][O:24][H:26],35.582926197478265,42.71017909846125,2.5979923518164716
BJHIKXHVCXFQLS_10_4-cata1_0,[C:0]([C:1]([C:5]([C:4]([O:10][H:16])([H:22])[H:23])=[O:11])([O:7][H:13])[H:18])([C:2]([C:3]([O:9][H:15])([H:20])[H:21])([O:8][H:14])[H:19])([O:6][H:12])[H:17].[O:24]([H:25])[H:26],[C:0]([C:1]([C:5]([C:4]([O:10][H:16])([H:22])[H:23])([O:11][H:25])[H:17])([O:7][H:13])[H:18])([C:2]([C:3]([O:9][H:15])([H:20])[H:21])([O:8][H:14])[H:19])=[O:6].[H:12][O:24][H:26],43.62508794950554,52.691972715013854,2.1469885277246528
BJHIKXHVCXFQLS_10_4-cata1_1,[C:0]([C:1]([C:5]([C:4]([O:10][H:16])([H:22])[H:23])=[O:11])([O:7][H:13])[H:18])([C:2]([C:3]([O:9][H:15])([H:20])[H:21])([O:8][H:14])[H:19])([O:6][H:12])[H:17].[O:24]([H:25])[H:26],[C:0]([C:1]([C:5]([C:4]([O:10][H:16])([H:22])[H:23])([O:11][H:25])[H:17])([O:7][H:13])[H:18])([C:2]([C:3]([O:9][H:15])([H:20])[H:21])([O:8][H:14])[H:19])=[O:6].[H:12][O:24][H:26],37.63174471501328,47.27154565400192,2.1469885277246528
BJHIKXHVCXFQLS_141_0-cata_3,[C:0]([C:1]([C:5]([C:4]([O:10][H:16])([H:22])[H:23])=[O:11])([O:7][H:13])[H:18])([C:2]([C:3]([O:9][H:15])([H:20])[H:21])([O:8][H:14])[H:19])([O:6][H:12])[H:17].[O:24]([H:25])[H:26],[C:0](/[C:1](=[C:5](/[C:4]([O:10][H:16])([H:22])[H:23])[O:11][H:25])[O:7][H:13])([C:2]([C:3]([O:9][H:15])([H:20])[H:21])([O:8][H:14])[H:19])([O:6][H:12])[H:17].[H:18][O:24][H:26],30.88350755200079,42.472352997991,4.635277246653921
BJHIKXHVCXFQLS_141_0-cata_4,[C:0]([C:1]([C:5]([C:4]([O:10][H:16])([H:22])[H:23])=[O:11])([O:7][H:13])[H:18])([C:2]([C:3]([O:9][H:15])([H:20])[H:21])([O:8][H:14])[H:19])([O:6][H:12])[H:17].[O:24]([H:25])[H:26],[C:0](/[C:1](=[C:5](/[C:4]([O:10][H:16])([H:22])[H:23])[O:11][H:25])[O:7][H:13])([C:2]([C:3]([O:9][H:15])([H:20])[H:21])([O:8][H:14])[H:19])([O:6][H:12])[H:17].[H:18][O:24][H:26],40.91048185251066,50.45239130946109,4.635277246653921
BJHIKXHVCXFQLS_141_10-cata2_1,[C:0]([C:1]([C:5]([C:4]([O:10][H:16])([H:22])[H:23])=[O:11])([O:7][H:13])[H:18])([C:2]([C:3]([O:9][H:15])([H:20])[H:21])([O:8][H:14])[H:19])([O:6][H:12])[H:17].[O:24]([H:25])[H:26],[C:0](/[C:1](=[C:5](/[C:4]([O:10][H:16])([H:22])[H:23])[O:11][H:25])[O:7][H:13])([C:2]([C:3]([O:9][H:15])([H:20])[H:21])([O:8][H:14])[H:19])([O:6][H:12])[H:17].[H:18][O:24][H:26],45.036356815009405,53.09232377600182,4.635277246653921
BJHIKXHVCXFQLS_141_10-cata2_2,[C:0]([C:1]([C:5]([C:4]([O:10][H:16])([H:22])[H:23])=[O:11])([O:7][H:13])[H:18])([C:2]([C:3]([O:9][H:15])([H:20])[H:21])([O:8][H:14])[H:19])([O:6][H:12])[H:17].[O:24]([H:25])[H:26],[C:0](/[C:1](=[C:5](/[C:4]([O:10][H:16])([H:22])[H:23])[O:11][H:25])[O:7][H:13])([C:2]([C:3]([O:9][H:15])([H:20])[H:21])([O:8][H:14])[H:19])([O:6][H:12])[H:17].[H:18][O:24][H:26],36.09622896853775,46.17152150049697,4.635277246653921
BJHIKXHVCXFQLS_141_10-cata2_3,[C:0]([C:1]([C:5]([C:4]([O:10][H:16])([H:22])[H:23])=[O:11])([O:7][H:13])[H:18])([C:2]([C:3]([O:9][H:15])([H:20])[H:21])([O:8][H:14])[H:19])([O:6][H:12])[H:17].[O:24]([H:25])[H:26],[C:0](/[C:1](=[C:5](/[C:4]([O:10][H:16])([H:22])[H:23])[O:11][H:25])[O:7][H:13])([C:2]([C:3]([O:9][H:15])([H:20])[H:21])([O:8][H:14])[H:19])([O:6][H:12])[H:17].[H:18][O:24][H:26],41.24055184953339,49.72824534650589,4.635277246653921
BJHIKXHVCXFQLS_141_10-cata2_4,[C:0]([C:1]([C:5]([C:4]([O:10][H:16])([H:22])[H:23])=[O:11])([O:7][H:13])[H:18])([C:2]([C:3]([O:9][H:15])([H:20])[H:21])([O:8][H:14])[H:19])([O:6][H:12])[H:17].[O:24]([H:25])[H:26],[C:0](/[C:1](=[C:5](/[C:4]([O:10][H:16])([H:22])[H:23])[O:11][H:25])[O:7][H:13])([C:2]([C:3]([O:9][H:15])([H:20])[H:21])([O:8][H:14])[H:19])([O:6][H:12])[H:17].[H:18][O:24][H:26],43.34710124099399,50.96067400446192,4.635277246653921
BJHIKXHVCXFQLS_141_4-cata1_1,[C:0]([C:1]([C:5]([C:4]([O:10][H:16])([H:22])[H:23])=[O:11])([O:7][H:13])[H:18])([C:2]([C:3]([O:9][H:15])([H:20])[H:21])([O:8][H:14])[H:19])([O:6][H:12])[H:17].[O:24]([H:25])[H:26],[C:0](/[C:1](=[C:5](/[C:4]([O:10][H:16])([H:22])[H:23])[O:11][H:25])[O:7][H:13])([C:2]([C:3]([O:9][H:15])([H:20])[H:21])([O:8][H:14])[H:19])([O:6][H:12])[H:17].[H:18][O:24][H:26],34.76528131897378,44.683696475972376,4.635277246653921
BJHIKXHVCXFQLS_141_5-cata1_1,[C:0]([C:1]([C:5]([C:4]([O:10][H:16])([H:22])[H:23])=[O:11])([O:7][H:13])[H:18])([C:2]([C:3]([O:9][H:15])([H:20])[H:21])([O:8][H:14])[H:19])([O:6][H:12])[H:17].[O:24]([H:25])[H:26],[C:0](/[C:1](=[C:5](/[C:4]([O:10][H:16])([H:22])[H:23])[O:11][H:25])[O:7][H:13])([C:2]([C:3]([O:9][H:15])([H:20])[H:21])([O:8][H:14])[H:19])([O:6][H:12])[H:17].[H:18][O:24][H:26],34.90960850396608,43.812713289959866,4.635277246653921
BJHIKXHVCXFQLS_141_5-cata1_2,[C:0]([C:1]([C:5]([C:4]([O:10][H:16])([H:22])[H:23])=[O:11])([O:7][H:13])[H:18])([C:2]([C:3]([O:9][H:15])([H:20])[H:21])([O:8][H:14])[H:19])([O:6][H:12])[H:17].[O:24]([H:25])[H:26],[C:0](/[C:1](=[C:5](/[C:4]([O:10][H:16])([H:22])[H:23])[O:11][H:25])[O:7][H:13])([C:2]([C:3]([O:9][H:15])([H:20])[H:21])([O:8][H:14])[H:19])([O:6][H:12])[H:17].[H:18][O:24][H:26],39.48164272097981,47.603498179519896,4.635277246653921
BJHIKXHVCXFQLS_141_7-cata2_1,[C:0]([C:1]([C:5]([C:4]([O:10][H:16])([H:22])[H:23])=[O:11])([O:7][H:13])[H:18])([C:2]([C:3]([O:9][H:15])([H:20])[H:21])([O:8][H:14])[H:19])([O:6][H:12])[H:17].[O:24]([H:25])[H:26],[C:0](/[C:1](=[C:5](/[C:4]([O:10][H:16])([H:22])[H:23])[O:11][H:25])[O:7][H:13])([C:2]([C:3]([O:9][H:15])([H:20])[H:21])([O:8][H:14])[H:19])([O:6][H:12])[H:17].[H:18][O:24][H:26],31.06297526897572,41.28322249549699,4.635277246653921
BJHIKXHVCXFQLS_141_8-cata2_4,[C:0]([C:1]([C:5]([C:4]([O:10][H:16])([H:22])[H:23])=[O:11])([O:7][H:13])[H:18])([C:2]([C:3]([O:9][H:15])([H:20])[H:21])([O:8][H:14])[H:19])([O:6][H:12])[H:17].[O:24]([H:25])[H:26],[C:0](/[C:1](=[C:5](\[C:4]([O:10][H:16])([H:22])[H:23])[O:11][H:25])[O:7][H:13])([C:2]([C:3]([O:9][H:15])([H:20])[H:21])([O:8][H:14])[H:19])([O:6][H:12])[H:17].[H:18][O:24][H:26],38.52343571447351,48.93381831951413,4.635277246653921
BJHIKXHVCXFQLS_157_0-cata_0,[C:0]([C:1]([C:5]([C:4]([O:10][H:16])([H:22])[H:23])=[O:11])([O:7][H:13])[H:18])([C:2]([C:3]([O:9][H:15])([H:20])[H:21])([O:8][H:14])[H:19])([O:6][H:12])[H:17].[O:24]([H:25])[H:26],[C:0]([C:1]([C:5]([C:4]([O:10][H:16])([H:22])[H:23])=[O:11])([O:7][H:13])[H:18])([C:2](=[O:8])[H:19])([O:6][H:12])[H:17].[C:3]([O:9][H:15])([H:20])([H:21])[H:25].[H:14][O:24][H:26],64.61339819602046,70.88472813902425,16.463193116634812
BJHIKXHVCXFQLS_171_2-cata_0,[C:0]([C:1]([C:5]([C:4]([O:10][H:16])([H:22])[H:23])=[O:11])([O:7][H:13])[H:18])([C:2]([C:3]([O:9][H:15])([H:20])[H:21])([O:8][H:14])[H:19])([O:6][H:12])[H:17].[O:24]([H:25])[H:26],[C:0]1([O:6][H:12])([H:17])[C:1]([O:7][H:13])([H:18])[C:5]([C:4]([O:10][H:16])([H:22])[H:23])([O:11][H:25])[O:8][C:2]1([C:3]([O:9][H:15])([H:20])[H:21])[H:19].[H:14][O:24][H:26],14.218737760484942,24.027966264473854,1.2425908221797488
BJHIKXHVCXFQLS_171_2-cata_1,[C:0]([C:1]([C:5]([C:4]([O:10][H:16])([H:22])[H:23])=[O:11])([O:7][H:13])[H:18])([C:2]([C:3]([O:9][H:15])([H:20])[H:21])([O:8][H:14])[H:19])([O:6][H:12])[H:17].[O:24]([H:25])[H:26],[C:0]1([O:6][H:12])([H:17])[C:1]([O:7][H:13])([H:18])[C:5]([C:4]([O:10][H:16])([H:22])[H:23])([O:11][H:25])[O:8][C:2]1([C:3]([O:9][H:15])([H:20])[H:21])[H:19].[H:14][O:24][H:26],12.60478332649343,22.94425735799905,1.2425908221797488
BJHIKXHVCXFQLS_171_2-cata_3,[C:0]([C:1]([C:5]([C:4]([O:10][H:16])([H:22])[H:23])=[O:11])([O:7][H:13])[H:18])([C:2]([C:3]([O:9][H:15])([H:20])[H:21])([O:8][H:14])[H:19])([O:6][H:12])[H:17].[O:24]([H:25])[H:26],[C:0]1([O:6][H:12])([H:17])[C:1]([O:7][H:13])([H:18])[C:5]([C:4]([O:10][H:16])([H:22])[H:23])([O:11][H:25])[O:8][C:2]1([C:3]([O:9][H:15])([H:20])[H:21])[H:19].[H:14][O:24][H:26],11.124488416021158,21.16715045399142,1.2425908221797488
BJHIKXHVCXFQLS_178_0-cata_2,[C:0]([C:1]([C:5]([C:4]([O:10][H:16])([H:22])[H:23])=[O:11])([O:7][H:13])[H:18])([C:2]([C:3]([O:9][H:15])([H:20])[H:21])([O:8][H:14])[H:19])([O:6][H:12])[H:17].[O:24]([H:25])[H:26],[C:0]([C:1]([C:5]([C:4]([O:10][H:16])([H:22])[H:23])=[O:11])([O:7][H:13])[H:18])([C:2](=[C:3]([H:20])[H:21])[O:8][H:14])([O:6][H:12])[H:17].[H:19][O:24][H:26].[O:9]([H:15])[H:25],55.84897300953323,61.55177934547428,7.499282982791575
BJHIKXHVCXFQLS_186_0-cata_2,[C:0]([C:1]([C:5]([C:4]([O:10][H:16])([H:22])[H:23])=[O:11])([O:7][H:13])[H:18])([C:2]([C:3]([O:9][H:15])([H:20])[H:21])([O:8][H:14])[H:19])([O:6][H:12])[H:17].[O:24]([H:25])[H:26],[C:0]1([O:6][H:12])([H:17])[C:1]([O:7][H:13])([H:18])[C:5]([C:4]([O:10][H:16])([H:22])[H:23])([O:11][H:25])[C:2]1([C:3]([O:9][H:15])([H:20])[H:21])[O:8][H:14].[H:19][O:24][H:26],54.83115260046341,65.96254362096714,12.176386233269632
BJHIKXHVCXFQLS_197_1-cata_0,[C:0]([C:1]([C:5]([C:4]([O:10][H:16])([H:22])[H:23])=[O:11])([O:7][H:13])[H:18])([C:2]([C:3]([O:9][H:15])([H:20])[H:21])([O:8][H:14])[H:19])([O:6][H:12])[H:17].[O:24]([H:25])[H:26],[C:0]1([O:6][H:12])([H:17])[C:1]([O:7][H:13])([H:18])[C:5]([C:4]([O:10][H:16])([H:22])[H:23])([O:11][H:25])[O:9][C:3]([H:20])([H:21])[C:2]1([O:8][H:14])[H:19].[H:15][O:24][H:26],9.71196453152046,22.799930173006743,-1.4801625239005696
BJHIKXHVCXFQLS_197_1-cata_1,[C:0]([C:1]([C:5]([C:4]([O:10][H:16])([H:22])[H:23])=[O:11])([O:7][H:13])[H:18])([C:2]([C:3]([O:9][H:15])([H:20])[H:21])([O:8][H:14])[H:19])([O:6][H:12])[H:17].[O:24]([H:25])[H:26],[C:0]1([O:6][H:12])([H:17])[C:1]([O:7][H:13])([H:18])[C:5]([C:4]([O:10][H:16])([H:22])[H:23])([O:11][H:25])[O:9][C:3]([H:20])([H:21])[C:2]1([O:8][H:14])[H:19].[H:15][O:24][H:26],13.40674046753753,25.977638280973835,-1.4801625239005696
BJHIKXHVCXFQLS_197_1-cata_2,[C:0]([C:1]([C:5]([C:4]([O:10][H:16])([H:22])[H:23])=[O:11])([O:7][H:13])[H:18])([C:2]([C:3]([O:9][H:15])([H:20])[H:21])([O:8][H:14])[H:19])([O:6][H:12])[H:17].[O:24]([H:25])[H:26],[C:0]1([O:6][H:12])([H:17])[C:1]([O:7][H:13])([H:18])[C:5]([C:4]([O:10][H:16])([H:22])[H:23])([O:11][H:25])[O:9][C:3]([H:20])([H:21])[C:2]1([O:8][H:14])[H:19].[H:15][O:24][H:26],17.365070393531248,28.925677912021403,-1.4801625239005696
BJHIKXHVCXFQLS_197_1-cata_4,[C:0]([C:1]([C:5]([C:4]([O:10][H:16])([H:22])[H:23])=[O:11])([O:7][H:13])[H:18])([C:2]([C:3]([O:9][H:15])([H:20])[H:21])([O:8][H:14])[H:19])([O:6][H:12])[H:17].[O:24]([H:25])[H:26],[C:0]1([O:6][H:12])([H:17])[C:1]([O:7][H:13])([H:18])[C:5]([C:4]([O:10][H:16])([H:22])[H:23])([O:11][H:25])[O:9][C:3]([H:20])([H:21])[C:2]1([O:8][H:14])[H:19].[H:15][O:24][H:26],19.4496569525473,30.77181086099744,-1.4801625239005696
BJHIKXHVCXFQLS_206_0-cata_4,[C:0]([C:1]([C:5]([C:4]([O:10][H:16])([H:22])[H:23])=[O:11])([O:7][H:13])[H:18])([C:2]([C:3]([O:9][H:15])([H:20])[H:21])([O:8][H:14])[H:19])([O:6][H:12])[H:17].[O:24]([H:25])[H:26],[C:0]1([O:6][H:12])([H:17])[C:1]([O:7][H:13])([H:18])[C:5]([C:4]([O:10][H:16])([H:22])[H:23])([O:11][H:25])[C:3]([O:9][H:15])([H:21])[C:2]1([O:8][H:14])[H:19].[H:20][O:24][H:26],60.58290467749491,70.62493920596675,-13.455305927342263
BJHIKXHVCXFQLS_229_0-cata_1,[C:0]([C:1]([C:5]([C:4]([O:10][H:16])([H:22])[H:23])=[O:11])([O:7][H:13])[H:18])([C:2]([C:3]([O:9][H:15])([H:20])[H:21])([O:8][H:14])[H:19])([O:6][H:12])[H:17].[O:24]([H:25])[H:26],[C:0]([C:1](/[C:5](=[C:4](\[O:10][H:16])[H:23])[O:11][H:25])([O:7][H:13])[H:18])([C:2]([C:3]([O:9][H:15])([H:20])[H:21])([O:8][H:14])[H:19])([O:6][H:12])[H:17].[H:22][O:24][H:26],36.47273466851458,44.31785843746861,10.58006692160613
BJHIKXHVCXFQLS_229_0-cata_3,[C:0]([C:1]([C:5]([C:4]([O:10][H:16])([H:22])[H:23])=[O:11])([O:7][H:13])[H:18])([C:2]([C:3]([O:9][H:15])([H:20])[H:21])([O:8][H:14])[H:19])([O:6][H:12])[H:17].[O:24]([H:25])[H:26],[C:0]([C:1](/[C:5](=[C:4](\[O:10][H:16])[H:23])[O:11][H:25])([O:7][H:13])[H:18])([C:2]([C:3]([O:9][H:15])([H:20])[H:21])([O:8][H:14])[H:19])([O:6][H:12])[H:17].[H:22][O:24][H:26],36.6478098190006,45.37521194500995,10.58006692160613
BJHIKXHVCXFQLS_229_0-cata_4,[C:0]([C:1]([C:5]([C:4]([O:10][H:16])([H:22])[H:23])=[O:11])([O:7][H:13])[H:18])([C:2]([C:3]([O:9][H:15])([H:20])[H:21])([O:8][H:14])[H:19])([O:6][H:12])[H:17].[O:24]([H:25])[H:26],[C:0]([C:1](/[C:5](=[C:4](/[O:10][H:16])[H:23])[O:11][H:25])([O:7][H:13])[H:18])([C:2]([C:3]([O:9][H:15])([H:20])[H:21])([O:8][H:14])[H:19])([O:6][H:12])[H:17].[H:22][O:24][H:26],38.0565686465108,46.80467858596788,10.58006692160613
BJHIKXHVCXFQLS_229_10-cata2_1,[C:0]([C:1]([C:5]([C:4]([O:10][H:16])([H:22])[H:23])=[O:11])([O:7][H:13])[H:18])([C:2]([C:3]([O:9][H:15])([H:20])[H:21])([O:8][H:14])[H:19])([O:6][H:12])[H:17].[O:24]([H:25])[H:26],[C:0]([C:1](/[C:5](=[C:4](/[O:10][H:16])[H:23])[O:11][H:25])([O:7][H:13])[H:18])([C:2]([C:3]([O:9][H:15])([H:20])[H:21])([O:8][H:14])[H:19])([O:6][H:12])[H:17].[H:22][O:24][H:26],37.942361917513786,47.72586253199631,10.58006692160613
BJHIKXHVCXFQLS_229_10-cata2_4,[C:0]([C:1]([C:5]([C:4]([O:10][H:16])([H:22])[H:23])=[O:11])([O:7][H:13])[H:18])([C:2]([C:3]([O:9][H:15])([H:20])[H:21])([O:8][H:14])[H:19])([O:6][H:12])[H:17].[O:24]([H:25])[H:26],[C:0]([C:1](/[C:5](=[C:4](/[O:10][H:16])[H:23])[O:11][H:25])([O:7][H:13])[H:18])([C:2]([C:3]([O:9][H:15])([H:20])[H:21])([O:8][H:14])[H:19])([O:6][H:12])[H:17].[H:22][O:24][H:26],40.57225423200853,49.61341110801047,10.58006692160613
BJHIKXHVCXFQLS_229_11-cata2_2,[C:0]([C:1]([C:5]([C:4]([O:10][H:16])([H:22])[H:23])=[O:11])([O:7][H:13])[H:18])([C:2]([C:3]([O:9][H:15])([H:20])[H:21])([O:8][H:14])[H:19])([O:6][H:12])[H:17].[O:24]([H:25])[H:26],[C:0]([C:1](/[C:5](=[C:4](/[O:10][H:16])[H:23])[O:11][H:25])([O:7][H:13])[H:18])([C:2]([C:3]([O:9][H:15])([H:20])[H:21])([O:8][H:14])[H:19])([O:6][H:12])[H:17].[H:22][O:24][H:26],44.72511210301049,52.00798735995726,10.58006692160613
BJHIKXHVCXFQLS_229_11-cata2_4,[C:0]([C:1]([C:5]([C:4]([O:10][H:16])([H:22])[H:23])=[O:11])([O:7][H:13])[H:18])([C:2]([C:3]([O:9][H:15])([H:20])[H:21])([O:8][H:14])[H:19])([O:6][H:12])[H:17].[O:24]([H:25])[H:26],[C:0]([C:1](/[C:5](=[C:4](/[O:10][H:16])[H:23])[O:11][H:25])([O:7][H:13])[H:18])([C:2]([C:3]([O:9][H:15])([H:20])[H:21])([O:8][H:14])[H:19])([O:6][H:12])[H:17].[H:22][O:24][H:26],45.48941867400697,53.733010975525055,10.58006692160613
BJHIKXHVCXFQLS_229_12-cata2_1,[C:0]([C:1]([C:5]([C:4]([O:10][H:16])([H:22])[H:23])=[O:11])([O:7][H:13])[H:18])([C:2]([C:3]([O:9][H:15])([H:20])[H:21])([O:8][H:14])[H:19])([O:6][H:12])[H:17].[O:24]([H:25])[H:26],[C:0]([C:1](/[C:5](=[C:4](/[O:10][H:16])[H:23])[O:11][H:25])([O:7][H:13])[H:18])([C:2]([C:3]([O:9][H:15])([H:20])[H:21])([O:8][H:14])[H:19])([O:6][H:12])[H:17].[H:22][O:24][H:26],33.0270800040106,43.77192517249151,10.58006692160613
BJHIKXHVCXFQLS_229_8-cata1_2,[C:0]([C:1]([C:5]([C:4]([O:10][H:16])([H:22])[H:23])=[O:11])([O:7][H:13])[H:18])([C:2]([C:3]([O:9][H:15])([H:20])[H:21])([O:8][H:14])[H:19])([O:6][H:12])[H:17].[O:24]([H:25])[H:26],[C:0]([C:1](/[C:5](=[C:4](\[O:10][H:16])[H:23])[O:11][H:22])([O:7][H:13])[H:18])([C:2]([C:3]([O:9][H:15])([H:20])[H:21])([O:8][H:14])[H:19])([O:6][H:25])[H:17].[H:12][O:24][H:26],31.3528846580285,41.5756419224721,10.58006692160613
BJHIKXHVCXFQLS_229_9-cata2_1,[C:0]([C:1]([C:5]([C:4]([O:10][H:16])([H:22])[H:23])=[O:11])([O:7][H:13])[H:18])([C:2]([C:3]([O:9][H:15])([H:20])[H:21])([O:8][H:14])[H:19])([O:6][H:12])[H:17].[O:24]([H:25])[H:26],[C:0]([C:1](/[C:5](=[C:4](/[O:10][H:16])[H:23])[O:11][H:25])([O:7][H:13])[H:18])([C:2]([C:3]([O:9][H:15])([H:20])[H:21])([O:8][H:14])[H:19])([O:6][H:12])[H:17].[H:22][O:24][H:26],38.71043354550076,48.63763383547718,10.58006692160613
BJHIKXHVCXFQLS_35_0-cata_3,[C:0]([C:1]([C:5]([C:4]([O:10][H:16])([H:22])[H:23])=[O:11])([O:7][H:13])[H:18])([C:2]([C:3]([O:9][H:15])([H:20])[H:21])([O:8][H:14])[H:19])([O:6][H:12])[H:17].[O:24]([H:25])[H:26],[C:0]([C:1]([C:5]([C:4]([O:10][H:16])([H:22])[H:23])=[O:11])([O:7][H:13])[H:18])(=[O:6])[H:17].[C:2]([C:3]([O:9][H:15])([H:20])[H:21])([O:8][H:14])([H:19])[H:25].[H:12][O:24][H:26],70.8301348125194,76.15518042948679,19.041347992351838
BJHIKXHVCXFQLS_40_0-cata_0,[C:0]([C:1]([C:5]([C:4]([O:10][H:16])([H:22])[H:23])=[O:11])([O:7][H:13])[H:18])([C:2]([C:3]([O:9][H:15])([H:20])[H:21])([O:8][H:14])[H:19])([O:6][H:12])[H:17].[O:24]([H:25])[H:26],[C:0]([C:1]([C:5]([C:4]([O:10][H:16])([H:22])[H:23])=[O:11])([O:7][H:13])[H:18])([O:6][H:12])([H:17])[H:25].[C:2]([C:3]([O:9][H:15])([H:20])[H:21])(=[O:8])[H:19].[H:14][O:24][H:26],68.3044090749757,74.80603500446877,18.58436902485661
BJHIKXHVCXFQLS_46_0-cata_1,[C:0]([C:1]([C:5]([C:4]([O:10][H:16])([H:22])[H:23])=[O:11])([O:7][H:13])[H:18])([C:2]([C:3]([O:9][H:15])([H:20])[H:21])([O:8][H:14])[H:19])([O:6][H:12])[H:17].[O:24]([H:25])[H:26],[C:0](=[C:1](/[C:5]([C:4]([O:10][H:16])([H:22])[H:23])=[O:11])[O:7][H:13])(\[C:2]([C:3]([O:9][H:15])([H:20])[H:21])([O:8][H:14])[H:19])[H:17].[H:18][O:24][H:26].[O:6]([H:12])[H:25],33.22474549651092,40.79690263301206,14.355401529636735
BJHIKXHVCXFQLS_60_1-cata_0,[C:0]([C:1]([C:5]([C:4]([O:10][H:16])([H:22])[H:23])=[O:11])([O:7][H:13])[H:18])([C:2]([C:3]([O:9][H:15])([H:20])[H:21])([O:8][H:14])[H:19])([O:6][H:12])[H:17].[O:24]([H:25])[H:26],[C:0]1([C:2]([C:3]([O:9][H:15])([H:20])[H:21])([O:8][H:14])[H:19])([H:17])[C:1]([O:7][H:13])([H:18])[C:5]([C:4]([O:10][H:16])([H:22])[H:23])([O:11][H:25])[O:6]1.[H:12][O:24][H:26],25.08720230051044,34.29464919402057,15.949091778202675
BJHIKXHVCXFQLS_60_1-cata_1,[C:0]([C:1]([C:5]([C:4]([O:10][H:16])([H:22])[H:23])=[O:11])([O:7][H:13])[H:18])([C:2]([C:3]([O:9][H:15])([H:20])[H:21])([O:8][H:14])[H:19])([O:6][H:12])[H:17].[O:24]([H:25])[H:26],[C:0]1([C:2]([C:3]([O:9][H:15])([H:20])[H:21])([O:8][H:14])[H:19])([H:17])[C:1]([O:7][H:13])([H:18])[C:5]([C:4]([O:10][H:16])([H:22])[H:23])([O:11][H:25])[O:6]1.[H:12][O:24][H:26],20.281107040016938,30.895430232470687,15.949091778202675
BJHIKXHVCXFQLS_60_1-cata_2,[C:0]([C:1]([C:5]([C:4]([O:10][H:16])([H:22])[H:23])=[O:11])([O:7][H:13])[H:18])([C:2]([C:3]([O:9][H:15])([H:20])[H:21])([O:8][H:14])[H:19])([O:6][H:12])[H:17].[O:24]([H:25])[H:26],[C:0]1([C:2]([C:3]([O:9][H:15])([H:20])[H:21])([O:8][H:14])[H:19])([H:17])[C:1]([O:7][H:13])([H:18])[C:5]([C:4]([O:10][H:16])([H:22])[H:23])([O:11][H:25])[O:6]1.[H:12][O:24][H:26],27.425930207026905,35.811339655472295,15.949091778202675
BJHIKXHVCXFQLS_74_0-cata_2,[C:0]([C:1]([C:5]([C:4]([O:10][H:16])([H:22])[H:23])=[O:11])([O:7][H:13])[H:18])([C:2]([C:3]([O:9][H:15])([H:20])[H:21])([O:8][H:14])[H:19])([O:6][H:12])[H:17].[O:24]([H:25])[H:26],[C:0](\[C:1]([C:5]([C:4]([O:10][H:16])([H:22])[H:23])=[O:11])([O:7][H:13])[H:18])(=[C:2](/[C:3]([O:9][H:15])([H:20])[H:21])[H:19])[O:6][H:12].[H:17][O:24][H:26].[O:8]([H:14])[H:25],49.637883978520016,55.705273333968,14.4663001912046
BJHIKXHVCXFQLS_74_0-cata_3,[C:0]([C:1]([C:5]([C:4]([O:10][H:16])([H:22])[H:23])=[O:11])([O:7][H:13])[H:18])([C:2]([C:3]([O:9][H:15])([H:20])[H:21])([O:8][H:14])[H:19])([O:6][H:12])[H:17].[O:24]([H:25])[H:26],[C:0](\[C:1]([C:5]([C:4]([O:10][H:16])([H:22])[H:23])=[O:11])([O:7][H:13])[H:18])(=[C:2](/[C:3]([O:9][H:15])([H:20])[H:21])[H:19])[O:6][H:12].[H:17][O:24][H:26].[O:8]([H:14])[H:25],51.93770629599203,57.697615996502925,14.4663001912046
JMCRDEBJJPRTPV_1_0-cata_0,[C:0](=[C:1](/[O:3][H:5])[H:7])(\[O:2][H:4])[H:6].[O:8]([H:9])[H:10],[C:0]([C:1]([O:3][H:5])([H:7])[H:9])(=[O:2])[H:6].[H:4][O:8][H:10],27.53323433150568,35.546530646498816,-9.383843212237107
JMCRDEBJJPRTPV_1_0-cata_2,[C:0](=[C:1](\[O:3][H:5])[H:7])(\[O:2][H:4])[H:6].[O:8]([H:9])[H:10],[C:0]([C:1]([O:3][H:5])([H:7])[H:9])(=[O:2])[H:6].[H:4][O:8][H:10],27.896562331980107,37.12785458650137,-9.383843212237107
JMCRDEBJJPRTPV_1_1-cata2_0,[C:0](=[C:1](\[O:3][H:5])[H:7])(\[O:2][H:4])[H:6].[O:8]([H:9])[H:10],[C:0]([C:1]([O:3][H:4])([H:7])[H:9])(=[O:2])[H:6].[H:5][O:8][H:10],32.160489384487,40.45114489849328,-9.383843212237107
RZOVLAAGELHPAH_140_0-cata_0,[C:0]1([O:7][H:12])([H:17])[C:1]([C:2]([C:3]([C:4]([C:5]([O:11][H:16])([H:22])[H:23])([O:10][H:15])[H:21])([O:9][H:14])[H:20])([O:8][H:13])[H:19])([H:18])[O:6]1.[O:24]([H:25])[H:26],[C:0]1([O:7][H:12])([H:17])[C:1](/[C:2](=[C:3](/[C:4]([C:5]([O:11][H:16])([H:22])[H:23])([O:10][H:15])[H:21])[O:9][H:14])[H:19])([H:18])[O:6]1.[H:20][O:24][H:26].[O:8]([H:13])[H:25],55.69648820099018,61.9948010524972,11.521271510516234
RZOVLAAGELHPAH_156_0-cata_3,[C:0]1([O:7][H:12])([H:17])[C:1]([C:2]([C:3]([C:4]([C:5]([O:11][H:16])([H:22])[H:23])([O:10][H:15])[H:21])([O:9][H:14])[H:20])([O:8][H:13])[H:19])([H:18])[O:6]1.[O:24]([H:25])[H:26],[C:0]1([O:7][H:12])([H:17])[C:1](/[C:2](=[C:3](/[C:4]([C:5]([O:11][H:16])([H:22])[H:23])([O:10][H:15])[H:21])[H:20])[O:8][H:13])([H:18])[O:6]1.[H:19][O:24][H:26].[O:9]([H:14])[H:25],51.87683787457437,58.086044377021,12.383365200764848
RZOVLAAGELHPAH_175_0-cata_0,[C:0]1([O:7][H:12])([H:17])[C:1]([C:2]([C:3]([C:4]([C:5]([O:11][H:16])([H:22])[H:23])([O:10][H:15])[H:21])([O:9][H:14])[H:20])([O:8][H:13])[H:19])([H:18])[O:6]1.[O:24]([H:25])[H:26],[C:0]1([O:7][H:12])([H:17])[C:1]([C:2]([C:3](=[O:9])[H:20])([O:8][H:13])[H:19])([H:18])[O:6]1.[C:4]([C:5]([O:11][H:16])([H:22])[H:23])([O:10][H:15])([H:21])[H:25].[H:14][O:24][H:26],69.27767630951531,75.76235948247982,17.93451242829828
RZOVLAAGELHPAH_181_0-cata_1,[C:0]1([O:7][H:12])([H:17])[C:1]([C:2]([C:3]([C:4]([C:5]([O:11][H:16])([H:22])[H:23])([O:10][H:15])[H:21])([O:9][H:14])[H:20])([O:8][H:13])[H:19])([H:18])[O:6]1.[O:24]([H:25])[H:26],[C:0]1([O:7][H:12])([H:17])[C:1]([C:2](/[C:3](=[C:4](/[C:5]([O:11][H:16])([H:22])[H:23])[O:10][H:15])[H:20])([O:8][H:13])[H:19])([H:18])[O:6]1.[H:21][O:24][H:26].[O:9]([H:14])[H:25],51.524177535466,57.80178257352529,14.940726577437845
RZOVLAAGELHPAH_181_0-cata_2,[C:0]1([O:7][H:12])([H:17])[C:1]([C:2]([C:3]([C:4]([C:5]([O:11][H:16])([H:22])[H:23])([O:10][H:15])[H:21])([O:9][H:14])[H:20])([O:8][H:13])[H:19])([H:18])[O:6]1.[O:24]([H:25])[H:26],[C:0]1([O:7][H:12])([H:17])[C:1]([C:2](/[C:3](=[C:4](/[C:5]([O:11][H:16])([H:22])[H:23])[O:10][H:15])[H:20])([O:8][H:13])[H:19])([H:18])[O:6]1.[H:21][O:24][H:26].[O:9]([H:14])[H:25],55.36830073253404,59.65607314598073,14.940726577437845
RZOVLAAGELHPAH_192_0-cata_0,[C:0]1([O:7][H:12])([H:17])[C:1]([C:2]([C:3]([C:4]([C:5]([O:11][H:16])([H:22])[H:23])([O:10][H:15])[H:21])([O:9][H:14])[H:20])([O:8][H:13])[H:19])([H:18])[O:6]1.[O:24]([H:25])[H:26],[C:0]1([O:7][H:12])([H:17])[C:1]([C:2](/[C:3](=[C:4](/[C:5]([O:11][H:16])([H:22])[H:23])[H:21])[O:9][H:14])([O:8][H:13])[H:19])([H:18])[O:6]1.[H:20][O:24][H:26].[O:10]([H:15])[H:25],58.38913146554051,62.45351049698049,13.23709369024857
RZOVLAAGELHPAH_192_0-cata_3,[C:0]1([O:7][H:12])([H:17])[C:1]([C:2]([C:3]([C:4]([C:5]([O:11][H:16])([H:22])[H:23])([O:10][H:15])[H:21])([O:9][H:14])[H:20])([O:8][H:13])[H:19])([H:18])[O:6]1.[O:24]([H:25])[H:26],[C:0]1([O:7][H:12])([H:17])[C:1]([C:2](/[C:3](=[C:4](/[C:5]([O:11][H:16])([H:22])[H:23])[H:21])[O:9][H:14])([O:8][H:13])[H:19])([H:18])[O:6]1.[H:20][O:24][H:26].[O:10]([H:15])[H:25],54.138382112500345,58.26049201800859,13.23709369024857
RZOVLAAGELHPAH_192_0-cata_4,[C:0]1([O:7][H:12])([H:17])[C:1]([C:2]([C:3]([C:4]([C:5]([O:11][H:16])([H:22])[H:23])([O:10][H:15])[H:21])([O:9][H:14])[H:20])([O:8][H:13])[H:19])([H:18])[O:6]1.[O:24]([H:25])[H:26],[C:0]1([O:7][H:12])([H:17])[C:1]([C:2](/[C:3](=[C:4](/[C:5]([O:11][H:16])([H:22])[H:23])[H:21])[O:9][H:14])([O:8][H:13])[H:19])([H:18])[O:6]1.[H:20][O:24][H:26].[O:10]([H:15])[H:25],55.34194533352924,60.37708156151518,13.23709369024857
RZOVLAAGELHPAH_206_0-cata_0,[C:0]1([O:7][H:12])([H:17])[C:1]([C:2]([C:3]([C:4]([C:5]([O:11][H:16])([H:22])[H:23])([O:10][H:15])[H:21])([O:9][H:14])[H:20])([O:8][H:13])[H:19])([H:18])[O:6]1.[O:24]([H:25])[H:26],[C:0]1([O:7][H:12])([H:17])[C:1]([C:2]([C:3]([C:4](=[O:10])[H:21])([O:9][H:14])[H:20])([O:8][H:13])[H:19])([H:18])[O:6]1.[C:5]([O:11][H:16])([H:22])([H:23])[H:25].[H:15][O:24][H:26],69.78031141903038,74.86502089753385,16.463193116634812
RZOVLAAGELHPAH_206_0-cata_2,[C:0]1([O:7][H:12])([H:17])[C:1]([C:2]([C:3]([C:4]([C:5]([O:11][H:16])([H:22])[H:23])([O:10][H:15])[H:21])([O:9][H:14])[H:20])([O:8][H:13])[H:19])([H:18])[O:6]1.[O:24]([H:25])[H:26],[C:0]1([O:7][H:12])([H:17])[C:1]([C:2]([C:3]([C:4](=[O:10])[H:21])([O:9][H:14])[H:20])([O:8][H:13])[H:19])([H:18])[O:6]1.[C:5]([O:11][H:16])([H:22])([H:23])[H:25].[H:15][O:24][H:26],66.44133336954243,71.83791506954323,16.463193116634812
RZOVLAAGELHPAH_211_0-cata_1,[C:0]1([O:7][H:12])([H:17])[C:1]([C:2]([C:3]([C:4]([C:5]([O:11][H:16])([H:22])[H:23])([O:10][H:15])[H:21])([O:9][H:14])[H:20])([O:8][H:13])[H:19])([H:18])[O:6]1.[O:24]([H:25])[H:26],[C:0]1([O:7][H:12])([H:17])[C:1]([C:2]([C:3](/[C:4](=[C:5](/[O:11][H:16])[H:23])[H:21])([O:9][H:14])[H:20])([O:8][H:13])[H:19])([H:18])[O:6]1.[H:22][O:24][H:26].[O:10]([H:15])[H:25],54.95288944351276,60.54776414551229,11.64340344168263
RZOVLAAGELHPAH_211_0-cata_2,[C:0]1([O:7][H:12])([H:17])[C:1]([C:2]([C:3]([C:4]([C:5]([O:11][H:16])([H:22])[H:23])([O:10][H:15])[H:21])([O:9][H:14])[H:20])([O:8][H:13])[H:19])([H:18])[O:6]1.[O:24]([H:25])[H:26],[C:0]1([O:7][H:12])([H:17])[C:1]([C:2]([C:3](/[C:4](=[C:5](/[O:11][H:16])[H:23])[H:21])([O:9][H:14])[H:20])([O:8][H:13])[H:19])([H:18])[O:6]1.[H:22][O:24][H:26].[O:10]([H:15])[H:25],50.95126136198568,57.84194318149523,11.64340344168263
RZOVLAAGELHPAH_217_0-cata_1,[C:0]1([O:7][H:12])([H:17])[C:1]([C:2]([C:3]([C:4]([C:5]([O:11][H:16])([H:22])[H:23])([O:10][H:15])[H:21])([O:9][H:14])[H:20])([O:8][H:13])[H:19])([H:18])[O:6]1.[O:24]([H:25])[H:26],[C:0]1([O:7][H:12])([H:17])[C:1]([C:2]([C:3]([C:4](=[C:5]([H:22])[H:23])[O:10][H:15])([O:9][H:14])[H:20])([O:8][H:13])[H:19])([H:18])[O:6]1.[H:21][O:24][H:26].[O:11]([H:16])[H:25],52.79739431103305,59.528688717516985,7.499282982791575
RZOVLAAGELHPAH_33_1-cata_0,[C:0]1([O:7][H:12])([H:17])[C:1]([C:2]([C:3]([C:4]([C:5]([O:11][H:16])([H:22])[H:23])([O:10][H:15])[H:21])([O:9][H:14])[H:20])([O:8][H:13])[H:19])([H:18])[O:6]1.[O:24]([H:25])[H:26],[C:0]([C:1]([C:2]([C:3]([C:4]([C:5]([O:11][H:16])([H:22])[H:23])([O:10][H:15])[H:21])([O:9][H:14])[H:20])([O:8][H:13])[H:19])([O:6][H:25])[H:18])(=[O:7])[H:17].[H:12][O:24][H:26],14.006012040022648,23.032736197489683,-22.85396749521985
RZOVLAAGELHPAH_76_0-cata1_1,[C:0]1([O:7][H:12])([H:17])[C:1]([C:2]([C:3]([C:4]([C:5]([O:11][H:16])([H:22])[H:23])([O:10][H:15])[H:21])([O:9][H:14])[H:20])([O:8][H:13])[H:19])([H:18])[O:6]1.[O:24]([H:25])[H:26],[C-:0]1=[O+:6][C:1]1([C:2]([C:3]([C:4]([C:5]([O:11][H:16])([H:22])[H:23])([O:10][H:15])[H:21])([O:9][H:14])[H:20])([O:8][H:13])[H:19])[H:18].[H:12][O:24][H:26].[O:7]([H:17])[H:25],32.69575498799104,41.89002418203444,TCIT fails
RZOVLAAGELHPAH_76_0-cata1_4,[C:0]1([O:7][H:12])([H:17])[C:1]([C:2]([C:3]([C:4]([C:5]([O:11][H:16])([H:22])[H:23])([O:10][H:15])[H:21])([O:9][H:14])[H:20])([O:8][H:13])[H:19])([H:18])[O:6]1.[O:24]([H:25])[H:26],[C-:0]1=[O+:6][C:1]1([C:2]([C:3]([C:4]([C:5]([O:11][H:16])([H:22])[H:23])([O:10][H:15])[H:21])([O:9][H:14])[H:20])([O:8][H:13])[H:19])[H:18].[H:12][O:24][H:26].[O:7]([H:17])[H:25],44.91022740554249,50.22209532304316,TCIT fails
SRFTVSFDSVNYPW_103_0-cata_4,[C:0]1([O:7][H:12])([H:17])[C:1]([O:8][H:13])([H:18])[C:2]([O:9][H:14])([H:19])[C:3]([O:10][H:15])([H:20])[C:4]([O:11][H:16])([H:21])[C:5]([H:22])([H:23])[O:6]1.[O:24]([H:25])[H:26],[C:0]1([O:7][H:12])([H:17])[C:1]([H:18])=[C:2]([O:9][H:14])[C:3]([O:10][H:15])([H:20])[C:4]([O:11][H:16])([H:21])[C:5]([H:22])([H:23])[O:6]1.[H:19][O:24][H:26].[O:8]([H:13])[H:25],53.43494396306421,58.86666619497628,14.010994263862294
SRFTVSFDSVNYPW_174_0-cata_0,[C:0]1([O:7][H:12])([H:17])[C:1]([O:8][H:13])([H:18])[C:2]([O:9][H:14])([H:19])[C:3]([O:10][H:15])([H:20])[C:4]([O:11][H:16])([H:21])[C:5]([H:22])([H:23])[O:6]1.[O:24]([H:25])[H:26],[C:0]1([O:7][H:12])([H:17])[C:1]([O:8][H:13])([H:18])[C:2]([O:9][H:14])([H:19])[C:3]([H:20])=[C:4]([O:11][H:16])[C:5]([H:22])([H:23])[O:6]1.[H:21][O:24][H:26].[O:10]([H:15])[H:25],53.106756494536725,59.13084769445134,8.380497131931131
SRFTVSFDSVNYPW_48_1-cata_0,[C:0]1([O:7][H:12])([H:17])[C:1]([O:8][H:13])([H:18])[C:2]([O:9][H:14])([H:19])[C:3]([O:10][H:15])([H:20])[C:4]([O:11][H:16])([H:21])[C:5]([H:22])([H:23])[O:6]1.[O:24]([H:25])[H:26],[C:0]([C:1]([C:2]([C:3]([C:4]([C:5]([O:6][H:25])([H:22])[H:23])([O:11][H:16])[H:21])([O:10][H:15])[H:20])([O:9][H:14])[H:19])([O:8][H:13])[H:18])(=[O:7])[H:17].[H:12][O:24][H:26],14.03173992952903,21.631507483960466,7.900573613766739
SRFTVSFDSVNYPW_48_1-cata_1,[C:0]1([O:7][H:12])([H:17])[C:1]([O:8][H:13])([H:18])[C:2]([O:9][H:14])([H:19])[C:3]([O:10][H:15])([H:20])[C:4]([O:11][H:16])([H:21])[C:5]([H:22])([H:23])[O:6]1.[O:24]([H:25])[H:26],[C:0]([C:1]([C:2]([C:3]([C:4]([C:5]([O:6][H:25])([H:22])[H:23])([O:11][H:16])[H:21])([O:10][H:15])[H:20])([O:9][H:14])[H:19])([O:8][H:13])[H:18])(=[O:7])[H:17].[H:12][O:24][H:26],14.833069561074714,22.175558220442323,7.900573613766739
YTBSYETUWUMLBZ_18_2-cata_0,[C:0]([C:1]([C:3](=[O:7])[H:15])([O:5][H:9])[H:12])([C:2]([O:6][H:10])([H:13])[H:14])([O:4][H:8])[H:11].[O:16]([H:17])[H:18],[C:0]1([C:2]([O:6][H:10])([H:13])[H:14])([H:11])[C:1]([O:5][H:9])([H:12])[C:3]([O:7][H:17])([H:15])[O:4]1.[H:8][O:16][H:18],21.48529777047291,32.44977126397003,17.40487571701721
YTBSYETUWUMLBZ_18_2-cata_1,[C:0]([C:1]([C:3](=[O:7])[H:15])([O:5][H:9])[H:12])([C:2]([O:6][H:10])([H:13])[H:14])([O:4][H:8])[H:11].[O:16]([H:17])[H:18],[C:0]1([C:2]([O:6][H:10])([H:13])[H:14])([H:11])[C:1]([O:5][H:9])([H:12])[C:3]([O:7][H:17])([H:15])[O:4]1.[H:8][O:16][H:18],22.80181270150199,33.70667279250694,17.40487571701721
YTBSYETUWUMLBZ_18_2-cata_4,[C:0]([C:1]([C:3](=[O:7])[H:15])([O:5][H:9])[H:12])([C:2]([O:6][H:10])([H:13])[H:14])([O:4][H:8])[H:11].[O:16]([H:17])[H:18],[C:0]1([C:2]([O:6][H:10])([H:13])[H:14])([H:11])[C:1]([O:5][H:9])([H:12])[C:3]([O:7][H:17])([H:15])[O:4]1.[H:8][O:16][H:18],27.520684141501693,36.838572706947005,17.40487571701721
YTBSYETUWUMLBZ_20_0-cata_2,[C:0]([C:1]([C:3](=[O:7])[H:15])([O:5][H:9])[H:12])([C:2]([O:6][H:10])([H:13])[H:14])([O:4][H:8])[H:11].[O:16]([H:17])[H:18],[C:0]([C:1]([C:3](=[O:7])[H:15])([O:5][H:9])[H:12])(=[O:4])[H:11].[C:2]([O:6][H:10])([H:13])([H:14])[H:17].[H:8][O:16][H:18],67.58340065944122,74.82486028949258,17.819550669216063
YTBSYETUWUMLBZ_28_0-cata_1,[C:0]([C:1]([C:3](=[O:7])[H:15])([O:5][H:9])[H:12])([C:2]([O:6][H:10])([H:13])[H:14])([O:4][H:8])[H:11].[O:16]([H:17])[H:18],[C:0](=[C:1](/[C:3](=[O:7])[H:15])[O:5][H:9])(\[C:2]([O:6][H:10])([H:13])[H:14])[H:11].[H:12][O:16][H:18].[O:4]([H:8])[H:17],30.02507455602794,41.032218695488666,5.892686424474181
YTBSYETUWUMLBZ_31_0-cata_2,[C:0]([C:1]([C:3](=[O:7])[H:15])([O:5][H:9])[H:12])([C:2]([O:6][H:10])([H:13])[H:14])([O:4][H:8])[H:11].[O:16]([H:17])[H:18],[C:0](\[C:1]([C:3](=[O:7])[H:15])([O:5][H:9])[H:12])(=[C:2](\[O:6][H:10])[H:14])[H:11].[H:13][O:16][H:18].[O:4]([H:8])[H:17],49.09822580852707,55.73476628046488,10.851099426386222
YTBSYETUWUMLBZ_40_0-cata_4,[C:0]([C:1]([C:3](=[O:7])[H:15])([O:5][H:9])[H:12])([C:2]([O:6][H:10])([H:13])[H:14])([O:4][H:8])[H:11].[O:16]([H:17])[H:18],[C:0](=[C:1](/[C:3](=[O:7])[H:15])[H:12])(\[C:2]([O:6][H:10])([H:13])[H:14])[O:4][H:8].[H:11][O:16][H:18].[O:5]([H:9])[H:17],53.46882947597865,59.533081284005895,5.6293021032504775
YTBSYETUWUMLBZ_43_0-cata_3,[C:0]([C:1]([C:3](=[O:7])[H:15])([O:5][H:9])[H:12])([C:2]([O:6][H:10])([H:13])[H:14])([O:4][H:8])[H:11].[O:16]([H:17])[H:18],[C:0]([C:1]([C:3](=[O:7])[H:15])([O:5][H:9])[H:12])(=[C:2]([H:13])[H:14])[O:4][H:8].[H:11][O:16][H:18].[O:6]([H:10])[H:17],52.58027602393916,58.30692772096269,8.606118546845106
YTBSYETUWUMLBZ_43_0-cata_4,[C:0]([C:1]([C:3](=[O:7])[H:15])([O:5][H:9])[H:12])([C:2]([O:6][H:10])([H:13])[H:14])([O:4][H:8])[H:11].[O:16]([H:17])[H:18],[C:0]([C:1]([C:3](=[O:7])[H:15])([O:5][H:9])[H:12])(=[C:2]([H:13])[H:14])[O:4][H:8].[H:11][O:16][H:18].[O:6]([H:10])[H:17],54.14591222648133,60.08968221045606,8.606118546845106
YTBSYETUWUMLBZ_46_0-cata_0,[C:0]([C:1]([C:3](=[O:7])[H:15])([O:5][H:9])[H:12])([C:2]([O:6][H:10])([H:13])[H:14])([O:4][H:8])[H:11].[O:16]([H:17])[H:18],[C:0]1([C:2]([O:6][H:10])([H:13])[H:14])([O:4][H:8])[C:1]([O:5][H:9])([H:12])[C:3]1([O:7][H:17])[H:15].[H:11][O:16][H:18],59.18104845446728,67.78671373749863,5.215105162523885
YTBSYETUWUMLBZ_6_2-cata1_0,[C:0]([C:1]([C:3](=[O:7])[H:15])([O:5][H:9])[H:12])([C:2]([O:6][H:10])([H:13])[H:14])([O:4][H:8])[H:11].[O:16]([H:17])[H:18],[C:0]([C:1]([C:3]([O:7][H:17])([H:11])[H:15])([O:5][H:9])[H:12])([C:2]([O:6][H:10])([H:13])[H:14])=[O:4].[H:8][O:16][H:18],41.4764954215084,50.12483135050336,-3.8742829827915957
YTBSYETUWUMLBZ_6_2-cata1_1,[C:0]([C:1]([C:3](=[O:7])[H:15])([O:5][H:9])[H:12])([C:2]([O:6][H:10])([H:13])[H:14])([O:4][H:8])[H:11].[O:16]([H:17])[H:18],[C:0]([C:1]([C:3]([O:7][H:17])([H:11])[H:15])([O:5][H:9])[H:12])([C:2]([O:6][H:10])([H:13])[H:14])=[O:4].[H:8][O:16][H:18],41.28573253349066,50.71469028051224,-3.8742829827915957
YTBSYETUWUMLBZ_6_2-cata1_2,[C:0]([C:1]([C:3](=[O:7])[H:15])([O:5][H:9])[H:12])([C:2]([O:6][H:10])([H:13])[H:14])([O:4][H:8])[H:11].[O:16]([H:17])[H:18],[C:0]([C:1]([C:3]([O:7][H:17])([H:11])[H:15])([O:5][H:9])[H:12])([C:2]([O:6][H:10])([H:13])[H:14])=[O:4].[H:8][O:16][H:18],45.67453397646764,54.7840893880109,-3.8742829827915957
YTBSYETUWUMLBZ_6_3-cata1_2,[C:0]([C:1]([C:3](=[O:7])[H:15])([O:5][H:9])[H:12])([C:2]([O:6][H:10])([H:13])[H:14])([O:4][H:8])[H:11].[O:16]([H:17])[H:18],[C:0]([C:1]([C:3]([O:7][H:17])([H:11])[H:15])([O:5][H:9])[H:12])([C:2]([O:6][H:10])([H:13])[H:14])=[O:4].[H:8][O:16][H:18],39.68495579896587,49.57450551896601,-3.8742829827915957
YTBSYETUWUMLBZ_6_4-cata1_1,[C:0]([C:1]([C:3](=[O:7])[H:15])([O:5][H:9])[H:12])([C:2]([O:6][H:10])([H:13])[H:14])([O:4][H:8])[H:11].[O:16]([H:17])[H:18],[C:0]([C:1]([C:3]([O:7][H:17])([H:12])[H:15])=[O:5])([C:2]([O:6][H:10])([H:13])[H:14])([O:4][H:8])[H:11].[H:9][O:16][H:18],25.553441859046075,34.63852440000845,-3.8742829827915957
YTBSYETUWUMLBZ_6_4-cata1_3,[C:0]([C:1]([C:3](=[O:7])[H:15])([O:5][H:9])[H:12])([C:2]([O:6][H:10])([H:13])[H:14])([O:4][H:8])[H:11].[O:16]([H:17])[H:18],[C:0]([C:1]([C:3]([O:7][H:17])([H:12])[H:15])=[O:5])([C:2]([O:6][H:10])([H:13])[H:14])([O:4][H:8])[H:11].[H:9][O:16][H:18],28.100502919464585,36.59196147349892,-3.8742829827915957
YTBSYETUWUMLBZ_6_4-cata1_4,[C:0]([C:1]([C:3](=[O:7])[H:15])([O:5][H:9])[H:12])([C:2]([O:6][H:10])([H:13])[H:14])([O:4][H:8])[H:11].[O:16]([H:17])[H:18],[C:0]([C:1]([C:3]([O:7][H:17])([H:12])[H:15])=[O:5])([C:2]([O:6][H:10])([H:13])[H:14])([O:4][H:8])[H:11].[H:9][O:16][H:18],26.3804993800268,35.5722585360052,-3.8742829827915957
YTBSYETUWUMLBZ_71_0-cata_0,[C:0]([C:1]([C:3](=[O:7])[H:15])([O:5][H:9])[H:12])([C:2]([O:6][H:10])([H:13])[H:14])([O:4][H:8])[H:11].[O:16]([H:17])[H:18],[C:0](/[C:1](=[C:3](\[O:7][H:17])[H:15])[O:5][H:9])([C:2]([O:6][H:10])([H:13])[H:14])([O:4][H:8])[H:11].[H:12][O:16][H:18],35.26603389999361,44.475990831497406,6.705544933078404
YTBSYETUWUMLBZ_71_0-cata_3,[C:0]([C:1]([C:3](=[O:7])[H:15])([O:5][H:9])[H:12])([C:2]([O:6][H:10])([H:13])[H:14])([O:4][H:8])[H:11].[O:16]([H:17])[H:18],[C:0](/[C:1](=[C:3](\[O:7][H:17])[H:15])[O:5][H:9])([C:2]([O:6][H:10])([H:13])[H:14])([O:4][H:8])[H:11].[H:12][O:16][H:18],35.87911068151521,46.05731477149996,6.705544933078404
YTBSYETUWUMLBZ_71_10-cata2_0,[C:0]([C:1]([C:3](=[O:7])[H:15])([O:5][H:9])[H:12])([C:2]([O:6][H:10])([H:13])[H:14])([O:4][H:8])[H:11].[O:16]([H:17])[H:18],[C:0](/[C:1](=[C:3](\[O:7][H:17])[H:15])[O:5][H:9])([C:2]([O:6][H:10])([H:13])[H:14])([O:4][H:8])[H:11].[H:12][O:16][H:18],42.14855809595242,49.92716585800304,6.705544933078404
YTBSYETUWUMLBZ_71_10-cata2_4,[C:0]([C:1]([C:3](=[O:7])[H:15])([O:5][H:9])[H:12])([C:2]([O:6][H:10])([H:13])[H:14])([O:4][H:8])[H:11].[O:16]([H:17])[H:18],[C:0](/[C:1](=[C:3](\[O:7][H:17])[H:15])[O:5][H:9])([C:2]([O:6][H:10])([H:13])[H:14])([O:4][H:8])[H:11].[H:12][O:16][H:18],36.15395984253468,46.96281097999667,6.705544933078404
YTBSYETUWUMLBZ_71_6-cata1_4,[C:0]([C:1]([C:3](=[O:7])[H:15])([O:5][H:9])[H:12])([C:2]([O:6][H:10])([H:13])[H:14])([O:4][H:8])[H:11].[O:16]([H:17])[H:18],[C:0](/[C:1](=[C:3](\[O:7][H:17])[H:15])[O:5][H:9])([C:2]([O:6][H:10])([H:13])[H:14])([O:4][H:8])[H:11].[H:12][O:16][H:18],31.003361866483544,41.72938175001199,6.705544933078404
YTBSYETUWUMLBZ_71_9-cata2_2,[C:0]([C:1]([C:3](=[O:7])[H:15])([O:5][H:9])[H:12])([C:2]([O:6][H:10])([H:13])[H:14])([O:4][H:8])[H:11].[O:16]([H:17])[H:18],[C:0](/[C:1](=[C:3](\[O:7][H:17])[H:15])[O:5][H:9])([C:2]([O:6][H:10])([H:13])[H:14])([O:4][H:8])[H:11].[H:12][O:16][H:18],39.83995064543125,48.753723092969445,6.705544933078404
YTBSYETUWUMLBZ_78_2-cata_0,[C:0]([C:1]([C:3](=[O:7])[H:15])([O:5][H:9])[H:12])([C:2]([O:6][H:10])([H:13])[H:14])([O:4][H:8])[H:11].[O:16]([H:17])[H:18],[C:0]1([O:4][H:8])([H:11])[C:1]([O:5][H:9])([H:12])[C:3]([O:7][H:17])([H:15])[O:6][C:2]1([H:13])[H:14].[H:10][O:16][H:18],14.758395930477889,25.659490964492345,-5.2913479923518185
YTBSYETUWUMLBZ_78_2-cata_1,[C:0]([C:1]([C:3](=[O:7])[H:15])([O:5][H:9])[H:12])([C:2]([O:6][H:10])([H:13])[H:14])([O:4][H:8])[H:11].[O:16]([H:17])[H:18],[C:0]1([O:4][H:8])([H:11])[C:1]([O:5][H:9])([H:12])[C:3]([O:7][H:17])([H:15])[O:6][C:2]1([H:13])[H:14].[H:10][O:16][H:18],13.349009593469267,24.369331432468066,-5.2913479923518185
YTBSYETUWUMLBZ_83_0-cata_4,[C:0]([C:1]([C:3](=[O:7])[H:15])([O:5][H:9])[H:12])([C:2]([O:6][H:10])([H:13])[H:14])([O:4][H:8])[H:11].[O:16]([H:17])[H:18],[C:0]1([O:4][H:8])([H:11])[C:1]([O:5][H:9])([H:12])[C:3]([O:7][H:17])([H:15])[C:2]1([O:6][H:10])[H:14].[H:13][O:16][H:18],59.62344265199177,68.46567901649655,5.765774378585092
AVVWPBAENSWJCB_134_0-cata_0,[C:0]1([O:7][H:12])([H:17])[C:2]([O:8][H:13])([H:19])[C:3]([O:9][H:14])([H:20])[C:1]([C:4]([C:5]([O:11][H:16])([H:22])[H:23])([O:10][H:15])[H:21])([H:25])[O:6]1.[H:18][O:24][H:26],[C:0]([C:2]([C:3]([C:1]([C:4]([C:5]([O:11][H:16])([H:22])[H:23])([O:10][H:15])[H:21])([O:6][H:26])[H:25])([O:9][H:14])[H:20])([O:8][H:13])[H:19])(=[O:7])[H:17].[H:12][O:24][H:18],21.04541361101342,28.43057291648731,4.547562141491406
AVVWPBAENSWJCB_38_0-cata_1,[C:0]1([O:7][H:13])([H:17])[C:2]([O:8][H:25])([H:19])[C:3]([O:9][H:14])([H:20])[C:1]([C:4]([C:5]([O:11][H:16])([H:22])[H:23])([O:10][H:15])[H:21])([H:18])[O:6]1.[H:12][O:24][H:26],[C:0]([C:2]([C:3]([C:1]([C:4]([C:5]([O:11][H:16])([H:22])[H:23])([O:10][H:15])[H:21])([O:6][H:12])[H:18])([O:9][H:14])[H:20])([O:8][H:13])[H:19])(=[O:7])[H:17].[O:24]([H:25])[H:26],32.0506752219789,39.16851548048565,4.547562141491406
BJHIKXHVCXFQLS_101_3-cata2_0,[C:0]([C:1]([C:5]([C:4]([O:10][H:16])([H:22])[H:23])=[O:11])([O:7][H:13])[H:18])([C:2]([C:3]([O:9][H:15])([H:20])[H:21])([O:8][H:14])[H:19])([O:6][H:12])[H:17].[O:24]([H:25])[H:26],[C:0]1([O:6][H:12])([H:17])[C:1]([O:7][H:13])([H:18])[C:5]([C:4]([O:10][H:16])([H:22])[H:23])([O:11][H:25])[O:9][C:3]([H:20])([H:21])[C:2]1([O:8][H:14])[H:19].[H:15][O:24][H:26],20.45931973799503,32.25838086652521,-1.4801625239005696
BJHIKXHVCXFQLS_101_5-cata1_2,[C:0]([C:1]([C:5]([C:4]([O:10][H:16])([H:22])[H:23])=[O:11])([O:7][H:13])[H:18])([C:2]([C:3]([O:9][H:15])([H:20])[H:21])([O:8][H:14])[H:19])([O:6][H:12])[H:17].[O:24]([H:25])[H:26],[C:0]([C:1]([C:5]([C:4](=[O:10])[H:23])([O:11][H:25])[H:22])([O:7][H:13])[H:18])([C:2]([C:3]([O:9][H:15])([H:20])[H:21])([O:8][H:14])[H:19])([O:6][H:12])[H:17].[H:16][O:24][H:26],27.91413259800709,37.95428459798369,2.5979923518164716
BJHIKXHVCXFQLS_103_1-cata_0,[C:0]([C:1]([C:5]([C:4]([O:10][H:16])([H:22])[H:23])=[O:11])([O:7][H:13])[H:18])([C:2]([C:3]([O:9][H:15])([H:20])[H:21])([O:8][H:14])[H:19])([O:6][H:12])[H:17].[O:24]([H:25])[H:26],[C:0]1([O:6][H:12])([H:17])[C:1]([O:7][H:13])([H:18])[C:5]([C:4]([O:10][H:16])([H:22])[H:23])([O:11][H:25])[O:8][C:2]1([C:3]([O:9][H:15])([H:20])[H:21])[H:19].[H:14][O:24][H:26],12.19376460396106,21.849253280481427,1.2425908221797488
BJHIKXHVCXFQLS_141_8-cata1_3,[C:0]([C:1]([C:5]([C:4]([O:10][H:16])([H:22])[H:23])=[O:11])([O:7][H:13])[H:18])([C:2]([C:3]([O:9][H:15])([H:20])[H:21])([O:8][H:14])[H:19])([O:6][H:12])[H:17].[O:24]([H:25])[H:26],[C:0]1([O:6][H:12])([H:17])[C:1]([O:7][H:25])([H:18])[C:5]([C:4]([O:10][H:16])([H:22])[H:23])([O:11][H:13])[O:8][C:2]1([C:3]([O:9][H:15])([H:20])[H:21])[H:19].[H:14][O:24][H:26],20.88539868848938,32.07640311148528,1.2425908221797488
BJHIKXHVCXFQLS_158_0-cata_2,[C:0]([C:1]([C:5]([C:4]([O:10][H:16])([H:22])[H:23])=[O:11])([O:7][H:13])[H:18])([C:2]([C:3]([O:9][H:15])([H:20])[H:21])([O:8][H:25])[H:19])([O:6][H:12])[H:17].[H:14][O:24][H:26],[C:0]1([O:6][H:12])([H:17])[C:1]([O:7][H:13])([H:18])[C:5]([C:4]([O:10][H:25])([H:22])[H:23])([O:11][H:16])[O:8][C:2]1([C:3]([O:9][H:15])([H:20])[H:21])[H:19].[H:14][O:24][H:26],31.954038759008863,43.20151903700485,1.2425908221797488
BJHIKXHVCXFQLS_18_1-cata_0,[C:0]([C:1]([C:5]([C:4]([O:10][H:25])([H:22])[H:23])=[O:11])([O:7][H:13])[H:18])([C:2]([C:3]([O:9][H:15])([H:20])[H:21])([O:8][H:16])[H:19])([O:6][H:12])[H:17].[H:14][O:24][H:26],[C:0]1([O:6][H:12])([H:17])[C:1]([O:7][H:13])([H:18])[C:5]([C:4]([O:10][H:25])([H:22])[H:23])([O:11][H:16])[O:8][C:2]1([C:3]([O:9][H:15])([H:20])[H:21])[H:19].[H:14][O:24][H:26],26.554319511515985,36.48026478249557,1.2425908221797488
BJHIKXHVCXFQLS_217_0-cata_0,[C:0]([C:1]([C:5]([C:4]([O:10][H:16])([H:22])[H:23])=[O:11])([O:7][H:13])[H:18])([C:2]([C:3]([O:9][H:15])([H:20])[H:21])([O:8][H:25])[H:19])([O:6][H:12])[H:17].[H:14][O:24][H:26],[C:0]1([O:6][H:12])([H:17])[C:1]([O:7][H:13])([H:18])[C:5]([C:4]([O:10][H:16])([H:22])[H:23])([O:11][H:25])[O:8][C:2]1([C:3]([O:9][H:15])([H:20])[H:21])[H:19].[H:14][O:24][H:26],29.519929408519197,38.87735107250737,1.2425908221797488
BJHIKXHVCXFQLS_218_0-cata_4,[C:0]([C:1]([C:5]([C:4]([O:10][H:16])([H:22])[H:23])=[O:11])([O:7][H:13])[H:18])([C:2]([C:3]([O:9][H:15])([H:20])[H:21])([O:8][H:14])[H:19])([O:6][H:12])[H:17].[O:24]([H:25])[H:26],[C:0]1([O:6][H:12])([H:17])[C:1]([O:7][H:13])([H:18])[C:5]([C:4]([O:10][H:16])([H:22])[H:23])([O:11][H:26])[O:8][C:2]1([C:3]([O:9][H:15])([H:20])[H:21])[H:19].[H:14][O:24][H:25],13.938241013979733,23.387906574520372,1.2425908221797488
BJHIKXHVCXFQLS_229_0-cata_0,[C:0]([C:1]([C:5]([C:4]([O:10][H:16])([H:22])[H:23])=[O:11])([O:7][H:13])[H:18])([C:2]([C:3]([O:9][H:15])([H:20])[H:21])([O:8][H:14])[H:19])([O:6][H:12])[H:17].[O:24]([H:25])[H:26],[C:0]1([O:6][H:12])([H:17])[C:1]([O:7][H:14])([H:18])[C:5]([C:4]([O:10][H:16])([H:22])[H:23])([O:11][H:13])[O:8][C:2]1([C:3]([O:9][H:15])([H:20])[H:21])[H:19].[O:24]([H:25])[H:26],23.73491932807167,34.84936759197549,1.2425908221797488
BJHIKXHVCXFQLS_229_10-cata1_2,[C:0]([C:1]([C:5]([C:4]([O:10][H:16])([H:22])[H:23])=[O:11])([O:7][H:13])[H:18])([C:2]([C:3]([O:9][H:15])([H:20])[H:21])([O:8][H:14])[H:19])([O:6][H:12])[H:17].[O:24]([H:25])[H:26],[C:0]1([O:6][H:12])([H:17])[C:1]([O:7][H:13])([H:18])[C:5]([C:4]([O:10][H:16])([H:22])[H:23])([O:11][H:25])[O:8][C:2]1([C:3]([O:9][H:15])([H:20])[H:21])[H:19].[H:14][O:24][H:26],11.45957848903121,21.169660491985084,1.2425908221797488
BJHIKXHVCXFQLS_229_10-cata1_4,[C:0]([C:1]([C:5]([C:4]([O:10][H:16])([H:22])[H:23])=[O:11])([O:7][H:13])[H:18])([C:2]([C:3]([O:9][H:15])([H:20])[H:21])([O:8][H:14])[H:19])([O:6][H:12])[H:17].[O:24]([H:25])[H:26],[C:0]1([O:6][H:12])([H:17])[C:1]([O:7][H:13])([H:18])[C:5]([C:4]([O:10][H:16])([H:22])[H:23])([O:11][H:14])[O:8][C:2]1([C:3]([O:9][H:15])([H:20])[H:21])[H:19].[O:24]([H:25])[H:26],31.048542550512156,40.220848911968325,1.2425908221797488
BJHIKXHVCXFQLS_229_12-cata2_3,[C:0]([C:1]([C:5]([C:4]([O:10][H:25])([H:22])[H:23])=[O:11])([O:7][H:13])[H:18])([C:2]([C:3]([O:9][H:15])([H:20])[H:21])([O:8][H:16])[H:19])([O:6][H:12])[H:17].[H:14][O:24][H:26],[C:0]1([O:6][H:12])([H:17])[C:1]([O:7][H:13])([H:18])[C:5]([C:4]([O:10][H:25])([H:22])[H:23])([O:11][H:16])[O:8][C:2]1([C:3]([O:9][H:15])([H:20])[H:21])[H:19].[H:14][O:24][H:26],29.066240040023217,40.98766552095847,1.2425908221797488
BJHIKXHVCXFQLS_10_5-cata1_0,[C:0]([C:1]([C:5]([C:4]([O:10][H:16])([H:22])[H:23])=[O:11])([O:7][H:13])[H:18])([C:2]([C:3]([O:9][H:15])([H:20])[H:21])([O:8][H:14])[H:19])([O:6][H:12])[H:17].[O:24]([H:25])[H:26],[C:0]([C:2]([C:3]([O:9][H:15])([H:20])[H:21])([O:8][H:14])[H:19])(=[O:6])[H:17].[C:1](=[C:5](/[C:4]([O:10][H:16])([H:22])[H:23])[O:11][H:25])(\[O:7][H:13])[H:18].[H:12][O:24][H:26],20.27985202102011,30.581675482478108,31.797084130019115
BJHIKXHVCXFQLS_154_0-cata_3,[C:0]([C:1]([C:5]([C:4]([O:10][H:16])([H:22])[H:23])=[O:11])([O:7][H:13])[H:18])([C:2]([C:3]([O:9][H:26])([H:20])[H:21])([O:8][H:14])[H:19])([O:6][H:12])[H:17].[H:15][O:24][H:25],[C:0]([C:2]([C:3]([O:9][H:12])([H:20])[H:21])([O:8][H:14])[H:19])(=[O:6])[H:17].[C:1](=[C:5](/[C:4]([O:10][H:16])([H:22])[H:23])[O:11][H:13])(\[O:7][H:15])[H:18].[O:24]([H:25])[H:26],34.17918744602673,42.79677540945664,31.797084130019115
BJHIKXHVCXFQLS_10_6-cata1_0,[C:0]([C:1]([C:5]([C:4]([O:10][H:16])([H:22])[H:23])=[O:11])([O:7][H:25])[H:18])([C:2]([C:3]([O:9][H:15])([H:20])[H:21])([O:8][H:14])[H:19])([O:6][H:12])[H:17].[H:13][O:24][H:26],[C:0]([C:1]([C:5]([C:4]([O:10][H:16])([H:22])[H:23])([O:11][H:25])[H:18])=[O:7])([C:2]([C:3]([O:9][H:15])([H:20])[H:21])([O:8][H:14])[H:19])([O:6][H:12])[H:17].[H:13][O:24][H:26],25.82640849157029,37.01176532900912,2.1469885277246528
BJHIKXHVCXFQLS_10_6-cata1_1,[C:0]([C:1]([C:5]([C:4]([O:10][H:16])([H:22])[H:23])=[O:11])([O:7][H:13])[H:18])([C:2]([C:3]([O:9][H:15])([H:20])[H:21])([O:8][H:14])[H:19])([O:6][H:12])[H:17].[O:24]([H:25])[H:26],[C:0]([C:1]([C:5]([C:4]([O:10][H:16])([H:22])[H:23])([O:11][H:25])[H:18])=[O:7])([C:2]([C:3]([O:9][H:15])([H:20])[H:21])([O:8][H:14])[H:19])([O:6][H:12])[H:17].[H:13][O:24][H:26],29.809211288002224,38.69662833646428,2.1469885277246528
BJHIKXHVCXFQLS_10_7-cata2_3,[C:0]([C:1]([C:5]([C:4]([O:10][H:16])([H:22])[H:23])=[O:11])([O:7][H:13])[H:18])([C:2]([C:3]([O:9][H:15])([H:20])[H:21])([O:8][H:14])[H:19])([O:6][H:12])[H:17].[O:24]([H:25])[H:26],[C:0]([C:1]([C:5]([C:4]([O:10][H:16])([H:22])[H:23])([O:11][H:13])[H:18])=[O:7])([C:2]([C:3]([O:9][H:15])([H:20])[H:21])([O:8][H:14])[H:19])([O:6][H:12])[H:17].[O:24]([H:25])[H:26],34.19362016449029,41.75824718701045,2.1469885277246528
BJHIKXHVCXFQLS_10_7-cata1_4,[C:0]([C:1]([C:5]([C:4]([O:10][H:16])([H:22])[H:23])=[O:11])([O:7][H:13])[H:18])([C:2]([C:3]([O:9][H:15])([H:20])[H:21])([O:8][H:14])[H:19])([O:6][H:12])[H:17].[O:24]([H:25])[H:26],[C:0]([C:1]1([H:18])[C:5]([C:4]([O:10][H:16])([H:22])[H:23])([O:11][H:25])[O:7]1)([C:2]([C:3]([O:9][H:15])([H:20])[H:21])([O:8][H:14])[H:19])([O:6][H:12])[H:17].[H:13][O:24][H:26],33.83907729695801,41.23427675447789,24.392208413001914
BJHIKXHVCXFQLS_310_0-cata_0,[C:0]([C:1]([C:5]([C:4]([O:10][H:16])([H:22])[H:23])=[O:11])([O:7][H:13])[H:18])([C:2]([C:3]([O:9][H:15])([H:20])[H:21])([O:8][H:14])[H:19])([O:6][H:12])[H:17].[O:24]([H:25])[H:26],[C:0]([C:1]1([H:18])[C:5]([C:4]([O:10][H:16])([H:22])[H:23])([O:11][H:25])[O:7]1)([C:2]([C:3]([O:9][H:13])([H:20])[H:21])([O:8][H:14])[H:19])([O:6][H:12])[H:17].[H:15][O:24][H:26],27.186849087488472,35.86342294398348,24.392208413001914
BJHIKXHVCXFQLS_136_0-cata_1,[C:0]([C:1]([C:5]([C:4]([O:10][H:16])([H:22])[H:23])=[O:11])([O:7][H:13])[H:25])([C:2]([C:3]([O:9][H:15])([H:20])[H:21])([O:8][H:14])[H:19])([O:6][H:12])[H:17].[H:18][O:24][H:26],[C:0](/[C:1](=[C:5](/[C:4]([O:10][H:16])([H:22])[H:23])[O:11][H:18])[O:7][H:13])([C:2]([C:3]([O:9][H:15])([H:20])[H:21])([O:8][H:25])[H:19])([O:6][H:12])[H:17].[H:14][O:24][H:26],28.81649125901172,38.372833434497046,4.635277246653921
BJHIKXHVCXFQLS_141_0-cata_2,[C:0]([C:1]([C:5]([C:4]([O:10][H:16])([H:22])[H:23])=[O:11])([O:7][H:13])[H:18])([C:2]([C:3]([O:9][H:15])([H:20])[H:21])([O:8][H:14])[H:19])([O:6][H:12])[H:17].[O:24]([H:25])[H:26],[C:0](/[C:1](=[C:5](/[C:4]([O:10][H:16])([H:22])[H:23])[O:11][H:18])[O:7][H:13])([C:2]([C:3]([O:9][H:15])([H:20])[H:21])([O:8][H:14])[H:19])([O:6][H:12])[H:17].[O:24]([H:25])[H:26],29.71696739144976,41.64717800550551,4.635277246653921
BJHIKXHVCXFQLS_46_0-cata_3,[C:0]([C:1]([C:5]([C:4]([O:10][H:16])([H:22])[H:23])=[O:11])([O:7][H:13])[H:18])([C:2]([C:3]([O:9][H:15])([H:20])[H:21])([O:8][H:14])[H:19])([O:6][H:12])[H:17].[O:24]([H:25])[H:26],[C:0](/[C:1](=[C:5](\[C:4]([O:10][H:16])([H:22])[H:23])[O:11][H:13])[O:7][H:15])([C:2]([C:3]([O:9][H:26])([H:20])[H:21])([O:8][H:14])[H:19])([O:6][H:12])[H:17].[H:18][O:24][H:25],32.51314972345269,42.83568099850109,4.635277246653921
BJHIKXHVCXFQLS_222_0-cata_3,[C:0]([C:1]([C:5]([C:4]([O:10][H:16])([H:22])[H:23])=[O:11])([O:7][H:13])[H:18])([C:2]([C:3]([O:9][H:15])([H:20])[H:21])([O:8][H:14])[H:19])([O:6][H:12])[H:17].[O:24]([H:25])[H:26],[C:0]([C:1]([C:5]1([O:11][H:25])[C:4]([H:22])([H:23])[O:10]1)([O:7][H:13])[H:18])([C:2]([C:3]([O:9][H:15])([H:20])[H:21])([O:8][H:14])[H:19])([O:6][H:12])[H:17].[H:16][O:24][H:26],31.158356713020257,41.79276020949465,12.848948374760992
BJHIKXHVCXFQLS_224_1-cata_1,[C:0]([C:1]([C:5]([C:4]([O:10][H:16])([H:22])[H:23])=[O:11])([O:7][H:13])[H:18])([C:2]([C:3]([O:9][H:15])([H:20])[H:21])([O:8][H:14])[H:19])([O:6][H:12])[H:17].[O:24]([H:25])[H:26],[C:0]([C:1]([C:5]1([O:11][H:26])[C:4]([H:22])([H:23])[O:10]1)([O:7][H:13])[H:18])([C:2]([C:3]([O:9][H:15])([H:20])[H:21])([O:8][H:14])[H:19])([O:6][H:12])[H:17].[H:16][O:24][H:25],27.66877638348449,35.91613374199307,12.848948374760992
BJHIKXHVCXFQLS_224_1-cata_2,[C:0]([C:1]([C:5]([C:4]([O:10][H:16])([H:22])[H:23])=[O:11])([O:7][H:13])[H:18])([C:2]([C:3]([O:9][H:15])([H:20])[H:21])([O:8][H:14])[H:19])([O:6][H:12])[H:17].[O:24]([H:25])[H:26],[C:0]([C:1]([C:5]1([O:11][H:25])[C:4]([H:22])([H:23])[O:10]1)([O:7][H:13])[H:18])([C:2]([C:3]([O:9][H:15])([H:20])[H:21])([O:8][H:16])[H:19])([O:6][H:12])[H:17].[H:14][O:24][H:26],34.33731984005552,43.59559500300866,12.848948374760992
BJHIKXHVCXFQLS_229_10-cata2_3,[C:0]([C:1]([C:5]([C:4]([O:10][H:16])([H:23])[H:25])=[O:11])([O:7][H:13])[H:18])([C:2]([C:3]([O:9][H:15])([H:20])[H:21])([O:8][H:14])[H:19])([O:6][H:12])[H:17].[H:22][O:24][H:26],[C:0]([C:1](/[C:5](=[C:4](/[O:10][H:16])[H:23])[O:11][H:15])([O:7][H:13])[H:18])([C:2]([C:3]([O:9][H:26])([H:20])[H:21])([O:8][H:14])[H:19])([O:6][H:12])[H:17].[H:22][O:24][H:25],26.81787350156397,36.11505425349022,10.58006692160613
BJHIKXHVCXFQLS_229_11-cata2_3,[C:0]([C:1]([C:5]([C:4]([O:10][H:16])([H:22])[H:23])=[O:11])([O:7][H:13])[H:18])([C:2]([C:3]([O:9][H:12])([H:20])[H:21])([O:8][H:14])[H:19])([O:6][H:25])[H:17].[H:15][O:24][H:26],[C:0]([C:1](/[C:5](=[C:4](/[O:10][H:16])[H:23])[O:11][H:25])([O:7][H:13])[H:18])([C:2]([C:3]([O:9][H:15])([H:20])[H:21])([O:8][H:14])[H:19])([O:6][H:12])[H:17].[H:22][O:24][H:26],30.42856316450798,39.65797289046266,10.58006692160613
BJHIKXHVCXFQLS_229_6-cata2_1,[C:0]([C:1]([C:5]([C:4]([O:10][H:16])([H:22])[H:23])=[O:11])([O:7][H:13])[H:18])([C:2]([C:3]([O:9][H:15])([H:20])[H:21])([O:8][H:19])[H:25])([O:6][H:12])[H:17].[H:14][O:24][H:26],[C:0]([C:1](/[C:5](=[C:4](\[O:10][H:16])[H:23])[O:11][H:26])([O:7][H:13])[H:18])([C:2]([C:3]([O:9][H:15])([H:20])[H:21])([O:8][H:19])[H:25])([O:6][H:12])[H:17].[H:14][O:24][H:22],32.58845086354793,43.44562023245928,10.58006692160613
BJHIKXHVCXFQLS_229_8-cata2_4,[C:0]([C:1]([C:5]([C:4]([O:10][H:16])([H:22])[H:23])=[O:11])([O:7][H:13])[H:18])([C:2]([C:3]([O:9][H:15])([H:20])[H:21])([O:8][H:14])[H:19])([O:6][H:12])[H:17].[O:24]([H:25])[H:26],[C:0]([C:1](/[C:5](=[C:4](/[O:10][H:16])[H:23])[O:11][H:25])([O:7][H:13])[H:18])([C:2]([C:3]([O:9][H:15])([H:20])[H:21])([O:8][H:14])[H:19])([O:6][H:12])[H:17].[H:22][O:24][H:26],31.9490186829502,44.43269267596404,10.58006692160613
BJHIKXHVCXFQLS_313_0-cata1_1,[C:0]([C:1]([C:5]([C:4]([O:10][H:16])([H:22])[H:23])=[O:11])([O:7][H:13])[H:18])([C:2]([C:3]([O:9][H:15])([H:20])[H:21])([O:8][H:14])[H:19])([O:6][H:12])[H:17].[O:24]([H:25])[H:26],[C:0]([C:1]([C:5]([C:4]([O:10][H:16])([H:22])[H:23])([O:11])[H:18])[O:7][H:13])([C:2]([C:3]([O:9][H:15])([H:20])[H:21])([O:8][H:14])[H:19])([O:6][H:12])[H:17].[O:24]([H:25])[H:26],36.52732799501943,44.84496641749324,TCIT fails
BJHIKXHVCXFQLS_377_0-cata_3,[C:0]([C:1]([C:5]([C:4]([O:10][H:16])([H:22])[H:23])=[O:11])([O:7][H:13])[H:18])([C:2]([C:3]([O:9][H:15])([H:20])[H:21])([O:8][H:14])[H:19])([O:6][H:12])[H:17].[O:24]([H:25])[H:26],[C:0](=[C:2](/[C:3]([O:9][H:15])([H:20])[H:21])[O:8][H:14])(\[O:6][H:12])[H:17].[C:1](=[C:5](\[C:4]([O:10][H:16])([H:22])[H:23])[O:11][H:19])(\[O:7][H:13])[H:18].[O:24]([H:25])[H:26],34.164754727491825,41.93771490398537,42.58436902485659
RZOVLAAGELHPAH_153_1-cata_3,[C:0]1([O:7][H:12])([H:17])[C:1]([C:2]([C:3]([C:4]([C:5]([O:11][H:16])([H:22])[H:23])([O:10][H:15])[H:21])([O:9][H:14])[H:20])([O:8][H:13])[H:19])([H:18])[O:6]1.[O:24]([H:25])[H:26],[C:0]([C:1]([C:2]([C:3]([C:4]([C:5]([O:11][H:16])([H:22])[H:23])([O:10][H:15])[H:21])([O:9][H:14])[H:20])([O:8][H:12])[H:19])([O:6][H:13])[H:18])(=[O:7])[H:17].[O:24]([H:25])[H:26],20.17317540600408,27.715212086509936,-22.85396749521985
RZOVLAAGELHPAH_1_2-cata_1,[C:0]1([O:7][H:12])([H:17])[C:1]([C:2]([C:3]([C:4]([C:5]([O:11][H:16])([H:22])[H:23])([O:10][H:15])[H:21])([O:9][H:14])[H:20])([O:8][H:13])[H:19])([H:18])[O:6]1.[O:24]([H:25])[H:26],[C:0]([C:1]([C:2]([C:3]([C:4]([C:5]([O:11][H:16])([H:22])[H:23])([O:10][H:15])[H:21])([O:9][H:14])[H:20])([O:8][H:12])[H:19])([O:6][H:25])[H:18])(=[O:7])[H:17].[H:13][O:24][H:26],7.79806055657285,16.106913845997507,-22.85396749521985
RZOVLAAGELHPAH_33_1-cata_1,[C:0]1([O:7][H:25])([H:17])[C:1]([C:2]([C:3]([C:4]([C:5]([O:11][H:16])([H:22])[H:23])([O:10][H:15])[H:21])([O:9][H:14])[H:20])([O:8][H:13])[H:19])([H:18])[O:6]1.[H:12][O:24][H:26],[C:0]([C:1]([C:2]([C:3]([C:4]([C:5]([O:11][H:16])([H:22])[H:23])([O:10][H:15])[H:21])([O:9][H:14])[H:20])([O:8][H:13])[H:19])([O:6][H:12])[H:18])(=[O:7])[H:17].[O:24]([H:25])[H:26],21.47212007100618,29.67931682147348,-22.85396749521985
RZOVLAAGELHPAH_38_0-cata_3,[C:0]1([O:7][H:12])([H:17])[C:1]([C:2]([C:3]([C:4]([C:5]([O:11][H:16])([H:22])[H:23])([O:10][H:15])[H:21])([O:9][H:14])[H:20])([O:8][H:13])[H:19])([H:18])[O:6]1.[O:24]([H:25])[H:26],[C:0]([C:1]([C:2]([C:3]([C:4]([C:5]([O:11][H:16])([H:22])[H:23])([O:10][H:15])[H:21])([O:9][H:14])[H:20])([O:8][H:13])[H:19])([O:6][H:12])[H:18])(=[O:7])[H:17].[O:24]([H:25])[H:26],25.52143887455553,35.06523086000121,-22.85396749521985
SRFTVSFDSVNYPW_47_0-cata_2,[C:0]1([O:7][H:12])([H:17])[C:1]([O:8][H:13])([H:18])[C:2]([O:9][H:14])([H:19])[C:3]([O:10][H:15])([H:20])[C:4]([O:11][H:16])([H:21])[C:5]([H:22])([H:23])[O:6]1.[O:24]([H:25])[H:26],[C:0]([C:1]([C:2]([C:3]([C:4]([C:5]([O:6][H:12])([H:22])[H:23])([O:11][H:16])[H:21])([O:10][H:15])[H:20])([O:9][H:14])[H:19])([O:8][H:13])[H:18])(=[O:7])[H:17].[O:24]([H:25])[H:26],33.12308895755356,39.63852009594044,7.900573613766739
YTBSYETUWUMLBZ_124_0-cata1_2,[C:0]([C:1]([C:3](=[O:7])[H:15])([O:5][H:9])[H:12])([C:2]([O:6][H:10])([H:13])[H:14])([O:4][H:8])[H:11].[O:16]([H:17])[H:18],[C:0]([C:1]([C:3]([O:7])([H:12])[H:15])[O:5][H:9])([C:2]([O:6][H:10])([H:13])[H:14])([O:4][H:8])[H:11].[O:16]([H:17])[H:18],34.39065814749219,43.847853821942486,TCIT fails
YTBSYETUWUMLBZ_15_0-cata_4,[C:0]([C:1]([C:3](=[O:7])[H:15])([O:5][H:9])[H:12])([C:2]([O:6][H:10])([H:13])[H:14])([O:4][H:8])[H:11].[O:16]([H:17])[H:18],[C:0](/[C:1](=[C:3](\[O:7][H:18])[H:15])[O:5][H:9])([C:2]([O:6][H:10])([H:13])[H:14])([O:4][H:8])[H:11].[H:12][O:16][H:17],32.34058461096034,43.45754291300051,6.705544933078404
YTBSYETUWUMLBZ_28_0-cata_2,[C:0]([C:1]([C:3](=[O:7])[H:15])([O:5][H:9])[H:12])([C:2]([O:6][H:10])([H:13])[H:14])([O:4][H:8])[H:11].[O:16]([H:17])[H:18],[C:0](/[C:1](=[C:3](\[O:7][H:8])[H:15])[O:5][H:9])([C:2]([O:6][H:10])([H:13])[H:14])([O:4][H:17])[H:11].[H:12][O:16][H:18],30.43421074999372,41.29953774245581,6.705544933078404
YTBSYETUWUMLBZ_71_6-cata2_3,[C:0]([C:1]([C:3](=[O:7])[H:15])([O:5][H:9])[H:12])([C:2]([O:6][H:10])([H:14])[H:17])([O:4][H:8])[H:11].[H:13][O:16][H:18],[C:0](/[C:1](=[C:3](\[O:7][H:18])[H:15])[O:5][H:9])([C:2]([O:6][H:12])([H:14])[H:17])([O:4][H:8])[H:11].[H:10][O:16][H:13],26.734414737917987,36.76327156699444,6.705544933078404
YTBSYETUWUMLBZ_71_0-cata_2,[C:0]([C:1]([C:3](=[O:7])[H:15])([O:5][H:9])[H:12])([C:2]([O:6][H:10])([H:13])[H:14])([O:4][H:8])[H:11].[O:16]([H:17])[H:18],[C:0](=[C:1](\[C:3](=[O:7])[H:15])[O:5][H:9])(\[C:2]([O:6][H:10])([H:13])[H:14])[H:11].[H:12][O:16][H:17].[O:4]([H:8])[H:18],32.04753767448682,41.54050139048949,5.892686424474181
YTBSYETUWUMLBZ_9_0-cata_3,[C:0]([C:1]([C:3](=[O:7])[H:15])([O:5][H:9])[H:12])([C:2]([O:6][H:10])([H:13])[H:14])([O:4][H:17])[H:11].[H:8][O:16][H:18],[C:0]([C:2]([O:6][H:10])([H:13])[H:14])(=[O:4])[H:11].[C:1](=[C:3](/[O:7][H:18])[H:15])(\[O:5][H:9])[H:12].[H:8][O:16][H:17],32.661869475005254,40.24030170649056,30.72801147227534
FMAORJIQYMIRHF_13_0-cata_0,[C:0]1([O:5][H:8])([H:11])[C:1]([O:6][H:9])([H:12])[C:2]([O:7][H:10])([H:13])[C:3]([H:14])([H:15])[O:4]1.[O:16]([H:17])[H:18],[C:0]([O:4][C:3]([C:2]([C:1](=[O:6])[H:12])([O:7][H:10])[H:13])([H:14])[H:15])([O:5][H:8])([H:11])[H:17].[H:9][O:16][H:18],61.4087071794788,68.59871103044604,12.411328871892918
FMAORJIQYMIRHF_13_0-cata_1,[C:0]1([O:5][H:8])([H:11])[C:1]([O:6][H:9])([H:12])[C:2]([O:7][H:10])([H:13])[C:3]([H:14])([H:15])[O:4]1.[O:16]([H:17])[H:18],[C:0]([O:4][C:3]([C:2]([C:1](=[O:6])[H:12])([O:7][H:10])[H:13])([H:14])[H:15])([O:5][H:8])([H:11])[H:17].[H:9][O:16][H:18],65.89414508549716,71.47144952146971,12.411328871892918
FMAORJIQYMIRHF_26_1-cata_0,[C:0]1([O:5][H:8])([H:11])[C:1]([O:6][H:9])([H:12])[C:2]([O:7][H:10])([H:13])[C:3]([H:14])([H:15])[O:4]1.[O:16]([H:17])[H:18],[C:0]([C:1]([C:2]([C:3]([O:4][H:17])([H:14])[H:15])([O:7][H:10])[H:13])([O:6][H:9])[H:12])(=[O:5])[H:11].[H:8][O:16][H:18],13.821524246989055,22.18308833449465,5.2913479923518185
FMAORJIQYMIRHF_26_1-cata_1,[C:0]1([O:5][H:8])([H:11])[C:1]([O:6][H:9])([H:12])[C:2]([O:7][H:10])([H:13])[C:3]([H:14])([H:15])[O:4]1.[O:16]([H:17])[H:18],[C:0]([C:1]([C:2]([C:3]([O:4][H:17])([H:14])[H:15])([O:7][H:10])[H:13])([O:6][H:9])[H:12])(=[O:5])[H:11].[H:8][O:16][H:18],12.142308825019631,20.211453485478778,5.2913479923518185
FMAORJIQYMIRHF_26_1-cata_2,[C:0]1([O:5][H:8])([H:11])[C:1]([O:6][H:9])([H:12])[C:2]([O:7][H:10])([H:13])[C:3]([H:14])([H:15])[O:4]1.[O:16]([H:17])[H:18],[C:0]([C:1]([C:2]([C:3]([O:4][H:17])([H:14])[H:15])([O:7][H:10])[H:13])([O:6][H:9])[H:12])(=[O:5])[H:11].[H:8][O:16][H:18],12.767308287011131,20.851513175503595,5.2913479923518185
FMAORJIQYMIRHF_50_0-cata_3,[C:0]1([O:5][H:8])([H:11])[C:1]([O:6][H:9])([H:12])[C:2]([O:7][H:10])([H:13])[C:3]([H:14])([H:15])[O:4]1.[O:16]([H:17])[H:18],[C:0]([C:1](=[O:6])[H:12])([O:4][C:3]([C:2]([O:7][H:10])([H:13])[H:17])([H:14])[H:15])([O:5][H:8])[H:11].[H:9][O:16][H:18],62.45162796848525,68.33452953097098,12.065487571701713
FMAORJIQYMIRHF_72_0-cata_0,[C:0]1([O:5][H:8])([H:11])[C:1]([O:6][H:9])([H:12])[C:2]([O:7][H:10])([H:13])[C:3]([H:14])([H:15])[O:4]1.[O:16]([H:17])[H:18],[C:0]([C:1]([C:2](=[O:7])[H:13])([O:6][H:9])[H:12])([O:4][C:3]([H:14])([H:15])[H:17])([O:5][H:8])[H:11].[H:10][O:16][H:18],61.95777799201933,69.53432769500938,8.866634799235172
FMAORJIQYMIRHF_72_0-cata_1,[C:0]1([O:5][H:8])([H:11])[C:1]([O:6][H:9])([H:12])[C:2]([O:7][H:10])([H:13])[C:3]([H:14])([H:15])[O:4]1.[O:16]([H:17])[H:18],[C:0]([C:1]([C:2](=[O:7])[H:13])([O:6][H:9])[H:12])([O:4][C:3]([H:14])([H:15])[H:17])([O:5][H:8])[H:11].[H:10][O:16][H:18],58.58805197696632,66.52792968046647,8.866634799235172
LKDRXBCSQODPBY_107_0-cata_0,[C:0]1([C:4]([O:11][H:16])([H:20])[H:21])([O:7][H:12])[C:1]([O:8][H:13])([H:17])[C:2]([O:9][H:14])([H:18])[C:3]([O:10][H:15])([H:19])[C:5]([H:22])([H:23])[O:6]1.[O:24]([H:25])[H:26],[C:0]([C:1](=[O:8])[H:17])([C:4]([O:11][H:16])([H:20])[H:21])([O:6][C:5]([C:3]([C:2]([O:9][H:14])([H:18])[H:25])([O:10][H:15])[H:19])([H:22])[H:23])[O:7][H:12].[H:13][O:24][H:26],73.38158843949816,79.30778815751727,15.243785850860414
LKDRXBCSQODPBY_107_0-cata_2,[C:0]1([C:4]([O:11][H:16])([H:20])[H:21])([O:7][H:12])[C:1]([O:8][H:13])([H:17])[C:2]([O:9][H:14])([H:18])[C:3]([O:10][H:15])([H:19])[C:5]([H:22])([H:23])[O:6]1.[O:24]([H:25])[H:26],[C:0]([C:1](=[O:8])[H:17])([C:4]([O:11][H:16])([H:20])[H:21])([O:6][C:5]([C:3]([C:2]([O:9][H:14])([H:18])[H:25])([O:10][H:15])[H:19])([H:22])[H:23])[O:7][H:12].[H:13][O:24][H:26],69.77717387153831,76.54360881000487,15.243785850860414
LKDRXBCSQODPBY_110_0-cata_1,[C:0]1([C:4]([O:11][H:16])([H:20])[H:21])([O:7][H:12])[C:1]([O:8][H:13])([H:17])[C:2]([O:9][H:14])([H:18])[C:3]([O:10][H:15])([H:19])[C:5]([H:22])([H:23])[O:6]1.[O:24]([H:25])[H:26],[C:0]([C:1]([O:8][H:13])([H:17])[H:25])([C:4]([O:11][H:16])([H:20])[H:21])([O:6][C:5]([C:3]([C:2](=[O:9])[H:18])([O:10][H:15])[H:19])([H:22])[H:23])[O:7][H:12].[H:14][O:24][H:26],67.18744216508486,73.44433938948241,7.8793021032505015
LKDRXBCSQODPBY_110_0-cata_4,[C:0]1([C:4]([O:11][H:16])([H:20])[H:21])([O:7][H:12])[C:1]([O:8][H:13])([H:17])[C:2]([O:9][H:14])([H:18])[C:3]([O:10][H:15])([H:19])[C:5]([H:22])([H:23])[O:6]1.[O:24]([H:25])[H:26],[C:0]([C:1]([O:8][H:13])([H:17])[H:25])([C:4]([O:11][H:16])([H:20])[H:21])([O:6][C:5]([C:3]([C:2](=[O:9])[H:18])([O:10][H:15])[H:19])([H:22])[H:23])[O:7][H:12].[H:14][O:24][H:26],70.01499997200858,76.52980360103972,7.8793021032505015
LKDRXBCSQODPBY_116_0-cata_0,[C:0]1([C:4]([O:11][H:16])([H:20])[H:21])([O:7][H:12])[C:1]([O:8][H:13])([H:17])[C:2]([O:9][H:14])([H:18])[C:3]([O:10][H:15])([H:19])[C:5]([H:22])([H:23])[O:6]1.[O:24]([H:25])[H:26],[C:0]1([C:4]([O:11][H:16])([H:20])[H:21])([O:7][H:12])[C:1]([H:17])=[C:2]([O:9][H:14])[C:3]([O:10][H:15])([H:19])[C:5]([H:22])([H:23])[O:6]1.[H:18][O:24][H:26].[O:8]([H:13])[H:25],57.337425543484905,63.35837919605013,4.702915869980857
LKDRXBCSQODPBY_144_0-cata_0,[C:0]1([C:4]([O:11][H:16])([H:20])[H:21])([O:7][H:12])[C:1]([O:8][H:13])([H:17])[C:2]([O:9][H:14])([H:18])[C:3]([O:10][H:15])([H:19])[C:5]([H:22])([H:23])[O:6]1.[O:24]([H:25])[H:26],[C:0]([C:1]([C:2](=[O:9])[H:18])([O:8][H:13])[H:17])([C:4]([O:11][H:16])([H:20])[H:21])([O:6][C:5]([C:3]([O:10][H:15])([H:19])[H:25])([H:22])[H:23])[O:7][H:12].[H:14][O:24][H:26],66.97722648254488,73.0828939175389,8.181166347992356
LKDRXBCSQODPBY_144_0-cata_1,[C:0]1([C:4]([O:11][H:16])([H:20])[H:21])([O:7][H:12])[C:1]([O:8][H:13])([H:17])[C:2]([O:9][H:14])([H:18])[C:3]([O:10][H:15])([H:19])[C:5]([H:22])([H:23])[O:6]1.[O:24]([H:25])[H:26],[C:0]([C:1]([C:2](=[O:9])[H:18])([O:8][H:13])[H:17])([C:4]([O:11][H:16])([H:20])[H:21])([O:6][C:5]([C:3]([O:10][H:15])([H:19])[H:25])([H:22])[H:23])[O:7][H:12].[H:14][O:24][H:26],68.35021726857406,74.29837981903769,8.181166347992356
LKDRXBCSQODPBY_144_0-cata_3,[C:0]1([C:4]([O:11][H:16])([H:20])[H:21])([O:7][H:12])[C:1]([O:8][H:13])([H:17])[C:2]([O:9][H:14])([H:18])[C:3]([O:10][H:15])([H:19])[C:5]([H:22])([H:23])[O:6]1.[O:24]([H:25])[H:26],[C:0]([C:1]([C:2](=[O:9])[H:18])([O:8][H:13])[H:17])([C:4]([O:11][H:16])([H:20])[H:21])([O:6][C:5]([C:3]([O:10][H:15])([H:19])[H:25])([H:22])[H:23])[O:7][H:12].[H:14][O:24][H:26],70.56218825605384,76.74629437849251,8.181166347992356
LKDRXBCSQODPBY_152_0-cata_2,[C:0]1([C:4]([O:11][H:16])([H:20])[H:21])([O:7][H:12])[C:1]([O:8][H:13])([H:17])[C:2]([O:9][H:14])([H:18])[C:3]([O:10][H:15])([H:19])[C:5]([H:22])([H:23])[O:6]1.[O:24]([H:25])[H:26],[C:0]1([C:4]([O:11][H:16])([H:20])[H:21])([O:7][H:12])[C:1]([O:8][H:13])([H:17])[C:2]([H:18])=[C:3]([O:10][H:15])[C:5]([H:22])([H:23])[O:6]1.[H:19][O:24][H:26].[O:9]([H:14])[H:25],59.94096245904619,64.25509027149768,-2.083891013384333
LKDRXBCSQODPBY_152_0-cata_4,[C:0]1([C:4]([O:11][H:16])([H:20])[H:21])([O:7][H:12])[C:1]([O:8][H:13])([H:17])[C:2]([O:9][H:14])([H:18])[C:3]([O:10][H:15])([H:19])[C:5]([H:22])([H:23])[O:6]1.[O:24]([H:25])[H:26],[C:0]1([C:4]([O:11][H:16])([H:20])[H:21])([O:7][H:12])[C:1]([O:8][H:13])([H:17])[C:2]([H:18])=[C:3]([O:10][H:15])[C:5]([H:22])([H:23])[O:6]1.[H:19][O:24][H:26].[O:9]([H:14])[H:25],63.202756840015,66.97597146354805,-2.083891013384333
LKDRXBCSQODPBY_161_0-cata_0,[C:0]1([C:4]([O:11][H:16])([H:20])[H:21])([O:7][H:12])[C:1]([O:8][H:13])([H:17])[C:2]([O:9][H:14])([H:18])[C:3]([O:10][H:15])([H:19])[C:5]([H:22])([H:23])[O:6]1.[O:24]([H:25])[H:26],[C:0]1([C:4]([O:11][H:16])([H:20])[H:21])([O:7][H:12])[C:1]([O:8][H:13])([H:17])[C:2]([O:9][H:14])=[C:3]([H:19])[C:5]([H:22])([H:23])[O:6]1.[H:18][O:24][H:26].[O:10]([H:15])[H:25],55.48564500902313,62.552656998015536,4.15391969407263
LKDRXBCSQODPBY_161_0-cata_1,[C:0]1([C:4]([O:11][H:16])([H:20])[H:21])([O:7][H:12])[C:1]([O:8][H:13])([H:17])[C:2]([O:9][H:14])([H:18])[C:3]([O:10][H:15])([H:19])[C:5]([H:22])([H:23])[O:6]1.[O:24]([H:25])[H:26],[C:0]1([C:4]([O:11][H:16])([H:20])[H:21])([O:7][H:12])[C:1]([O:8][H:13])([H:17])[C:2]([O:9][H:14])=[C:3]([H:19])[C:5]([H:22])([H:23])[O:6]1.[H:18][O:24][H:26].[O:10]([H:15])[H:25],56.88310866556185,61.69736154953476,4.15391969407263
LKDRXBCSQODPBY_176_0-cata_1,[C:0]1([C:4]([O:11][H:16])([H:20])[H:21])([O:7][H:12])[C:1]([O:8][H:13])([H:17])[C:2]([O:9][H:14])([H:18])[C:3]([O:10][H:15])([H:19])[C:5]([H:22])([H:23])[O:6]1.[O:24]([H:25])[H:26],[C:0]([C:1]([C:2]([C:3](=[O:10])[H:19])([O:9][H:14])[H:18])([O:8][H:13])[H:17])([C:4]([O:11][H:16])([H:20])[H:21])([O:6][C:5]([H:22])([H:23])[H:25])[O:7][H:12].[H:15][O:24][H:26],64.0812701400085,70.6412544529969,5.281309751434029
LKDRXBCSQODPBY_182_0-cata_0,[C:0]1([C:4]([O:11][H:16])([H:20])[H:21])([O:7][H:12])[C:1]([O:8][H:13])([H:17])[C:2]([O:9][H:14])([H:18])[C:3]([O:10][H:15])([H:19])[C:5]([H:22])([H:23])[O:6]1.[O:24]([H:25])[H:26],[C:0]1([C:4]([O:11][H:16])([H:20])[H:21])([O:7][H:12])[C:1]([O:8][H:13])([H:17])[C:2]([O:9][H:14])([H:18])[C:3]([H:19])=[C:5]([H:23])[O:6]1.[H:22][O:24][H:26].[O:10]([H:15])[H:25],49.68933975760413,54.6824328489822,6.511950286806906
LKDRXBCSQODPBY_182_0-cata_2,[C:0]1([C:4]([O:11][H:16])([H:20])[H:21])([O:7][H:12])[C:1]([O:8][H:13])([H:17])[C:2]([O:9][H:14])([H:18])[C:3]([O:10][H:15])([H:19])[C:5]([H:22])([H:23])[O:6]1.[O:24]([H:25])[H:26],[C:0]1([C:4]([O:11][H:16])([H:20])[H:21])([O:7][H:12])[C:1]([O:8][H:13])([H:17])[C:2]([O:9][H:14])([H:18])[C:3]([H:19])=[C:5]([H:23])[O:6]1.[H:22][O:24][H:26].[O:10]([H:15])[H:25],53.927538920533294,59.19422615400535,6.511950286806906
LKDRXBCSQODPBY_69_0-cata_0,[C:0]1([C:4]([O:11][H:16])([H:20])[H:21])([O:7][H:12])[C:1]([O:8][H:13])([H:17])[C:2]([O:9][H:14])([H:18])[C:3]([O:10][H:15])([H:19])[C:5]([H:22])([H:23])[O:6]1.[O:24]([H:25])[H:26],[C:0]([C:1]([C:2]([C:3]([C:5]([O:6][H:25])([H:22])[H:23])([O:10][H:15])[H:19])([O:9][H:14])[H:18])([O:8][H:13])[H:17])([C:4]([O:11][H:16])([H:20])[H:21])=[O:7].[H:12][O:24][H:26],24.728266866560592,31.89003279002778,1.4801625239005696
LKDRXBCSQODPBY_69_0-cata_1,[C:0]1([C:4]([O:11][H:16])([H:20])[H:21])([O:7][H:12])[C:1]([O:8][H:13])([H:17])[C:2]([O:9][H:14])([H:18])[C:3]([O:10][H:15])([H:19])[C:5]([H:22])([H:23])[O:6]1.[O:24]([H:25])[H:26],[C:0]([C:1]([C:2]([C:3]([C:5]([O:6][H:25])([H:22])[H:23])([O:10][H:15])[H:19])([O:9][H:14])[H:18])([O:8][H:13])[H:17])([C:4]([O:11][H:16])([H:20])[H:21])=[O:7].[H:12][O:24][H:26],19.54943096308076,27.556452182982728,1.4801625239005696
LKDRXBCSQODPBY_69_0-cata_2,[C:0]1([C:4]([O:11][H:16])([H:20])[H:21])([O:7][H:12])[C:1]([O:8][H:13])([H:17])[C:2]([O:9][H:14])([H:18])[C:3]([O:10][H:15])([H:19])[C:5]([H:22])([H:23])[O:6]1.[O:24]([H:25])[H:26],[C:0]([C:1]([C:2]([C:3]([C:5]([O:6][H:25])([H:22])[H:23])([O:10][H:15])[H:19])([O:9][H:14])[H:18])([O:8][H:13])[H:17])([C:4]([O:11][H:16])([H:20])[H:21])=[O:7].[H:12][O:24][H:26],16.772701425528705,25.696514025041548,1.4801625239005696
LKDRXBCSQODPBY_69_0-cata_3,[C:0]1([C:4]([O:11][H:16])([H:20])[H:21])([O:7][H:12])[C:1]([O:8][H:13])([H:17])[C:2]([O:9][H:14])([H:18])[C:3]([O:10][H:15])([H:19])[C:5]([H:22])([H:23])[O:6]1.[O:24]([H:25])[H:26],[C:0]([C:1]([C:2]([C:3]([C:5]([O:6][H:25])([H:22])[H:23])([O:10][H:15])[H:19])([O:9][H:14])[H:18])([O:8][H:13])[H:17])([C:4]([O:11][H:16])([H:20])[H:21])=[O:7].[H:12][O:24][H:26],19.759019136050973,28.13438843252171,1.4801625239005696
MNQZXJOMYWMBOU_16_0-cata_4,[C:0]([C:1]([O:4][H:7])([H:9])[H:10])([C:2](=[O:5])[H:11])([O:3][H:6])[H:8].[O:12]([H:13])[H:14],[C:0](=[C:1](\[O:4][H:7])[H:10])(\[C:2](=[O:5])[H:11])[H:8].[H:9][O:12][H:14].[O:3]([H:6])[H:13],50.22586038003365,56.87432353247702,3.6845124282982917
MNQZXJOMYWMBOU_22_0-cata_1,[C:0]([C:1]([O:4][H:7])([H:9])[H:10])([C:2](=[O:5])[H:11])([O:3][H:6])[H:8].[O:12]([H:13])[H:14],[C:0](=[C:1]([H:9])[H:10])([C:2](=[O:5])[H:11])[O:3][H:6].[H:8][O:12][H:14].[O:4]([H:7])[H:13],33.35212992501033,42.22511425497316,6.748087954110908
MNQZXJOMYWMBOU_22_0-cata_3,[C:0]([C:1]([O:4][H:7])([H:9])[H:10])([C:2](=[O:5])[H:11])([O:3][H:6])[H:8].[O:12]([H:13])[H:14],[C:0](=[C:1]([H:9])[H:10])([C:2](=[O:5])[H:11])[O:3][H:6].[H:8][O:12][H:14].[O:4]([H:7])[H:13],36.037243075544,43.97900330746806,6.748087954110908
MNQZXJOMYWMBOU_22_0-cata_4,[C:0]([C:1]([O:4][H:7])([H:9])[H:10])([C:2](=[O:5])[H:11])([O:3][H:6])[H:8].[O:12]([H:13])[H:14],[C:0](=[C:1]([H:9])[H:10])([C:2](=[O:5])[H:11])[O:3][H:6].[H:8][O:12][H:14].[O:4]([H:7])[H:13],35.54464811800357,43.35212131698132,6.748087954110908
MNQZXJOMYWMBOU_25_0-cata_0,[C:0]([C:1]([O:4][H:7])([H:9])[H:10])([C:2](=[O:5])[H:11])([O:3][H:6])[H:8].[O:12]([H:13])[H:14],[C:0](\[C:1]([O:4][H:7])([H:9])[H:10])(=[C:2](/[O:5][H:13])[H:11])[O:3][H:6].[H:8][O:12][H:14],37.933576784535965,47.0023440784682,10.787284894837478
MNQZXJOMYWMBOU_25_0-cata_1,[C:0]([C:1]([O:4][H:7])([H:9])[H:10])([C:2](=[O:5])[H:11])([O:3][H:6])[H:8].[O:12]([H:13])[H:14],[C:0](\[C:1]([O:4][H:7])([H:9])[H:10])(=[C:2](\[O:5][H:13])[H:11])[O:3][H:6].[H:8][O:12][H:14],34.851250120506414,43.42114736198539,10.787284894837478
MNQZXJOMYWMBOU_25_0-cata_2,[C:0]([C:1]([O:4][H:7])([H:9])[H:10])([C:2](=[O:5])[H:11])([O:3][H:6])[H:8].[O:12]([H:13])[H:14],[C:0](\[C:1]([O:4][H:7])([H:9])[H:10])(=[C:2](/[O:5][H:13])[H:11])[O:3][H:6].[H:8][O:12][H:14],37.358778082524736,46.36981450246004,10.787284894837478
MNQZXJOMYWMBOU_25_0-cata_4,[C:0]([C:1]([O:4][H:7])([H:9])[H:10])([C:2](=[O:5])[H:11])([O:3][H:6])[H:8].[O:12]([H:13])[H:14],[C:0](\[C:1]([O:4][H:7])([H:9])[H:10])(=[C:2](/[O:5][H:13])[H:11])[O:3][H:6].[H:8][O:12][H:14],36.14391969052436,45.73602990745505,10.787284894837478
MNQZXJOMYWMBOU_25_4-cata1_2,[C:0]([C:1]([O:4][H:7])([H:9])[H:10])([C:2](=[O:5])[H:11])([O:3][H:6])[H:8].[O:12]([H:13])[H:14],[C:0](\[C:1]([O:4][H:7])([H:9])[H:10])(=[C:2](\[O:5][H:13])[H:11])[O:3][H:6].[H:8][O:12][H:14],35.13488441453937,44.51740645846418,10.787284894837478
YTXCQYABGWUXFL_26_0-cata_0,[C:0](/[C:1](=[C:2](\[O:5][H:8])[H:11])[O:3][H:6])([O:4][H:7])([H:9])[H:10].[O:12]([H:13])[H:14],[C:0]([C:1]([C:2](=[O:5])[H:11])([O:3][H:6])[H:13])([O:4][H:7])([H:9])[H:10].[H:8][O:12][H:14],29.57891530147728,37.49494764403764,-10.787284894837478
YTXCQYABGWUXFL_26_0-cata_1,[C:0](/[C:1](=[C:2](\[O:5][H:8])[H:11])[O:3][H:6])([O:4][H:7])([H:9])[H:10].[O:12]([H:13])[H:14],[C:0]([C:1]([C:2](=[O:5])[H:11])([O:3][H:6])[H:13])([O:4][H:7])([H:9])[H:10].[H:8][O:12][H:14],30.435465768990557,39.49293789202264,-10.787284894837478
YTXCQYABGWUXFL_26_0-cata_2,[C:0](/[C:1](=[C:2](\[O:5][H:8])[H:11])[O:3][H:6])([O:4][H:7])([H:9])[H:10].[O:12]([H:13])[H:14],[C:0]([C:1]([C:2](=[O:5])[H:11])([O:3][H:6])[H:13])([O:4][H:7])([H:9])[H:10].[H:8][O:12][H:14],32.653084342027434,41.26502472000727,-10.787284894837478
YTXCQYABGWUXFL_26_5-cata2_2,[C:0](/[C:1](=[C:2](\[O:5][H:8])[H:11])[O:3][H:6])([O:4][H:7])([H:9])[H:10].[O:12]([H:13])[H:14],[C:0]([C:1]([C:2](=[O:5])[H:11])([O:3][H:6])[H:13])([O:4][H:7])([H:9])[H:10].[H:8][O:12][H:14],27.914132597971417,36.50097259601463,-10.787284894837478
MNQZXJOMYWMBOU_31_2-cata_0,[C:0]([C:1]([O:4][H:7])([H:9])[H:10])([C:2](=[O:5])[H:11])([O:3][H:6])[H:8].[O:12]([H:13])[H:14],[C:0]1([O:3][H:6])([H:8])[C:1]([H:9])([H:10])[O:4][C:2]1([O:5][H:13])[H:11].[H:7][O:12][H:14],22.707058767027203,32.74156318148239,15.64053537284896
MNQZXJOMYWMBOU_31_2-cata_2,[C:0]([C:1]([O:4][H:7])([H:9])[H:10])([C:2](=[O:5])[H:11])([O:3][H:6])[H:8].[O:12]([H:13])[H:14],[C:0]1([O:3][H:6])([H:8])[C:1]([H:9])([H:10])[O:4][C:2]1([O:5][H:13])[H:11].[H:7][O:12][H:14],23.113684923034995,33.800171707984894,15.64053537284896
MNQZXJOMYWMBOU_4_1-cata1_0,[C:0]([C:1]([O:4][H:7])([H:9])[H:10])([C:2](=[O:5])[H:11])([O:3][H:6])[H:8].[O:12]([H:13])[H:14],[C:0]([C:1]([O:4][H:7])([H:9])[H:10])([C:2]([O:5][H:13])([H:8])[H:11])=[O:3].[H:6][O:12][H:14],25.27984771702344,34.631621795454535,1.27246653919693
MNQZXJOMYWMBOU_4_1-cata1_1,[C:0]([C:1]([O:4][H:7])([H:9])[H:10])([C:2](=[O:5])[H:11])([O:3][H:6])[H:8].[O:12]([H:13])[H:14],[C:0]([C:1]([O:4][H:7])([H:9])[H:10])([C:2]([O:5][H:13])([H:8])[H:11])=[O:3].[H:6][O:12][H:14],30.33004417300703,38.33706539298034,1.27246653919693
MNQZXJOMYWMBOU_4_1-cata1_3,[C:0]([C:1]([O:4][H:7])([H:9])[H:10])([C:2](=[O:5])[H:11])([O:3][H:6])[H:8].[O:12]([H:13])[H:14],[C:0]([C:1]([O:4][H:7])([H:9])[H:10])([C:2]([O:5][H:13])([H:8])[H:11])=[O:3].[H:6][O:12][H:14],26.980398462046,35.58355370697668,1.27246653919693
RFSUNEUAIZKAJO_100_0-cata_4,[C:0]1([C:4]([O:10][H:15])([H:20])[H:21])([O:7][H:12])[C:1]([O:8][H:13])([H:17])[C:2]([O:9][H:14])([H:18])[C:3]([C:5]([O:11][H:16])([H:22])[H:23])([H:19])[O:6]1.[O:24]([H:25])[H:26],[C:0]([C:1](=[O:8])[H:17])([C:4]([O:10][H:15])([H:20])[H:21])([O:6][C:3]([C:2]([O:9][H:14])([H:18])[H:25])([C:5]([O:11][H:16])([H:22])[H:23])[H:19])[O:7][H:12].[H:13][O:24][H:26],66.36603222951852,73.72546364548604,13.375478011472266
RFSUNEUAIZKAJO_103_0-cata_0,[C:0]1([C:4]([O:10][H:15])([H:20])[H:21])([O:7][H:12])[C:1]([O:8][H:13])([H:17])[C:2]([O:9][H:14])([H:18])[C:3]([C:5]([O:11][H:16])([H:22])[H:23])([H:19])[O:6]1.[O:24]([H:25])[H:26],[C:0]([C:1]([O:8][H:13])([H:17])[H:25])([C:4]([O:10][H:15])([H:20])[H:21])([O:6][C:3]([C:2](=[O:9])[H:18])([C:5]([O:11][H:16])([H:22])[H:23])[H:19])[O:7][H:12].[H:14][O:24][H:26],62.40581977502956,68.61377125847936,7.568594646271491
RFSUNEUAIZKAJO_103_0-cata_2,[C:0]1([C:4]([O:10][H:15])([H:20])[H:21])([O:7][H:12])[C:1]([O:8][H:13])([H:17])[C:2]([O:9][H:14])([H:18])[C:3]([C:5]([O:11][H:16])([H:22])[H:23])([H:19])[O:6]1.[O:24]([H:25])[H:26],[C:0]([C:1]([O:8][H:13])([H:17])[H:25])([C:4]([O:10][H:15])([H:20])[H:21])([O:6][C:3]([C:2](=[O:9])[H:18])([C:5]([O:11][H:16])([H:22])[H:23])[H:19])[O:7][H:12].[H:14][O:24][H:26],68.59118091653639,75.41911178599037,7.568594646271491
RFSUNEUAIZKAJO_103_0-cata_3,[C:0]1([C:4]([O:10][H:15])([H:20])[H:21])([O:7][H:12])[C:1]([O:8][H:13])([H:17])[C:2]([O:9][H:14])([H:18])[C:3]([C:5]([O:11][H:16])([H:22])[H:23])([H:19])[O:6]1.[O:24]([H:25])[H:26],[C:0]([C:1]([O:8][H:13])([H:17])[H:25])([C:4]([O:10][H:15])([H:20])[H:21])([O:6][C:3]([C:2](=[O:9])[H:18])([C:5]([O:11][H:16])([H:22])[H:23])[H:19])[O:7][H:12].[H:14][O:24][H:26],62.87833442847801,69.13397663402142,7.568594646271491
RFSUNEUAIZKAJO_108_0-cata_2,[C:0]1([C:4]([O:10][H:15])([H:20])[H:21])([O:7][H:12])[C:1]([O:8][H:13])([H:17])[C:2]([O:9][H:14])([H:18])[C:3]([C:5]([O:11][H:16])([H:22])[H:23])([H:19])[O:6]1.[O:24]([H:25])[H:26],[C:0]1([C:4]([O:10][H:15])([H:20])[H:21])([O:7][H:12])[C:1]([H:17])=[C:2]([O:9][H:14])[C:3]([C:5]([O:11][H:16])([H:22])[H:23])([H:19])[O:6]1.[H:18][O:24][H:26].[O:8]([H:13])[H:25],55.37583084651503,61.06232193549727,8.438575525812624
RFSUNEUAIZKAJO_108_0-cata_3,[C:0]1([C:4]([O:10][H:15])([H:20])[H:21])([O:7][H:12])[C:1]([O:8][H:13])([H:17])[C:2]([O:9][H:14])([H:18])[C:3]([C:5]([O:11][H:16])([H:22])[H:23])([H:19])[O:6]1.[O:24]([H:25])[H:26],[C:0]1([C:4]([O:10][H:15])([H:20])[H:21])([O:7][H:12])[C:1]([H:17])=[C:2]([O:9][H:14])[C:3]([C:5]([O:11][H:16])([H:22])[H:23])([H:19])[O:6]1.[H:18][O:24][H:26].[O:8]([H:13])[H:25],53.84784521409182,60.34445106752623,8.438575525812624
RFSUNEUAIZKAJO_118_0-cata_1,[C:0]1([C:4]([O:10][H:15])([H:20])[H:21])([O:7][H:12])[C:1]([O:8][H:13])([H:17])[C:2]([O:9][H:14])([H:18])[C:3]([C:5]([O:11][H:16])([H:22])[H:23])([H:19])[O:6]1.[O:24]([H:25])[H:26],[C:0]1([C:4]([O:10][H:15])([H:20])[H:21])([O:7][H:12])[C:1]([O:8][H:13])=[C:2]([H:18])[C:3]([C:5]([O:11][H:16])([H:22])[H:23])([H:19])[O:6]1.[H:17][O:24][H:26].[O:9]([H:14])[H:25],51.25623097900044,58.61252484747587,3.6923996175907843
RFSUNEUAIZKAJO_136_0-cata_2,[C:0]1([C:4]([O:10][H:15])([H:20])[H:21])([O:7][H:12])[C:1]([O:8][H:13])([H:17])[C:2]([O:9][H:14])([H:18])[C:3]([C:5]([O:11][H:16])([H:22])[H:23])([H:19])[O:6]1.[O:24]([H:25])[H:26],[C:0]([C:1]([C:2](=[O:9])[H:18])([O:8][H:13])[H:17])([C:4]([O:10][H:15])([H:20])[H:21])([O:6][C:3]([C:5]([O:11][H:16])([H:22])[H:23])([H:19])[H:25])[O:7][H:12].[H:14][O:24][H:26],63.85285668201446,70.39087816248698,5.458413001912038
RFSUNEUAIZKAJO_136_0-cata_4,[C:0]1([C:4]([O:10][H:15])([H:20])[H:21])([O:7][H:12])[C:1]([O:8][H:13])([H:17])[C:2]([O:9][H:14])([H:18])[C:3]([C:5]([O:11][H:16])([H:22])[H:23])([H:19])[O:6]1.[O:24]([H:25])[H:26],[C:0]([C:1]([C:2](=[O:9])[H:18])([O:8][H:13])[H:17])([C:4]([O:10][H:15])([H:20])[H:21])([O:6][C:3]([C:5]([O:11][H:16])([H:22])[H:23])([H:19])[H:25])[O:7][H:12].[H:14][O:24][H:26],60.48564070502646,69.22747554949937,5.458413001912038
RFSUNEUAIZKAJO_144_0-cata_1,[C:0]1([C:4]([O:10][H:15])([H:20])[H:21])([O:7][H:12])[C:1]([O:8][H:13])([H:17])[C:2]([O:9][H:14])([H:18])[C:3]([C:5]([O:11][H:16])([H:22])[H:23])([H:19])[O:6]1.[O:24]([H:25])[H:26],[C:0]1([C:4]([O:10][H:15])([H:20])[H:21])([O:7][H:12])[C:1]([O:8][H:13])([H:17])[C:2]([H:18])=[C:3]([C:5]([O:11][H:16])([H:22])[H:23])[O:6]1.[H:19][O:24][H:26].[O:9]([H:14])[H:25],56.01777306503509,60.86716648099061,4.371175908221794
RFSUNEUAIZKAJO_144_0-cata_2,[C:0]1([C:4]([O:10][H:15])([H:20])[H:21])([O:7][H:12])[C:1]([O:8][H:13])([H:17])[C:2]([O:9][H:14])([H:18])[C:3]([C:5]([O:11][H:16])([H:22])[H:23])([H:19])[O:6]1.[O:24]([H:25])[H:26],[C:0]1([C:4]([O:10][H:15])([H:20])[H:21])([O:7][H:12])[C:1]([O:8][H:13])([H:17])[C:2]([H:18])=[C:3]([C:5]([O:11][H:16])([H:22])[H:23])[O:6]1.[H:19][O:24][H:26].[O:9]([H:14])[H:25],50.311201672032205,57.24643666600061,4.371175908221794
RFSUNEUAIZKAJO_170_0-cata_0,[C:0]1([C:4]([O:10][H:15])([H:20])[H:21])([O:7][H:12])[C:1]([O:8][H:13])([H:17])[C:2]([O:9][H:14])([H:18])[C:3]([C:5]([O:11][H:16])([H:22])[H:23])([H:19])[O:6]1.[O:24]([H:25])[H:26],[C:0]([C:1]([C:2](/[C:3](=[C:5](\[O:11][H:16])[H:23])[H:19])([O:9][H:14])[H:18])([O:8][H:13])[H:17])([C:4]([O:10][H:15])([H:20])[H:21])([O:6][H:25])[O:7][H:12].[H:22][O:24][H:26],43.13123797303962,50.691472428999525,-0.5250956022944828
RFSUNEUAIZKAJO_170_0-cata_2,[C:0]1([C:4]([O:10][H:15])([H:20])[H:21])([O:7][H:12])[C:1]([O:8][H:13])([H:17])[C:2]([O:9][H:14])([H:18])[C:3]([C:5]([O:11][H:16])([H:22])[H:23])([H:19])[O:6]1.[O:24]([H:25])[H:26],[C:0]([C:1]([C:2](/[C:3](=[C:5](\[O:11][H:16])[H:23])[H:19])([O:9][H:14])[H:18])([O:8][H:13])[H:17])([C:4]([O:10][H:15])([H:20])[H:21])([O:6][H:25])[O:7][H:12].[H:22][O:24][H:26],41.42064707600673,48.655831611002576,-0.5250956022944828
RFSUNEUAIZKAJO_170_0-cata_4,[C:0]1([C:4]([O:10][H:15])([H:20])[H:21])([O:7][H:12])[C:1]([O:8][H:13])([H:17])[C:2]([O:9][H:14])([H:18])[C:3]([C:5]([O:11][H:16])([H:22])[H:23])([H:19])[O:6]1.[O:24]([H:25])[H:26],[C:0]([C:1]([C:2](/[C:3](=[C:5](\[O:11][H:16])[H:23])[H:19])([O:9][H:14])[H:18])([O:8][H:13])[H:17])([C:4]([O:10][H:15])([H:20])[H:21])([O:6][H:25])[O:7][H:12].[H:22][O:24][H:26],42.30920052804621,49.4364534290292,-0.5250956022944828
RFSUNEUAIZKAJO_23_0-cata_0,[C:0]1([C:4]([O:10][H:15])([H:20])[H:21])([O:7][H:12])[C:1]([O:8][H:13])([H:17])[C:2]([O:9][H:14])([H:18])[C:3]([C:5]([O:11][H:16])([H:22])[H:23])([H:19])[O:6]1.[O:24]([H:25])[H:26],[C:0]([C:4]([O:10][H:15])([H:20])[H:21])([O:6][C:3]([C:2]([C:1](=[O:8])[H:17])([O:9][H:14])[H:18])([C:5]([O:11][H:16])([H:22])[H:23])[H:19])([O:7][H:12])[H:25].[H:13][O:24][H:26],64.0812701400085,69.53683773300304,5.246653919694072
RFSUNEUAIZKAJO_23_0-cata_2,[C:0]1([C:4]([O:10][H:15])([H:20])[H:21])([O:7][H:12])[C:1]([O:8][H:13])([H:17])[C:2]([O:9][H:14])([H:18])[C:3]([C:5]([O:11][H:16])([H:22])[H:23])([H:19])[O:6]1.[O:24]([H:25])[H:26],[C:0]([C:4]([O:10][H:15])([H:20])[H:21])([O:6][C:3]([C:2]([C:1](=[O:8])[H:17])([O:9][H:14])[H:18])([C:5]([O:11][H:16])([H:22])[H:23])[H:19])([O:7][H:12])[H:25].[H:13][O:24][H:26],60.93870256402402,68.7618635005335,5.246653919694072
RFSUNEUAIZKAJO_23_0-cata_3,[C:0]1([C:4]([O:10][H:15])([H:20])[H:21])([O:7][H:12])[C:1]([O:8][H:13])([H:17])[C:2]([O:9][H:14])([H:18])[C:3]([C:5]([O:11][H:16])([H:22])[H:23])([H:19])[O:6]1.[O:24]([H:25])[H:26],[C:0]([C:4]([O:10][H:15])([H:20])[H:21])([O:6][C:3]([C:2]([C:1](=[O:8])[H:17])([O:9][H:14])[H:18])([C:5]([O:11][H:16])([H:22])[H:23])[H:19])([O:7][H:12])[H:25].[H:13][O:24][H:26],68.7380181395937,74.23060879299479,5.246653919694072
RFSUNEUAIZKAJO_54_0-cata_1,[C:0]1([C:4]([O:10][H:15])([H:20])[H:21])([O:7][H:12])[C:1]([O:8][H:13])([H:17])[C:2]([O:9][H:14])([H:18])[C:3]([C:5]([O:11][H:16])([H:22])[H:23])([H:19])[O:6]1.[O:24]([H:25])[H:26],[C:0](=[C:1](/[C:2]([C:3]([C:5]([O:11][H:16])([H:22])[H:23])([O:6][H:25])[H:19])([O:9][H:14])[H:18])[O:8][H:13])(\[C:4]([O:10][H:15])([H:20])[H:21])[O:7][H:12].[H:17][O:24][H:26],63.32323866406751,71.50847258201891,3.392686424474172
RFSUNEUAIZKAJO_62_1-cata_0,[C:0]1([C:4]([O:10][H:15])([H:20])[H:21])([O:7][H:12])[C:1]([O:8][H:13])([H:17])[C:2]([O:9][H:14])([H:18])[C:3]([C:5]([O:11][H:16])([H:22])[H:23])([H:19])[O:6]1.[O:24]([H:25])[H:26],[C:0]([C:1]([C:2]([C:3]([C:5]([O:11][H:16])([H:22])[H:23])([O:6][H:25])[H:19])([O:9][H:14])[H:18])([O:8][H:13])[H:17])([C:4]([O:10][H:15])([H:20])[H:21])=[O:7].[H:12][O:24][H:26],12.362564659534256,22.471115194980847,-1.2425908221797488
RFSUNEUAIZKAJO_62_1-cata_1,[C:0]1([C:4]([O:10][H:15])([H:20])[H:21])([O:7][H:12])[C:1]([O:8][H:13])([H:17])[C:2]([O:9][H:14])([H:18])[C:3]([C:5]([O:11][H:16])([H:22])[H:23])([H:19])[O:6]1.[O:24]([H:25])[H:26],[C:0]([C:1]([C:2]([C:3]([C:5]([O:11][H:16])([H:22])[H:23])([O:6][H:25])[H:19])([O:9][H:14])[H:18])([O:8][H:13])[H:17])([C:4]([O:10][H:15])([H:20])[H:21])=[O:7].[H:12][O:24][H:26],15.69401259504123,25.05268927802624,-1.2425908221797488
RFSUNEUAIZKAJO_62_1-cata_2,[C:0]1([C:4]([O:10][H:15])([H:20])[H:21])([O:7][H:12])[C:1]([O:8][H:13])([H:17])[C:2]([O:9][H:14])([H:18])[C:3]([C:5]([O:11][H:16])([H:22])[H:23])([H:19])[O:6]1.[O:24]([H:25])[H:26],[C:0]([C:1]([C:2]([C:3]([C:5]([O:11][H:16])([H:22])[H:23])([O:6][H:25])[H:19])([O:9][H:14])[H:18])([O:8][H:13])[H:17])([C:4]([O:10][H:15])([H:20])[H:21])=[O:7].[H:12][O:24][H:26],12.307343823530998,20.03826086348801,-1.2425908221797488
RFSUNEUAIZKAJO_80_0-cata_1,[C:0]1([C:4]([O:10][H:15])([H:20])[H:21])([O:7][H:12])[C:1]([O:8][H:13])([H:17])[C:2]([O:9][H:14])([H:18])[C:3]([C:5]([O:11][H:16])([H:22])[H:23])([H:19])[O:6]1.[O:24]([H:25])[H:26],[C:0]1([C:4]([O:10][H:15])([H:20])[H:21])=[C:1]([O:8][H:13])[C:2]([O:9][H:14])([H:18])[C:3]([C:5]([O:11][H:16])([H:22])[H:23])([H:19])[O:6]1.[H:17][O:24][H:26].[O:7]([H:12])[H:25],39.10325449250774,44.14968589153651,17.478967495219845
WGBICNJMHDVHJB_13_0-cata_4,[C:0]1([O:5][H:8])([H:11])[C:1]([O:6][H:9])([H:12])[C:2]([C:3]([O:7][H:10])([H:14])[H:15])([H:13])[O:4]1.[O:16]([H:17])[H:18],[C:0]([O:4][C:2]([C:1](=[O:6])[H:12])([C:3]([O:7][H:10])([H:14])[H:15])[H:13])([O:5][H:8])([H:11])[H:17].[H:9][O:16][H:18],40.75172194898345,48.73929037450588,-9.041347992351831
WGBICNJMHDVHJB_20_1-cata_0,[C:0]1([O:5][H:8])([H:11])[C:1]([O:6][H:9])([H:12])[C:2]([C:3]([O:7][H:10])([H:14])[H:15])([H:13])[O:4]1.[O:16]([H:17])[H:18],[C:0]([C:1]([C:2]([C:3]([O:7][H:10])([H:14])[H:15])([O:4][H:17])[H:13])([O:6][H:9])[H:12])(=[O:5])[H:11].[H:8][O:16][H:18],8.970248302466944,17.489944784001327,-17.40487571701721
WGBICNJMHDVHJB_20_1-cata_3,[C:0]1([O:5][H:8])([H:11])[C:1]([O:6][H:9])([H:12])[C:2]([C:3]([O:7][H:10])([H:14])[H:15])([H:13])[O:4]1.[O:16]([H:17])[H:18],[C:0]([C:1]([C:2]([C:3]([O:7][H:10])([H:14])[H:15])([O:4][H:17])[H:13])([O:6][H:9])[H:12])(=[O:5])[H:11].[H:8][O:16][H:18],13.48392413598534,21.044786101443663,-17.40487571701721
WGBICNJMHDVHJB_20_1-cata_4,[C:0]1([O:5][H:8])([H:11])[C:1]([O:6][H:9])([H:12])[C:2]([C:3]([O:7][H:10])([H:14])[H:15])([H:13])[O:4]1.[O:16]([H:17])[H:18],[C:0]([C:1]([C:2]([C:3]([O:7][H:10])([H:14])[H:15])([O:4][H:17])[H:13])([O:6][H:9])[H:12])(=[O:5])[H:11].[H:8][O:16][H:18],11.251245334915144,18.755003935946306,-17.40487571701721
WGBICNJMHDVHJB_56_0-cata_3,[C:0]1([O:5][H:8])([H:11])[C:1]([O:6][H:9])([H:12])[C:2]([C:3]([O:7][H:10])([H:14])[H:15])([H:13])[O:4]1.[O:16]([H:17])[H:18],[C:0]1([O:5][H:8])([H:11])[C:1]([H:12])=[C:2]([C:3]([O:7][H:10])([H:14])[H:15])[O:4]1.[H:13][O:16][H:18].[O:6]([H:9])[H:17],54.28772937340864,60.9456051685066,5.597992351816449
WGBICNJMHDVHJB_69_0-cata_1,[C:0]1([O:5][H:8])([H:11])[C:1]([O:6][H:9])([H:12])[C:2]([C:3]([O:7][H:10])([H:14])[H:15])([H:13])[O:4]1.[O:16]([H:17])[H:18],[C:0]1([O:5][H:8])([H:11])[C:1]([O:6][H:9])([H:12])[C:2]([H:13])([H:17])[O:4]1.[C:3](=[O:7])([H:14])[H:15].[H:10][O:16][H:18],67.48927423446486,72.94546933695783,17.769837476099436
WGBICNJMHDVHJB_71_0-cata_2,[C:0]1([O:5][H:8])([H:11])[C:1]([O:6][H:9])([H:12])[C:2]([C:3]([O:7][H:10])([H:14])[H:15])([H:13])[O:4]1.[O:16]([H:17])[H:18],[C:0]([C:1](/[C:2](=[C:3](/[O:7][H:10])[H:15])[H:13])([O:6][H:9])[H:12])([O:4][H:17])([O:5][H:8])[H:11].[H:14][O:16][H:18],41.25937713448586,47.99004403147138,-15.282743785850856
WGBICNJMHDVHJB_75_0-cata_4,[C:0]1([O:5][H:8])([H:11])[C:1]([O:6][H:9])([H:12])[C:2]([C:3]([O:7][H:10])([H:14])[H:15])([H:13])[O:4]1.[O:16]([H:17])[H:18],[C:0]1([O:5][H:8])([H:11])[C:1]([O:6][H:9])([H:12])[C:2](=[C:3]([H:14])[H:15])[O:4]1.[H:13][O:16][H:18].[O:7]([H:10])[H:17],52.721465661510734,58.03458859800823,12.419694072657729
YTXCQYABGWUXFL_22_0-cata_0,[C:0](/[C:1](=[C:2](/[O:5][H:8])[H:11])[O:3][H:6])([O:4][H:7])([H:9])[H:10].[O:12]([H:13])[H:14],[C:0]([C:1]([C:2]([O:5][H:8])([H:11])[H:13])=[O:3])([O:4][H:7])([H:9])[H:10].[H:6][O:12][H:14],30.56975280200821,38.532220847522666,-9.51481835564055
YTXCQYABGWUXFL_22_0-cata_1,[C:0](/[C:1](=[C:2](\[O:5][H:8])[H:11])[O:3][H:6])([O:4][H:7])([H:9])[H:10].[O:12]([H:13])[H:14],[C:0]([C:1]([C:2]([O:5][H:8])([H:11])[H:13])=[O:3])([O:4][H:7])([H:9])[H:10].[H:6][O:12][H:14],29.831174120482444,37.51440043852419,-9.51481835564055
YTXCQYABGWUXFL_22_0-cata_2,[C:0](/[C:1](=[C:2](\[O:5][H:8])[H:11])[O:3][H:6])([O:4][H:7])([H:9])[H:10].[O:12]([H:13])[H:14],[C:0]([C:1]([C:2]([O:5][H:8])([H:11])[H:13])=[O:3])([O:4][H:7])([H:9])[H:10].[H:6][O:12][H:14],28.007004003986623,34.984909644025656,-9.51481835564055
YTXCQYABGWUXFL_22_0-cata_3,[C:0](/[C:1](=[C:2](/[O:5][H:8])[H:11])[O:3][H:6])([O:4][H:7])([H:9])[H:10].[O:12]([H:13])[H:14],[C:0]([C:1]([C:2]([O:5][H:8])([H:11])[H:13])=[O:3])([O:4][H:7])([H:9])[H:10].[H:6][O:12][H:14],27.43095028301423,35.990179863020145,-9.51481835564055
YTXCQYABGWUXFL_22_0-cata_4,[C:0](/[C:1](=[C:2](\[O:5][H:8])[H:11])[O:3][H:6])([O:4][H:7])([H:9])[H:10].[O:12]([H:13])[H:14],[C:0]([C:1]([C:2]([O:5][H:8])([H:11])[H:13])=[O:3])([O:4][H:7])([H:9])[H:10].[H:6][O:12][H:14],27.23642233800599,34.05054799853048,-9.51481835564055
YTXCQYABGWUXFL_22_2-cata2_0,[C:0](/[C:1](=[C:2](\[O:5][H:8])[H:11])[O:3][H:6])([O:4][H:7])([H:9])[H:10].[O:12]([H:13])[H:14],[C:0]([C:1]([C:2]([O:5][H:8])([H:11])[H:13])=[O:3])([O:4][H:6])([H:9])[H:10].[H:7][O:12][H:14],33.67404229848231,42.593462331506245,-9.51481835564055
YTXCQYABGWUXFL_22_3-cata2_0,[C:0](/[C:1](=[C:2](/[O:5][H:8])[H:11])[O:3][H:6])([O:4][H:7])([H:9])[H:10].[O:12]([H:13])[H:14],[C:0]([C:1]([C:2]([O:5][H:6])([H:11])[H:13])=[O:3])([O:4][H:7])([H:9])[H:10].[H:8][O:12][H:14],34.349242520489746,41.34471842652008,-9.51481835564055
YTXCQYABGWUXFL_22_3-cata2_1,[C:0](/[C:1](=[C:2](/[O:5][H:8])[H:11])[O:3][H:6])([O:4][H:7])([H:9])[H:10].[O:12]([H:13])[H:14],[C:0]([C:1]([C:2]([O:5][H:6])([H:11])[H:13])=[O:3])([O:4][H:7])([H:9])[H:10].[H:8][O:12][H:14],38.96896745952575,45.21143196553109,-9.51481835564055
YTXCQYABGWUXFL_24_0-cata_0,[C:0](/[C:1](=[C:2](\[O:5][H:8])[H:11])[O:3][H:6])([O:4][H:7])([H:9])[H:10].[O:12]([H:13])[H:14],[C:0]1([H:9])([H:10])[C:1]([C:2]([O:5][H:8])([H:11])[H:13])([O:3][H:6])[O:4]1.[H:7][O:12][H:14],38.89492133853435,49.05994772901671,5.33173996175908
YTXCQYABGWUXFL_41_0-cata_0,[C:0](/[C:1](=[C:2](\[O:5][H:8])[H:11])[O:3][H:6])([O:4][H:7])([H:9])[H:10].[O:12]([H:13])[H:14],[C:0](=[C:1]([C:2](=[O:5])[H:11])[O:3][H:6])([H:9])[H:10].[H:8][O:12][H:14].[O:4]([H:7])[H:13],14.903978134502696,22.889664031529875,-4.039196940726572
ZFLZVOVMARLBGK_103_0-cata_1,[C:0]1([C:4]([O:10][H:15])([H:20])[H:21])([O:7][H:12])[C:1]([O:8][H:13])([H:17])[C:2]([C:3]([C:5]([O:11][H:16])([H:22])[H:23])([O:9][H:14])[H:19])([H:18])[O:6]1.[O:24]([H:25])[H:26],[C:0]([C:1](=[O:8])[H:17])([C:4]([O:10][H:15])([H:20])[H:21])([O:6][C:2]([C:3]([C:5]([O:11][H:16])([H:22])[H:23])([O:9][H:14])[H:19])([H:18])[H:25])[O:7][H:12].[H:13][O:24][H:26],47.28535086303841,56.5417434974963,-2.185468451242831
ZFLZVOVMARLBGK_156_0-cata_0,[C:0]1([C:4]([O:10][H:15])([H:20])[H:21])([O:7][H:12])[C:1]([O:8][H:13])([H:17])[C:2]([C:3]([C:5]([O:11][H:16])([H:22])[H:23])([O:9][H:14])[H:19])([H:18])[O:6]1.[O:24]([H:25])[H:26],[C:0]1([C:4]([O:10][H:15])([H:20])[H:21])([O:7][H:12])[C:1]([O:8][H:13])([H:17])/[C:2](=[C:3](/[C:5]([O:11][H:16])([H:22])[H:23])[H:19])[O:6]1.[H:18][O:24][H:26].[O:9]([H:14])[H:25],56.13135228460503,60.39402431797241,16.067399617590848
ZFLZVOVMARLBGK_156_0-cata_2,[C:0]1([C:4]([O:10][H:15])([H:20])[H:21])([O:7][H:12])[C:1]([O:8][H:13])([H:17])[C:2]([C:3]([C:5]([O:11][H:16])([H:22])[H:23])([O:9][H:14])[H:19])([H:18])[O:6]1.[O:24]([H:25])[H:26],[C:0]1([C:4]([O:10][H:15])([H:20])[H:21])([O:7][H:12])[C:1]([O:8][H:13])([H:17])/[C:2](=[C:3](/[C:5]([O:11][H:16])([H:22])[H:23])[H:19])[O:6]1.[H:18][O:24][H:26].[O:9]([H:14])[H:25],53.217825676112994,59.342318395988144,16.067399617590848
ZFLZVOVMARLBGK_156_0-cata_4,[C:0]1([C:4]([O:10][H:15])([H:20])[H:21])([O:7][H:12])[C:1]([O:8][H:13])([H:17])[C:2]([C:3]([C:5]([O:11][H:16])([H:22])[H:23])([O:9][H:14])[H:19])([H:18])[O:6]1.[O:24]([H:25])[H:26],[C:0]1([C:4]([O:10][H:15])([H:20])[H:21])([O:7][H:12])[C:1]([O:8][H:13])([H:17])/[C:2](=[C:3](/[C:5]([O:11][H:16])([H:22])[H:23])[H:19])[O:6]1.[H:18][O:24][H:26].[O:9]([H:14])[H:25],51.96343418556975,55.98200502348272,16.067399617590848
ZFLZVOVMARLBGK_165_0-cata_0,[C:0]1([C:4]([O:10][H:15])([H:20])[H:21])([O:7][H:12])[C:1]([O:8][H:13])([H:17])[C:2]([C:3]([C:5]([O:11][H:16])([H:22])[H:23])([O:9][H:14])[H:19])([H:18])[O:6]1.[O:24]([H:25])[H:26],[C:0]1([C:4]([O:10][H:15])([H:20])[H:21])([O:7][H:12])[C:1]([O:8][H:13])([H:17])[C:2]([C:3](=[O:9])[H:19])([H:18])[O:6]1.[C:5]([O:11][H:16])([H:22])([H:23])[H:25].[H:14][O:24][H:26],70.67451245655562,76.43881472348409,12.176625239005709
ZFLZVOVMARLBGK_169_0-cata_2,[C:0]1([C:4]([O:10][H:15])([H:20])[H:21])([O:7][H:12])[C:1]([O:8][H:13])([H:17])[C:2]([C:3]([C:5]([O:11][H:16])([H:22])[H:23])([O:9][H:14])[H:19])([H:18])[O:6]1.[O:24]([H:25])[H:26],[C:0]1([C:4]([O:10][H:15])([H:20])[H:21])([O:7][H:12])[C:1]([O:8][H:13])([H:17])[C:2]([C:3]([O:9][H:14])([H:19])[H:25])([H:18])[O:6]1.[C:5](=[O:11])([H:22])[H:23].[H:16][O:24][H:26],60.38461167556751,68.2667585049994,18.122848948374767
ZFLZVOVMARLBGK_169_0-cata_3,[C:0]1([C:4]([O:10][H:15])([H:20])[H:21])([O:7][H:12])[C:1]([O:8][H:13])([H:17])[C:2]([C:3]([C:5]([O:11][H:16])([H:22])[H:23])([O:9][H:14])[H:19])([H:18])[O:6]1.[O:24]([H:25])[H:26],[C:0]1([C:4]([O:10][H:15])([H:20])[H:21])([O:7][H:12])[C:1]([O:8][H:13])([H:17])[C:2]([C:3]([O:9][H:14])([H:19])[H:25])([H:18])[O:6]1.[C:5](=[O:11])([H:22])[H:23].[H:16][O:24][H:26],62.51751646603292,69.81419693201617,18.122848948374767
ZFLZVOVMARLBGK_172_0-cata_2,[C:0]1([C:4]([O:10][H:15])([H:20])[H:21])([O:7][H:12])[C:1]([O:8][H:13])([H:17])[C:2]([C:3]([C:5]([O:11][H:16])([H:22])[H:23])([O:9][H:14])[H:19])([H:18])[O:6]1.[O:24]([H:25])[H:26],[C:0]1([C:4]([O:10][H:15])([H:20])[H:21])([O:7][H:12])[C:1]([O:8][H:13])([H:17])[C:2](/[C:3](=[C:5](/[O:11][H:16])[H:23])[H:19])([H:18])[O:6]1.[H:22][O:24][H:26].[O:9]([H:14])[H:25],56.68983573955044,59.91146951247797,6.4275812619502934
ZFLZVOVMARLBGK_20_0-cata_4,[C:0]1([C:4]([O:10][H:15])([H:20])[H:21])([O:7][H:12])[C:1]([O:8][H:13])([H:17])[C:2]([C:3]([C:5]([O:11][H:16])([H:22])[H:23])([O:9][H:14])[H:19])([H:18])[O:6]1.[O:24]([H:25])[H:26],[C:0]([C:4]([O:10][H:15])([H:20])[H:21])([O:6][C:2]([C:1]([O:8][H:13])([H:17])[H:25])([C:3]([C:5]([O:11][H:16])([H:22])[H:23])([O:9][H:14])[H:19])[H:18])=[O:7].[H:12][O:24][H:26],45.56471981403087,54.14214716949083,-23.254780114722752
ZFLZVOVMARLBGK_23_0-cata_0,[C:0]1([C:4]([O:10][H:15])([H:20])[H:21])([O:7][H:12])[C:1]([O:8][H:13])([H:17])[C:2]([C:3]([C:5]([O:11][H:16])([H:22])[H:23])([O:9][H:14])[H:19])([H:18])[O:6]1.[O:24]([H:25])[H:26],[C:0]([C:4]([O:10][H:15])([H:20])[H:21])([O:6][C:2]([C:1](=[O:8])[H:17])([C:3]([C:5]([O:11][H:16])([H:22])[H:23])([O:9][H:14])[H:19])[H:18])([O:7][H:12])[H:25].[H:13][O:24][H:26],54.34169519055774,61.207276629988,-8.81978967495221
ZFLZVOVMARLBGK_23_0-cata_1,[C:0]1([C:4]([O:10][H:15])([H:20])[H:21])([O:7][H:12])[C:1]([O:8][H:13])([H:17])[C:2]([C:3]([C:5]([O:11][H:16])([H:22])[H:23])([O:9][H:14])[H:19])([H:18])[O:6]1.[O:24]([H:25])[H:26],[C:0]([C:4]([O:10][H:15])([H:20])[H:21])([O:6][C:2]([C:1](=[O:8])[H:17])([C:3]([C:5]([O:11][H:16])([H:22])[H:23])([O:9][H:14])[H:19])[H:18])([O:7][H:12])[H:25].[H:13][O:24][H:26],59.7181965865379,65.46304605901548,-8.81978967495221
ZFLZVOVMARLBGK_23_0-cata_2,[C:0]1([C:4]([O:10][H:15])([H:20])[H:21])([O:7][H:12])[C:1]([O:8][H:13])([H:17])[C:2]([C:3]([C:5]([O:11][H:16])([H:22])[H:23])([O:9][H:14])[H:19])([H:18])[O:6]1.[O:24]([H:25])[H:26],[C:0]([C:4]([O:10][H:15])([H:20])[H:21])([O:6][C:2]([C:1](=[O:8])[H:17])([C:3]([C:5]([O:11][H:16])([H:22])[H:23])([O:9][H:14])[H:19])[H:18])([O:7][H:12])[H:25].[H:13][O:24][H:26],54.922768987517465,60.552784221499614,-8.81978967495221
ZFLZVOVMARLBGK_48_0-cata_1,[C:0]1([C:4]([O:10][H:15])([H:20])[H:21])([O:7][H:12])[C:1]([O:8][H:13])([H:17])[C:2]([C:3]([C:5]([O:11][H:16])([H:22])[H:23])([O:9][H:14])[H:19])([H:18])[O:6]1.[O:24]([H:25])[H:26],[C:0]1([O:7][H:12])([H:25])[C:1]([O:8][H:13])([H:17])[C:2]([C:3]([C:5]([O:11][H:16])([H:22])[H:23])([O:9][H:14])[H:19])([H:18])[O:6]1.[C:4](=[O:10])([H:20])[H:21].[H:15][O:24][H:26],69.03985020904504,75.02880087697704,12.975143403441685
ZFLZVOVMARLBGK_48_0-cata_4,[C:0]1([C:4]([O:10][H:15])([H:20])[H:21])([O:7][H:12])[C:1]([O:8][H:13])([H:17])[C:2]([C:3]([C:5]([O:11][H:16])([H:22])[H:23])([O:9][H:14])[H:19])([H:18])[O:6]1.[O:24]([H:25])[H:26],[C:0]1([O:7][H:12])([H:25])[C:1]([O:8][H:13])([H:17])[C:2]([C:3]([C:5]([O:11][H:16])([H:22])[H:23])([O:9][H:14])[H:19])([H:18])[O:6]1.[C:4](=[O:10])([H:20])[H:21].[H:15][O:24][H:26],73.2071407985819,77.42651467648727,12.975143403441685
ZFLZVOVMARLBGK_64_0-cata_4,[C:0]1([C:4]([O:10][H:15])([H:20])[H:21])([O:7][H:12])[C:1]([O:8][H:13])([H:17])[C:2]([C:3]([C:5]([O:11][H:16])([H:22])[H:23])([O:9][H:14])[H:19])([H:18])[O:6]1.[O:24]([H:25])[H:26],[C:0](\[C:1]([C:2]([C:3]([C:5]([O:11][H:16])([H:22])[H:23])([O:9][H:14])[H:19])([O:6][H:25])[H:18])([O:8][H:13])[H:17])(=[C:4](/[O:10][H:15])[H:21])[O:7][H:12].[H:20][O:24][H:26],36.19286543157913,43.60814519297698,-5.369024856596544
ZFLZVOVMARLBGK_68_0-cata_0,[C:0]1([C:4]([O:10][H:15])([H:20])[H:21])([O:7][H:12])[C:1]([O:8][H:13])([H:17])[C:2]([C:3]([C:5]([O:11][H:16])([H:22])[H:23])([O:9][H:14])[H:19])([H:18])[O:6]1.[O:24]([H:25])[H:26],[C:0]([C:1]([C:2]([C:3]([C:5]([O:11][H:16])([H:22])[H:23])([O:9][H:14])[H:19])([O:6][H:25])[H:18])([O:8][H:13])[H:17])([C:4]([O:10][H:15])([H:20])[H:21])=[O:7].[H:12][O:24][H:26],15.195770052015058,21.31900775296472,-15.949091778202675
ZFLZVOVMARLBGK_68_0-cata_2,[C:0]1([C:4]([O:10][H:15])([H:20])[H:21])([O:7][H:12])[C:1]([O:8][H:13])([H:17])[C:2]([C:3]([C:5]([O:11][H:16])([H:22])[H:23])([O:9][H:14])[H:19])([H:18])[O:6]1.[O:24]([H:25])[H:26],[C:0]([C:1]([C:2]([C:3]([C:5]([O:11][H:16])([H:22])[H:23])([O:9][H:14])[H:19])([O:6][H:25])[H:18])([O:8][H:13])[H:17])([C:4]([O:10][H:15])([H:20])[H:21])=[O:7].[H:12][O:24][H:26],6.678583608545676,15.899835710949612,-15.949091778202675
ZFLZVOVMARLBGK_68_0-cata_3,[C:0]1([C:4]([O:10][H:15])([H:20])[H:21])([O:7][H:12])[C:1]([O:8][H:13])([H:17])[C:2]([C:3]([C:5]([O:11][H:16])([H:22])[H:23])([O:9][H:14])[H:19])([H:18])[O:6]1.[O:24]([H:25])[H:26],[C:0]([C:1]([C:2]([C:3]([C:5]([O:11][H:16])([H:22])[H:23])([O:9][H:14])[H:19])([O:6][H:25])[H:18])([O:8][H:13])[H:17])([C:4]([O:10][H:15])([H:20])[H:21])=[O:7].[H:12][O:24][H:26],12.558975133037745,20.088461623503942,-15.949091778202675
ZFLZVOVMARLBGK_68_0-cata_4,[C:0]1([C:4]([O:10][H:15])([H:20])[H:21])([O:7][H:12])[C:1]([O:8][H:13])([H:17])[C:2]([C:3]([C:5]([O:11][H:16])([H:22])[H:23])([O:9][H:14])[H:19])([H:18])[O:6]1.[O:24]([H:25])[H:26],[C:0]([C:1]([C:2]([C:3]([C:5]([O:11][H:16])([H:22])[H:23])([O:9][H:14])[H:19])([O:6][H:25])[H:18])([O:8][H:13])[H:17])([C:4]([O:10][H:15])([H:20])[H:21])=[O:7].[H:12][O:24][H:26],10.813871213591996,18.2498587885089,-15.949091778202675
LKDRXBCSQODPBY_46_0-cata_0,[C:0]1([C:4]([O:11][H:16])([H:20])[H:21])([O:7][H:12])[C:1]([O:8][H:13])([H:17])[C:2]([O:9][H:14])([H:18])[C:3]([O:10][H:15])([H:19])[C:5]([H:22])([H:23])[O:6]1.[O:24]([H:25])[H:26],[C:0]([C:1]([C:2]([C:3]([C:5]([O:6][H:16])([H:22])[H:23])([O:10][H:15])[H:19])([O:9][H:14])[H:18])([O:8][H:13])[H:17])([C:4]([O:11][H:26])([H:20])[H:21])=[O:7].[H:12][O:24][H:25],19.49295510808066,28.97274112454526,1.4801625239005696
LKDRXBCSQODPBY_46_0-cata_2,[C:0]1([C:4]([O:11][H:16])([H:20])[H:21])([O:7][H:25])[C:1]([O:8][H:13])([H:17])[C:2]([O:9][H:14])([H:18])[C:3]([O:10][H:15])([H:19])[C:5]([H:22])([H:23])[O:6]1.[H:12][O:24][H:26],[C:0]([C:1]([C:2]([C:3]([C:5]([O:6][H:12])([H:22])[H:23])([O:10][H:15])[H:19])([O:9][H:14])[H:18])([O:8][H:13])[H:17])([C:4]([O:11][H:16])([H:20])[H:21])=[O:7].[O:24]([H:25])[H:26],22.77420228350036,30.52582713704777,1.4801625239005696
MNQZXJOMYWMBOU_26_0-cata_2,[C:0]([C:1]([O:4][H:7])([H:9])[H:10])([C:2](=[O:5])[H:11])([O:3][H:6])[H:13].[H:8][O:12][H:14],[C:0]([C:1]([O:4][H:7])([H:9])[H:10])([C:2]([O:5][H:6])([H:11])[H:13])=[O:3].[H:8][O:12][H:14],32.815609302509465,40.61429736847372,1.27246653919693
RFSUNEUAIZKAJO_65_0-cata_0,[C:0]1([C:4]([O:10][H:15])([H:20])[H:21])([O:7][H:12])[C:1]([O:8][H:13])([H:17])[C:2]([O:9][H:14])([H:18])[C:3]([C:5]([O:11][H:16])([H:22])[H:23])([H:19])[O:6]1.[O:24]([H:25])[H:26],[C:0](\[C:1]([C:2]([C:3]([C:5]([O:11][H:16])([H:22])[H:23])([O:6][H:25])[H:19])([O:9][H:14])[H:18])([O:8][H:13])[H:17])(=[C:4](/[O:10][H:15])[H:21])[O:7][H:12].[H:20][O:24][H:26],25.55657940653815,35.55406076047981,9.337476099426382
RFSUNEUAIZKAJO_80_0-cata_2,[C:0]1([C:4]([O:10][H:15])([H:20])[H:21])([O:7][H:12])[C:1]([O:8][H:13])([H:17])[C:2]([O:9][H:14])([H:18])[C:3]([C:5]([O:11][H:16])([H:22])[H:23])([H:19])[O:6]1.[O:24]([H:25])[H:26],[C:0]1([C:4]([O:10][H:15])([H:20])[H:21])=[C:1]([O:8][H:13])[C:2]([O:9][H:14])([H:18])[C:3]([C:5]([O:11][H:16])([H:22])[H:23])([H:19])[O:6]1.[H:17][O:24][H:26].[O:7]([H:12])[H:25],34.30908191255548,40.86592867798047,17.478967495219845
WGBICNJMHDVHJB_18_0-cata_3,[C:0]1([O:5][H:8])([H:11])[C:1]([O:6][H:9])([H:12])[C:2]([C:3]([O:7][H:10])([H:14])[H:15])([H:13])[O:4]1.[O:16]([H:17])[H:18],[C:0](=[C:1](\[O:6][H:9])[H:12])(\[O:5][H:8])[H:11].[C:2]([C:3]([O:7][H:10])([H:14])[H:15])(=[O:4])[H:13].[O:16]([H:17])[H:18],27.51942912243352,35.88224822900729,13.323135755258132
WGBICNJMHDVHJB_51_0-cata_0,[C:0]1([O:5][H:8])([H:11])[C:1]([O:6][H:17])([H:12])[C:2]([C:3]([O:7][H:10])([H:14])[H:15])([H:13])[O:4]1.[H:9][O:16][H:18],[C:0](=[C:1](\[O:6][H:17])[H:12])(\[O:5][H:8])[H:11].[C:2]([C:3]([O:7][H:10])([H:14])[H:15])(=[O:4])[H:13].[H:9][O:16][H:18],32.63802411399411,40.799412671005726,13.323135755258132
YTXCQYABGWUXFL_22_2-cata1_4,[C:0](/[C:1](=[C:2](/[O:5][H:8])[H:11])[O:3][H:6])([O:4][H:7])([H:9])[H:10].[O:12]([H:13])[H:14],[C:0]([C:1]([C:2]([O:5][H:8])([H:7])[H:11])=[O:3])([O:4][H:13])([H:9])[H:10].[H:6][O:12][H:14],32.45228130199936,41.37923144903996,-9.51481835564055
YTXCQYABGWUXFL_22_2-cata2_1,[C:0](/[C:1](=[C:2](/[O:5][H:8])[H:11])[O:3][H:6])([O:4][H:7])([H:9])[H:10].[O:12]([H:13])[H:14],[C:0]([C:1]([C:2]([O:5][H:8])([H:11])[H:13])=[O:3])([O:4][H:6])([H:9])[H:10].[H:7][O:12][H:14],28.45567329649528,37.49620266303447,-9.51481835564055
YTXCQYABGWUXFL_22_2-cata2_2,[C:0](/[C:1](=[C:2](\[O:5][H:8])[H:11])[O:3][H:6])([O:4][H:7])([H:9])[H:10].[O:12]([H:13])[H:14],[C:0]([C:1]([C:2]([O:5][H:8])([H:11])[H:13])=[O:3])([O:4][H:6])([H:9])[H:10].[H:7][O:12][H:14],33.55920805998689,42.47047046953141,-9.51481835564055
YTXCQYABGWUXFL_24_1-cata_0,[C:0](/[C:1](=[C:2](\[O:5][H:8])[H:11])[O:3][H:6])([O:4][H:7])([H:9])[H:10].[O:12]([H:13])[H:14],[C:0]([C:1]([C:2](=[O:5])[H:11])([O:3][H:6])[H:13])([O:4][H:7])([H:9])[H:10].[H:8][O:12][H:14],29.752735433002133,37.985032563513066,-10.787284894837478
YTXCQYABGWUXFL_24_1-cata_3,[C:0](/[C:1](=[C:2](/[O:5][H:8])[H:11])[O:3][H:6])([O:4][H:7])([H:9])[H:10].[O:12]([H:13])[H:14],[C:0]([C:1]([C:2](=[O:5])[H:11])([O:3][H:6])[H:13])([O:4][H:7])([H:9])[H:10].[H:8][O:12][H:14],32.32740691149361,40.75925206303578,-10.787284894837478
YTXCQYABGWUXFL_24_1-cata_4,[C:0](/[C:1](=[C:2](/[O:5][H:8])[H:11])[O:3][H:6])([O:4][H:7])([H:9])[H:10].[O:12]([H:13])[H:14],[C:0]([C:1]([C:2](=[O:5])[H:11])([O:3][H:6])[H:13])([O:4][H:7])([H:9])[H:10].[H:8][O:12][H:14],35.14178701898627,43.0948424220245,-10.787284894837478
YTXCQYABGWUXFL_26_1-cata2_1,[C:0](=[C:1](\[C:2]([O:5][H:8])([H:7])[H:11])[O:3][H:6])(\[O:4][H:9])[H:10].[O:12]([H:13])[H:14],[C:0]([C:1]([C:2]([O:5][H:8])([H:7])[H:11])([O:3][H:6])[H:13])(=[O:4])[H:10].[H:9][O:12][H:14],27.914132597971417,36.50097259601463,-10.787284894837478
YTXCQYABGWUXFL_26_2-cata2_4,[C:0](=[C:1](\[C:2]([O:5][H:8])([H:7])[H:11])[O:3][H:6])(\[O:4][H:9])[H:10].[O:12]([H:13])[H:14],[C:0]([C:1]([C:2]([O:5][H:8])([H:7])[H:11])([O:3][H:6])[H:13])(=[O:4])[H:10].[H:9][O:12][H:14],31.41940066500324,38.9181391900114,-10.787284894837478
ZFLZVOVMARLBGK_163_0-cata_2,[C:0]1([C:4]([O:10][H:15])([H:20])[H:21])([O:7][H:25])[C:1]([O:8][H:13])([H:17])[C:2]([C:3]([C:5]([O:11][H:16])([H:22])[H:23])([O:9][H:14])[H:19])([H:18])[O:6]1.[H:12][O:24][H:26],[C:0]([C:1]([C:2]([C:3]([C:5]([O:11][H:16])([H:22])[H:23])([O:9][H:14])[H:19])([O:6][H:26])[H:18])([O:8][H:13])[H:17])([C:4]([O:10][H:15])([H:20])[H:21])=[O:7].[H:12][O:24][H:25],11.881264873036647,18.90999878248301,-15.949091778202675
ZFLZVOVMARLBGK_163_0-cata_3,[C:0]1([C:4]([O:10][H:15])([H:20])[H:21])([O:7][H:12])[C:1]([O:8][H:13])([H:17])[C:2]([C:3]([C:5]([O:11][H:16])([H:22])[H:23])([O:9][H:14])[H:19])([H:18])[O:6]1.[O:24]([H:25])[H:26],[C:0]([C:1]([C:2]([C:3]([C:5]([O:11][H:16])([H:22])[H:23])([O:9][H:14])[H:19])([O:6][H:25])[H:18])([O:8][H:13])[H:17])([C:4]([O:10][H:15])([H:20])[H:21])=[O:7].[H:12][O:24][H:26],12.268438234557884,19.49044507001566,-15.949091778202675
ZFLZVOVMARLBGK_64_0-cata_0,[C:0]1([C:4]([O:10][H:15])([H:20])[H:21])([O:7][H:12])[C:1]([O:8][H:13])([H:17])[C:2]([C:3]([C:5]([O:11][H:16])([H:22])[H:23])([O:9][H:14])[H:19])([H:18])[O:6]1.[O:24]([H:25])[H:26],[C:0](=[C:1](/[O:8][H:13])[H:17])(\[C:4]([O:10][H:15])([H:20])[H:21])[O:7][H:12].[C:2]([C:3]([C:5]([O:11][H:16])([H:22])[H:23])([O:9][H:14])[H:19])(=[O:6])[H:18].[O:24]([H:25])[H:26],21.19476087199305,29.35112935301733,15.84799235181644
ZFLZVOVMARLBGK_72_0-cata_0,[C:0]1([C:4]([O:10][H:15])([H:20])[H:21])([O:7][H:12])[C:1]([O:8][H:13])([H:17])[C:2]([C:3]([C:5]([O:11][H:16])([H:22])[H:23])([O:9][H:14])[H:19])([H:18])[O:6]1.[O:24]([H:25])[H:26],[C:0]([C:1]([C:2]([C:3]([C:5]([O:11][H:16])([H:22])[H:23])([O:9][H:14])[H:19])([O:6][H:25])[H:18])([O:8][H:13])[H:17])([C:4]([O:10])([H:20])[H:21])[O:7][H:12].[H:15][O:24][H:26],17.806209571987573,26.68735152546547,TCIT fails
ZFLZVOVMARLBGK_99_1-cata_4,[C:0]1([C:4]([O:10][H:13])([H:20])[H:21])([O:7][H:12])[C:1]([O:8][H:25])([H:17])[C:2]([C:3]([C:5]([O:11][H:16])([H:22])[H:23])([O:9][H:14])[H:19])([H:18])[O:6]1.[H:15][O:24][H:26],[C:0]([C:1](/[C:2](=[C:3](\[O:9][H:14])[H:19])[H:18])([O:8][H:25])[H:17])([C:4]([O:10][H:13])([H:20])[H:21])([O:6][H:16])[O:7][H:12].[C:5](=[O:11])([H:22])[H:23].[H:15][O:24][H:26],34.18483503158381,44.1735312524763,3.891013384321217
CDCKCSRWIDFXIZ_13_7-cata1_4,[C:0]([C:1](/[C:4](=[C:5](\[O:11][H:17])[H:23])[O:9][H:15])([O:7][H:13])[H:19])([C:2]([C:3]([O:10][H:16])([H:21])[H:22])([O:8][H:14])[H:20])([O:6][H:12])[H:18].[O:24]([H:25])[H:26],[C:0](/[C:1](=[C:4](\[C:5]([O:11][H:17])([H:23])[H:25])[O:9][H:15])[O:7][H:13])([C:2]([C:3]([O:10][H:16])([H:21])[H:22])([O:8][H:14])[H:20])([O:6][H:12])[H:18].[H:19][O:24][H:26],56.41937914501988,63.538474422452126,-5.94478967495221
CDCKCSRWIDFXIZ_158_0-cata_2,[C:0]([C:1](/[C:4](=[C:5](/[O:11][H:17])[H:23])[O:9][H:15])([O:7][H:13])[H:19])([C:2]([C:3]([O:10][H:16])([H:21])[H:22])([O:8][H:14])[H:20])([O:6][H:12])[H:18].[O:24]([H:25])[H:26],[C:0]([C:1](/[C:4](=[C:5](/[O:11][H:17])[H:23])[O:9][H:15])([O:7][H:13])[H:19])([C:2](=[O:8])[H:20])([O:6][H:12])[H:18].[C:3]([O:10][H:16])([H:21])([H:22])[H:25].[H:14][O:24][H:26],65.49065647701711,72.0920564169723,16.46319311663476
CDCKCSRWIDFXIZ_167_0-cata_1,[C:0]([C:1](/[C:4](=[C:5](/[O:11][H:17])[H:23])[O:9][H:15])([O:7][H:13])[H:19])([C:2]([C:3]([O:10][H:16])([H:21])[H:22])([O:8][H:14])[H:20])([O:6][H:12])[H:18].[O:24]([H:25])[H:26],[C:0]([C:1](/[C:4](=[C:5](/[O:11][H:17])[H:23])[O:9][H:15])([O:7][H:13])[H:19])(/[C:2](=[C:3](\[O:10][H:16])[H:22])[H:20])([O:6][H:12])[H:18].[H:21][O:24][H:26].[O:8]([H:14])[H:25],53.55354325855013,60.75107722349835,11.643403441682574
CDCKCSRWIDFXIZ_182_0-cata_4,[C:0]([C:1](/[C:4](=[C:5](/[O:11][H:17])[H:23])[O:9][H:15])([O:7][H:13])[H:19])([C:2]([C:3]([O:10][H:16])([H:21])[H:22])([O:8][H:14])[H:20])([O:6][H:12])[H:18].[O:24]([H:25])[H:26],[C:0]([C:1](/[C:4](=[C:5](/[O:11][H:17])[H:23])[O:9][H:15])([O:7][H:13])[H:19])([C:2](=[C:3]([H:21])[H:22])[O:8][H:14])([O:6][H:12])[H:18].[H:20][O:24][H:26].[O:10]([H:16])[H:25],53.716695728494905,59.74768953296344,7.499282982791575
CDCKCSRWIDFXIZ_226_0-cata_0,[C:0]([C:1](/[C:4](=[C:5](/[O:11][H:17])[H:23])[O:9][H:15])([O:7][H:13])[H:19])([C:2]([C:3]([O:10][H:16])([H:21])[H:22])([O:8][H:14])[H:20])([O:6][H:12])[H:18].[O:24]([H:25])[H:26],[C:0]1([O:6][H:12])([H:18])[C:1]([O:7][H:13])([H:19])[C:4]([C:5]([O:11][H:17])([H:23])[H:25])([O:9][H:15])[O:8][C:2]1([C:3]([O:10][H:16])([H:21])[H:22])[H:20].[H:14][O:24][H:26],23.88865915554021,35.35074768249375,-9.337476099426382
CDCKCSRWIDFXIZ_226_0-cata_2,[C:0]([C:1](/[C:4](=[C:5](\[O:11][H:17])[H:23])[O:9][H:15])([O:7][H:13])[H:19])([C:2]([C:3]([O:10][H:16])([H:21])[H:22])([O:8][H:14])[H:20])([O:6][H:12])[H:18].[O:24]([H:25])[H:26],[C:0]1([O:6][H:12])([H:18])[C:1]([O:7][H:13])([H:19])[C:4]([C:5]([O:11][H:17])([H:23])[H:25])([O:9][H:15])[O:8][C:2]1([C:3]([O:10][H:16])([H:21])[H:22])[H:20].[H:14][O:24][H:26],36.55744845101472,46.36479442650838,-9.337476099426382
CDCKCSRWIDFXIZ_228_10-cata2_3,[C:0]([C:1](/[C:4](=[C:5](/[O:11][H:17])[H:23])[O:9][H:15])([O:7][H:13])[H:19])([C:2]([C:3]([O:10][H:16])([H:21])[H:22])([O:8][H:14])[H:20])([O:6][H:12])[H:18].[O:24]([H:25])[H:26],[C:0]([C:1]([C:4]([C:5]([O:11][H:17])([H:23])[H:25])=[O:9])([O:7][H:13])[H:19])([C:2]([C:3]([O:10][H:16])([H:21])[H:22])([O:8][H:14])[H:20])([O:6][H:12])[H:18].[H:15][O:24][H:26],29.68621942602739,39.33166795050177,-10.58006692160613
CDCKCSRWIDFXIZ_228_11-cata1_0,[C:0]([C:1](/[C:4](=[C:5](/[O:11][H:17])[H:23])[O:9][H:15])([O:7][H:13])[H:19])([C:2]([C:3]([O:10][H:16])([H:21])[H:22])([O:8][H:14])[H:20])([O:6][H:12])[H:18].[O:24]([H:25])[H:26],[C:0]([C:1]([C:4]([C:5]([O:11][H:17])([H:16])[H:23])=[O:9])([O:7][H:13])[H:19])([C:2]([C:3]([O:10][H:25])([H:21])[H:22])([O:8][H:14])[H:20])([O:6][H:12])[H:18].[H:15][O:24][H:26],19.86569575099566,28.90999017448967,-10.58006692160613
CDCKCSRWIDFXIZ_228_11-cata2_1,[C:0]([C:1](/[C:4](=[C:5](/[O:11][H:17])[H:23])[O:9][H:15])([O:7][H:13])[H:19])([C:2]([C:3]([O:10][H:16])([H:21])[H:22])([O:8][H:14])[H:20])([O:6][H:12])[H:18].[O:24]([H:25])[H:26],[C:0]([C:1]([C:4]([C:5]([O:11][H:17])([H:23])[H:25])=[O:9])([O:7][H:13])[H:19])([C:2]([C:3]([O:10][H:15])([H:21])[H:22])([O:8][H:14])[H:20])([O:6][H:12])[H:18].[H:16][O:24][H:26],16.396195725551877,27.06071967795022,-10.58006692160613
CDCKCSRWIDFXIZ_228_7-cata1_0,[C:0]([C:1](/[C:4](=[C:5](/[O:11][H:17])[H:23])[O:9][H:15])([O:7][H:13])[H:19])([C:2]([C:3]([O:10][H:16])([H:21])[H:22])([O:8][H:14])[H:20])([O:6][H:12])[H:18].[O:24]([H:25])[H:26],[C:0]([C:1]([C:4]([C:5]([O:11][H:17])([H:23])[H:25])=[O:9])([O:7][H:13])[H:19])([C:2]([C:3]([O:10][H:16])([H:21])[H:22])([O:8][H:14])[H:20])([O:6][H:12])[H:18].[H:15][O:24][H:26],37.51251790995761,46.09810288896832,-10.58006692160613
CDCKCSRWIDFXIZ_228_7-cata1_1,[C:0]([C:1](/[C:4](=[C:5](/[O:11][H:17])[H:23])[O:9][H:15])([O:7][H:13])[H:19])([C:2]([C:3]([O:10][H:16])([H:21])[H:22])([O:8][H:14])[H:20])([O:6][H:12])[H:18].[O:24]([H:25])[H:26],[C:0]([C:1]([C:4]([C:5]([O:11][H:17])([H:23])[H:25])=[O:9])([O:7][H:13])[H:19])([C:2]([C:3]([O:10][H:16])([H:21])[H:22])([O:8][H:14])[H:20])([O:6][H:12])[H:18].[H:15][O:24][H:26],34.07564837857412,42.400189405459166,-10.58006692160613
CDCKCSRWIDFXIZ_228_7-cata1_4,[C:0]([C:1](/[C:4](=[C:5](/[O:11][H:17])[H:23])[O:9][H:15])([O:7][H:13])[H:19])([C:2]([C:3]([O:10][H:16])([H:21])[H:22])([O:8][H:14])[H:20])([O:6][H:12])[H:18].[O:24]([H:25])[H:26],[C:0]([C:1]([C:4]([C:5]([O:11][H:17])([H:23])[H:25])=[O:9])([O:7][H:13])[H:19])([C:2]([C:3]([O:10][H:16])([H:21])[H:22])([O:8][H:14])[H:20])([O:6][H:12])[H:18].[H:15][O:24][H:26],32.285363774957084,40.968840236006,-10.58006692160613
CDCKCSRWIDFXIZ_230_0-cata_0,[C:0]([C:1](/[C:4](=[C:5](/[O:11][H:17])[H:23])[O:9][H:15])([O:7][H:13])[H:19])([C:2]([C:3]([O:10][H:16])([H:21])[H:22])([O:8][H:14])[H:20])([O:6][H:12])[H:18].[O:24]([H:25])[H:26],[C:0]1([O:6][H:12])([H:18])[C:1]([O:7][H:13])([H:19])[C:4]([C:5]([O:11][H:17])([H:23])[H:25])([O:9][H:15])[O:10][C:3]([H:21])([H:22])[C:2]1([O:8][H:14])[H:20].[H:16][O:24][H:26],27.912877579010253,38.98653772544572,-12.0602294455067
CDCKCSRWIDFXIZ_231_0-cata_0,[C:0]([C:1](/[C:4](=[C:5](/[O:11][H:17])[H:23])[O:9][H:15])([O:7][H:13])[H:19])([C:2]([C:3]([O:10][H:16])([H:21])[H:22])([O:8][H:14])[H:20])([O:6][H:12])[H:18].[O:24]([H:25])[H:26],[C:0]1([O:6][H:12])([H:18])[C:1]([O:7][H:13])([H:19])[C:4]([O:9][H:15])([H:25])[C:5]([O:11][H:17])([H:23])[O:10][C:3]([H:21])([H:22])[C:2]1([O:8][H:14])[H:20].[H:16][O:24][H:26],34.9736144730185,47.6681316579994,-15.882648183556398
CDCKCSRWIDFXIZ_233_0-cata_0,[C:0]([C:1](/[C:4](=[C:5](/[O:11][H:17])[H:23])[O:9][H:15])([O:7][H:13])[H:19])([C:2]([C:3]([O:10][H:16])([H:21])[H:22])([O:8][H:14])[H:20])([O:6][H:12])[H:18].[O:24]([H:25])[H:26],[C:0]([C:1]([C:4]([C:5](=[O:11])[H:23])([O:9][H:15])[H:25])([O:7][H:13])[H:19])([C:2]([C:3]([O:10][H:16])([H:21])[H:22])([O:8][H:14])[H:20])([O:6][H:12])[H:18].[H:17][O:24][H:26],36.267539061961934,45.56785736145161,-7.982074569789659
CDCKCSRWIDFXIZ_233_0-cata_3,[C:0]([C:1](/[C:4](=[C:5](\[O:11][H:17])[H:23])[O:9][H:15])([O:7][H:13])[H:19])([C:2]([C:3]([O:10][H:16])([H:21])[H:22])([O:8][H:14])[H:20])([O:6][H:12])[H:18].[O:24]([H:25])[H:26],[C:0]([C:1]([C:4]([C:5](=[O:11])[H:23])([O:9][H:15])[H:25])([O:7][H:13])[H:19])([C:2]([C:3]([O:10][H:16])([H:21])[H:22])([O:8][H:14])[H:20])([O:6][H:12])[H:18].[H:17][O:24][H:26],30.31121888794755,39.24883669649688,-7.982074569789659
CDCKCSRWIDFXIZ_233_0-cata_4,[C:0]([C:1](/[C:4](=[C:5](\[O:11][H:17])[H:23])[O:9][H:15])([O:7][H:13])[H:19])([C:2]([C:3]([O:10][H:16])([H:21])[H:22])([O:8][H:14])[H:20])([O:6][H:12])[H:18].[O:24]([H:25])[H:26],[C:0]([C:1]([C:4]([C:5](=[O:11])[H:23])([O:9][H:15])[H:25])([O:7][H:13])[H:19])([C:2]([C:3]([O:10][H:16])([H:21])[H:22])([O:8][H:14])[H:20])([O:6][H:12])[H:18].[H:17][O:24][H:26],31.843597087002344,40.6889709989992,-7.982074569789659
CDCKCSRWIDFXIZ_233_10-cata2_3,[C:0]([C:1](/[C:4](=[C:5](/[O:11][H:17])[H:23])[O:9][H:15])([O:7][H:13])[H:19])([C:2]([C:3]([O:10][H:16])([H:21])[H:22])([O:8][H:14])[H:20])([O:6][H:12])[H:18].[O:24]([H:25])[H:26],[C:0]([C:1]([C:4]([C:5](=[O:11])[H:23])([O:9][H:15])[H:25])([O:7][H:13])[H:19])([C:2]([C:3]([O:10][H:16])([H:21])[H:22])([O:8][H:14])[H:20])([O:6][H:12])[H:18].[H:17][O:24][H:26],32.91224576544383,42.94361263244261,-7.982074569789659
CDCKCSRWIDFXIZ_233_10-cata2_4,[C:0]([C:1](/[C:4](=[C:5](/[O:11][H:17])[H:23])[O:9][H:15])([O:7][H:13])[H:19])([C:2]([C:3]([O:10][H:16])([H:21])[H:22])([O:8][H:14])[H:20])([O:6][H:12])[H:18].[O:24]([H:25])[H:26],[C:0]([C:1]([C:4]([C:5](=[O:11])[H:23])([O:9][H:15])[H:25])([O:7][H:13])[H:19])([C:2]([C:3]([O:10][H:16])([H:21])[H:22])([O:8][H:14])[H:20])([O:6][H:12])[H:18].[H:17][O:24][H:26],32.5501727840019,41.9954457779823,-7.982074569789659
CDCKCSRWIDFXIZ_233_4-cata1_4,[C:0]([C:1](/[C:4](=[C:5](\[O:11][H:17])[H:23])[O:9][H:15])([O:7][H:13])[H:19])([C:2]([C:3]([O:10][H:16])([H:21])[H:22])([O:8][H:14])[H:20])([O:6][H:12])[H:18].[O:24]([H:25])[H:26],[C:0]([C:1]([C:4]([C:5](=[O:11])[H:23])([O:9][H:15])[H:25])([O:7][H:13])[H:19])([C:2]([C:3]([O:10][H:16])([H:21])[H:22])([O:8][H:14])[H:20])([O:6][H:12])[H:18].[H:17][O:24][H:26],37.21131335000468,46.283218191500325,-7.982074569789659
CDCKCSRWIDFXIZ_307_0-cata_2,[C:0]([C:1](/[C:4](=[C:5](/[O:11][H:17])[H:23])[O:9][H:15])([O:7][H:13])[H:19])([C:2]([C:3]([O:10][H:16])([H:21])[H:22])([O:8][H:14])[H:20])([O:6][H:12])[H:18].[O:24]([H:25])[H:26],[C:0]([C:1]1([H:19])[C:4](=[O:9])[C:5]1([O:11][H:17])[H:23])([C:2]([C:3]([O:10][H:16])([H:21])[H:22])([O:8][H:14])[H:20])([O:6][H:12])[H:18].[H:15][O:24][H:26].[O:7]([H:13])[H:25],29.56385507355097,37.608526863500565,5.869980879541096
CDCKCSRWIDFXIZ_310_0-cata_0,[C:0]([C:1](/[C:4](=[C:5](\[O:11][H:17])[H:23])[O:9][H:15])([O:7][H:13])[H:19])([C:2]([C:3]([O:10][H:16])([H:21])[H:22])([O:8][H:14])[H:20])([O:6][H:12])[H:18].[O:24]([H:25])[H:26],[C:0]1([O:6][H:12])([H:18])[C:1]([H:19])=[C:4]([O:9][H:15])[C:5]([O:11][H:17])([H:23])[O:10][C:3]([H:21])([H:22])[C:2]1([O:8][H:14])[H:20].[H:16][O:24][H:26].[O:7]([H:13])[H:25],46.142656063498514,57.26902700794358,3.458652007648184
CDCKCSRWIDFXIZ_312_0-cata_0,[C:0]([C:1](/[C:4](=[C:5](\[O:11][H:17])[H:23])[O:9][H:15])([O:7][H:13])[H:19])([C:2]([C:3]([O:10][H:16])([H:21])[H:22])([O:8][H:14])[H:20])([O:6][H:12])[H:18].[O:24]([H:25])[H:26],[C:0](/[C:1](=[C:4](\[C:5](=[O:11])[H:23])[O:9][H:15])[H:19])([C:2]([C:3]([O:10][H:16])([H:21])[H:22])([O:8][H:14])[H:20])([O:6][H:12])[H:18].[H:17][O:24][H:26].[O:7]([H:13])[H:25],20.201413333504128,29.358031957499907,-1.182839388145332
CDCKCSRWIDFXIZ_38_0-cata_0,[C:0]([C:1](/[C:4](=[C:5](/[O:11][H:17])[H:23])[O:9][H:15])([O:7][H:13])[H:19])([C:2]([C:3]([O:10][H:16])([H:21])[H:22])([O:8][H:14])[H:20])([O:6][H:12])[H:18].[O:24]([H:25])[H:26],[C:0]([C:1](/[C:4](=[C:5](/[O:11][H:17])[H:23])[O:9][H:15])([O:7][H:13])[H:19])(=[O:6])[H:18].[C:2]([C:3]([O:10][H:16])([H:21])[H:22])([O:8][H:14])([H:20])[H:25].[H:12][O:24][H:26],66.96153874501314,74.16848535250895,19.041347992351838
CDCKCSRWIDFXIZ_43_0-cata_0,[C:0]([C:1](/[C:4](=[C:5](/[O:11][H:17])[H:23])[O:9][H:15])([O:7][H:13])[H:19])([C:2]([C:3]([O:10][H:16])([H:21])[H:22])([O:8][H:14])[H:20])([O:6][H:12])[H:18].[O:24]([H:25])[H:26],[C:0]([C:1](/[C:4](=[C:5](/[O:11][H:17])[H:23])[O:9][H:15])([O:7][H:13])[H:19])([O:6][H:12])([H:18])[H:25].[C:2]([C:3]([O:10][H:16])([H:21])[H:22])(=[O:8])[H:20].[H:14][O:24][H:26],70.37895548201709,76.57310175650174,18.58413001912048
CDCKCSRWIDFXIZ_43_0-cata_4,[C:0]([C:1](/[C:4](=[C:5](/[O:11][H:17])[H:23])[O:9][H:15])([O:7][H:13])[H:19])([C:2]([C:3]([O:10][H:16])([H:21])[H:22])([O:8][H:14])[H:20])([O:6][H:12])[H:18].[O:24]([H:25])[H:26],[C:0]([C:1](/[C:4](=[C:5](/[O:11][H:17])[H:23])[O:9][H:15])([O:7][H:13])[H:19])([O:6][H:12])([H:18])[H:25].[C:2]([C:3]([O:10][H:16])([H:21])[H:22])(=[O:8])[H:20].[H:14][O:24][H:26],64.28583823706272,71.27127399097573,18.58413001912048
CDCKCSRWIDFXIZ_51_0-cata_0,[C:0]([C:1](/[C:4](=[C:5](/[O:11][H:17])[H:23])[O:9][H:15])([O:7][H:13])[H:19])([C:2]([C:3]([O:10][H:16])([H:21])[H:22])([O:8][H:14])[H:20])([O:6][H:12])[H:18].[O:24]([H:25])[H:26],[C:0](=[C:1]([C:4](=[C:5](/[O:11][H:17])[H:23])/[O:9][H:15])\[O:7][H:13])(\[C:2]([C:3]([O:10][H:16])([H:21])[H:22])([O:8][H:14])[H:20])[H:18].[H:19][O:24][H:26].[O:6]([H:12])[H:25],57.54324865946463,63.08792260144823,8.162762906309755
CDCKCSRWIDFXIZ_55_0-cata_1,[C:0]([C:1](/[C:4](=[C:5](/[O:11][H:17])[H:23])[O:9][H:15])([O:7][H:13])[H:19])([C:2]([C:3]([O:10][H:16])([H:21])[H:22])([O:8][H:14])[H:20])([O:6][H:12])[H:18].[O:24]([H:25])[H:26],[C:0](\[C:1](/[C:4](=[C:5](/[O:11][H:17])[H:23])[O:9][H:15])([O:7][H:13])[H:19])(=[C:2](/[C:3]([O:10][H:16])([H:21])[H:22])[O:8][H:14])[H:18].[H:20][O:24][H:26].[O:6]([H:12])[H:25],55.25974158895143,60.25785475645951,14.501912045889084
CDCKCSRWIDFXIZ_55_0-cata_4,[C:0]([C:1](/[C:4](=[C:5](/[O:11][H:17])[H:23])[O:9][H:15])([O:7][H:13])[H:19])([C:2]([C:3]([O:10][H:16])([H:21])[H:22])([O:8][H:14])[H:20])([O:6][H:12])[H:18].[O:24]([H:25])[H:26],[C:0](\[C:1](/[C:4](=[C:5](/[O:11][H:17])[H:23])[O:9][H:15])([O:7][H:13])[H:19])(=[C:2](/[C:3]([O:10][H:16])([H:21])[H:22])[O:8][H:14])[H:18].[H:20][O:24][H:26].[O:6]([H:12])[H:25],53.07098845298435,58.48765045700579,14.501912045889084
HSKFDMUXTCPHCB_168_0-cata_0,[C:0]1([O:7][H:12])([H:17])[C:2]([O:8][H:13])([H:19])[C:1]([C:3]([C:4]([C:5]([O:11][H:16])([H:22])[H:23])([O:10][H:15])[H:21])([O:9][H:14])[H:20])([H:18])[O:6]1.[O:24]([H:25])[H:26],[C:0]1([O:7][H:12])([H:17])[C:2]([O:8][H:13])([H:19])[C:1]([C:3]([O:9][C:4]([C:5]([O:11][H:16])([H:22])[H:23])([O:10][H:15])[H:21])([H:20])[H:25])([H:18])[O:6]1.[H:14][O:24][H:26],37.60664433500532,48.115545931511214,12.996892925430187
HSKFDMUXTCPHCB_197_0-cata_0,[C:0]1([O:7][H:12])([H:17])[C:2]([O:8][H:13])([H:19])[C:1]([C:3]([C:4]([C:5]([O:11][H:16])([H:22])[H:23])([O:10][H:15])[H:21])([O:9][H:14])[H:20])([H:18])[O:6]1.[O:24]([H:25])[H:26],[C:0]1([O:7][H:12])([H:17])[C:2]([O:8][H:13])([H:19])[C:1]([C:3]([C:4](=[O:10])[H:21])([O:9][H:14])[H:20])([H:18])[O:6]1.[C:5]([O:11][H:16])([H:22])([H:23])[H:25].[H:15][O:24][H:26],64.3316464305184,71.52667035747297,16.46319311663476
HSKFDMUXTCPHCB_202_0-cata_0,[C:0]1([O:7][H:12])([H:17])[C:2]([O:8][H:13])([H:19])[C:1]([C:3]([C:4]([C:5]([O:11][H:16])([H:22])[H:23])([O:10][H:15])[H:21])([O:9][H:14])[H:20])([H:18])[O:6]1.[O:24]([H:25])[H:26],[C:0]1([O:7][H:12])([H:17])[C:2]([O:8][H:13])([H:19])[C:1]([C:3](/[C:4](=[C:5](/[O:11][H:16])[H:23])[H:21])([O:9][H:14])[H:20])([H:18])[O:6]1.[H:22][O:24][H:26].[O:10]([H:15])[H:25],51.443856319526105,55.15055493601308,11.643403441682574
HSKFDMUXTCPHCB_202_0-cata_2,[C:0]1([O:7][H:12])([H:17])[C:2]([O:8][H:13])([H:19])[C:1]([C:3]([C:4]([C:5]([O:11][H:16])([H:22])[H:23])([O:10][H:15])[H:21])([O:9][H:14])[H:20])([H:18])[O:6]1.[O:24]([H:25])[H:26],[C:0]1([O:7][H:12])([H:17])[C:2]([O:8][H:13])([H:19])[C:1]([C:3](/[C:4](=[C:5](/[O:11][H:16])[H:23])[H:21])([O:9][H:14])[H:20])([H:18])[O:6]1.[H:22][O:24][H:26].[O:10]([H:15])[H:25],53.60060647100264,60.61114260499495,11.643403441682574
HSKFDMUXTCPHCB_208_0-cata_3,[C:0]1([O:7][H:12])([H:17])[C:2]([O:8][H:13])([H:19])[C:1]([C:3]([C:4]([C:5]([O:11][H:16])([H:22])[H:23])([O:10][H:15])[H:21])([O:9][H:14])[H:20])([H:18])[O:6]1.[O:24]([H:25])[H:26],[C:0]1([O:7][H:12])([H:17])[C:2]([O:8][H:13])([H:19])[C:1]([C:3]([C:4](=[C:5]([H:22])[H:23])[O:10][H:15])([O:9][H:14])[H:20])([H:18])[O:6]1.[H:21][O:24][H:26].[O:11]([H:16])[H:25],51.1859499150352,55.91799905450164,7.499282982791575
HSKFDMUXTCPHCB_25_0-cata_1,[C:0]1([O:7][H:12])([H:17])[C:2]([O:8][H:13])([H:19])[C:1]([C:3]([C:4]([C:5]([O:11][H:16])([H:22])[H:23])([O:10][H:15])[H:21])([O:9][H:14])[H:20])([H:18])[O:6]1.[O:24]([H:25])[H:26],[C:0]([O:6][C:1]([C:2](=[O:8])[H:19])([C:3]([C:4]([C:5]([O:11][H:16])([H:22])[H:23])([O:10][H:15])[H:21])([O:9][H:14])[H:20])[H:18])([O:7][H:12])([H:17])[H:25].[H:13][O:24][H:26],50.64127166898359,57.70138105349342,1.36974187380497
HSKFDMUXTCPHCB_33_1-cata_0,[C:0]1([O:7][H:12])([H:17])[C:2]([O:8][H:13])([H:19])[C:1]([C:3]([C:4]([C:5]([O:11][H:16])([H:22])[H:23])([O:10][H:15])[H:21])([O:9][H:14])[H:20])([H:18])[O:6]1.[O:24]([H:25])[H:26],[C:0]([C:2]([C:1]([C:3]([C:4]([C:5]([O:11][H:16])([H:22])[H:23])([O:10][H:15])[H:21])([O:9][H:14])[H:20])([O:6][H:25])[H:18])([O:8][H:13])[H:19])(=[O:7])[H:17].[H:12][O:24][H:26],12.959953703524125,19.972372366011683,-6.809273422562144
HSKFDMUXTCPHCB_33_1-cata_1,[C:0]1([O:7][H:12])([H:17])[C:2]([O:8][H:13])([H:19])[C:1]([C:3]([C:4]([C:5]([O:11][H:16])([H:22])[H:23])([O:10][H:15])[H:21])([O:9][H:14])[H:20])([H:18])[O:6]1.[O:24]([H:25])[H:26],[C:0]([C:2]([C:1]([C:3]([C:4]([C:5]([O:11][H:16])([H:22])[H:23])([O:10][H:15])[H:21])([O:9][H:14])[H:20])([O:6][H:25])[H:18])([O:8][H:13])[H:19])(=[O:7])[H:17].[H:12][O:24][H:26],15.02383244902112,21.6471952214922,-6.809273422562144
HSKFDMUXTCPHCB_33_1-cata_3,[C:0]1([O:7][H:12])([H:17])[C:2]([O:8][H:13])([H:19])[C:1]([C:3]([C:4]([C:5]([O:11][H:16])([H:22])[H:23])([O:10][H:15])[H:21])([O:9][H:14])[H:20])([H:18])[O:6]1.[O:24]([H:25])[H:26],[C:0]([C:2]([C:1]([C:3]([C:4]([C:5]([O:11][H:16])([H:22])[H:23])([O:10][H:15])[H:21])([O:9][H:14])[H:20])([O:6][H:25])[H:18])([O:8][H:13])[H:19])(=[O:7])[H:17].[H:12][O:24][H:26],8.224767016494274,16.09938373201652,-6.809273422562144
HSKFDMUXTCPHCB_33_1-cata_4,[C:0]1([O:7][H:12])([H:17])[C:2]([O:8][H:13])([H:19])[C:1]([C:3]([C:4]([C:5]([O:11][H:16])([H:22])[H:23])([O:10][H:15])[H:21])([O:9][H:14])[H:20])([H:18])[O:6]1.[O:24]([H:25])[H:26],[C:0]([C:2]([C:1]([C:3]([C:4]([C:5]([O:11][H:16])([H:22])[H:23])([O:10][H:15])[H:21])([O:9][H:14])[H:20])([O:6][H:25])[H:18])([O:8][H:13])[H:19])(=[O:7])[H:17].[H:12][O:24][H:26],11.570647670536149,18.16326247751352,-6.809273422562144
HSKFDMUXTCPHCB_73_0-cata_1,[C:0]1([O:7][H:12])([H:17])[C:2]([O:8][H:13])([H:19])[C:1]([C:3]([C:4]([C:5]([O:11][H:16])([H:22])[H:23])([O:10][H:15])[H:21])([O:9][H:14])[H:20])([H:18])[O:6]1.[O:24]([H:25])[H:26],[C:0]1([O:7][H:12])=[C:2]([H:19])[C:1]([C:3]([C:4]([C:5]([O:11][H:16])([H:22])[H:23])([O:10][H:15])[H:21])([O:9][H:14])[H:20])([H:18])[O:6]1.[H:17][O:24][H:26].[O:8]([H:13])[H:25],63.408579955994725,68.70978021195099,8.129780114722722
HSKFDMUXTCPHCB_94_0-cata_0,[C:0]1([O:7][H:12])([H:17])[C:2]([O:8][H:13])([H:19])[C:1]([C:3]([C:4]([C:5]([O:11][H:16])([H:22])[H:23])([O:10][H:15])[H:21])([O:9][H:14])[H:20])([H:18])[O:6]1.[O:24]([H:25])[H:26],[C:0]([C:2](=[O:8])[H:19])([O:6][C:1]([C:3]([C:4]([C:5]([O:11][H:16])([H:22])[H:23])([O:10][H:15])[H:21])([O:9][H:14])[H:20])([H:18])[H:25])([O:7][H:12])[H:17].[H:13][O:24][H:26],53.23288590400364,60.01187103250984,-0.8685468451242865
HSKFDMUXTCPHCB_94_0-cata_2,[C:0]1([O:7][H:12])([H:17])[C:2]([O:8][H:13])([H:19])[C:1]([C:3]([C:4]([C:5]([O:11][H:16])([H:22])[H:23])([O:10][H:15])[H:21])([O:9][H:14])[H:20])([H:18])[O:6]1.[O:24]([H:25])[H:26],[C:0]([C:2](=[O:8])[H:19])([O:6][C:1]([C:3]([C:4]([C:5]([O:11][H:16])([H:22])[H:23])([O:10][H:15])[H:21])([O:9][H:14])[H:20])([H:18])[H:25])([O:7][H:12])[H:17].[H:13][O:24][H:26],48.94636850948243,56.71807366697915,-0.8685468451242865
HSKFDMUXTCPHCB_94_0-cata_4,[C:0]1([O:7][H:12])([H:17])[C:2]([O:8][H:13])([H:19])[C:1]([C:3]([C:4]([C:5]([O:11][H:16])([H:22])[H:23])([O:10][H:15])[H:21])([O:9][H:14])[H:20])([H:18])[O:6]1.[O:24]([H:25])[H:26],[C:0]([C:2](=[O:8])[H:19])([O:6][C:1]([C:3]([C:4]([C:5]([O:11][H:16])([H:22])[H:23])([O:10][H:15])[H:21])([O:9][H:14])[H:20])([H:18])[H:25])([O:7][H:12])[H:17].[H:13][O:24][H:26],52.209417909519416,59.22497411949905,-0.8685468451242865
PVEULSFTFHDNNN_115_0-cata_0,[C:0]1([C:1]([C:2]([C:3]([C:5]([O:11][H:16])([H:22])[H:23])([O:10][H:15])[H:19])([O:9][H:14])[H:18])([O:8][H:13])[H:17])([O:7][H:12])[C:4]([H:20])([H:21])[O:6]1.[O:24]([H:25])[H:26],[C:0]1(/[C:1](=[C:2](/[C:3]([C:5]([O:11][H:16])([H:22])[H:23])([O:10][H:15])[H:19])[O:9][H:14])[H:17])([O:7][H:12])[C:4]([H:20])([H:21])[O:6]1.[H:18][O:24][H:26].[O:8]([H:13])[H:25],55.91172395951748,60.95627282997966,12.271749521988534
PVEULSFTFHDNNN_115_0-cata_2,[C:0]1([C:1]([C:2]([C:3]([C:5]([O:11][H:16])([H:22])[H:23])([O:10][H:15])[H:19])([O:9][H:14])[H:18])([O:8][H:13])[H:17])([O:7][H:12])[C:4]([H:20])([H:21])[O:6]1.[O:24]([H:25])[H:26],[C:0]1(/[C:1](=[C:2](/[C:3]([C:5]([O:11][H:16])([H:22])[H:23])([O:10][H:15])[H:19])[O:9][H:14])[H:17])([O:7][H:12])[C:4]([H:20])([H:21])[O:6]1.[H:18][O:24][H:26].[O:8]([H:13])[H:25],54.49920007501678,60.36829642846602,12.271749521988534
PVEULSFTFHDNNN_156_0-cata_3,[C:0]1([C:1]([C:2]([C:3]([C:5]([O:11][H:16])([H:22])[H:23])([O:10][H:15])[H:19])([O:9][H:14])[H:18])([O:8][H:13])[H:17])([O:7][H:12])[C:4]([H:20])([H:21])[O:6]1.[O:24]([H:25])[H:26],[C:0]1([C:1]([C:2](=[O:9])[H:18])([O:8][H:13])[H:17])([O:7][H:12])[C:4]([H:20])([H:21])[O:6]1.[C:3]([C:5]([O:11][H:16])([H:22])[H:23])([O:10][H:15])([H:19])[H:25].[H:14][O:24][H:26],67.74404309153502,75.6374850919384,17.79349904397708
PVEULSFTFHDNNN_176_0-cata_0,[C:0]1([C:1]([C:2]([C:3]([C:5]([O:11][H:16])([H:22])[H:23])([O:10][H:15])[H:19])([O:9][H:14])[H:18])([O:8][H:13])[H:17])([O:7][H:12])[C:4]([H:20])([H:21])[O:6]1.[O:24]([H:25])[H:26],[C:0]1([C:1](/[C:2](=[C:3](\[C:5]([O:11][H:16])([H:22])[H:23])[H:19])[O:9][H:14])([O:8][H:13])[H:17])([O:7][H:12])[C:4]([H:20])([H:21])[O:6]1.[H:18][O:24][H:26].[O:10]([H:15])[H:25],56.38110106554519,63.939452992938506,12.975382409177817
PVEULSFTFHDNNN_195_0-cata_3,[C:0]1([C:1]([C:2]([C:3]([C:5]([O:11][H:16])([H:22])[H:23])([O:10][H:15])[H:19])([O:9][H:14])[H:18])([O:8][H:13])[H:17])([O:7][H:12])[C:4]([H:20])([H:21])[O:6]1.[O:24]([H:25])[H:26],[C:0]1([C:1]([C:2]([C:3](=[O:10])[H:19])([O:9][H:14])[H:18])([O:8][H:13])[H:17])([O:7][H:12])[C:4]([H:20])([H:21])[O:6]1.[C:5]([O:11][H:16])([H:22])([H:23])[H:25].[H:15][O:24][H:26],65.36452706747886,72.06381848947225,16.463193116634812
PVEULSFTFHDNNN_195_0-cata_4,[C:0]1([C:1]([C:2]([C:3]([C:5]([O:11][H:16])([H:22])[H:23])([O:10][H:15])[H:19])([O:9][H:14])[H:18])([O:8][H:13])[H:17])([O:7][H:12])[C:4]([H:20])([H:21])[O:6]1.[O:24]([H:25])[H:26],[C:0]1([C:1]([C:2]([C:3](=[O:10])[H:19])([O:9][H:14])[H:18])([O:8][H:13])[H:17])([O:7][H:12])[C:4]([H:20])([H:21])[O:6]1.[C:5]([O:11][H:16])([H:22])([H:23])[H:25].[H:15][O:24][H:26],67.41962067999803,73.21718095048521,16.463193116634812
PVEULSFTFHDNNN_210_0-cata_0,[C:0]1([C:1]([C:2]([C:3]([C:5]([O:11][H:16])([H:22])[H:23])([O:10][H:15])[H:19])([O:9][H:14])[H:18])([O:8][H:13])[H:17])([O:7][H:12])[C:4]([H:20])([H:21])[O:6]1.[O:24]([H:25])[H:26],[C:0]1([C:1]([C:2]([C:3](=[C:5]([H:22])[H:23])[O:10][H:15])([O:9][H:14])[H:18])([O:8][H:13])[H:17])([O:7][H:12])[C:4]([H:20])([H:21])[O:6]1.[H:19][O:24][H:26].[O:11]([H:16])[H:25],54.93657419648261,62.11340034798312,7.499282982791575
PVEULSFTFHDNNN_210_0-cata_3,[C:0]1([C:1]([C:2]([C:3]([C:5]([O:11][H:16])([H:22])[H:23])([O:10][H:15])[H:19])([O:9][H:14])[H:18])([O:8][H:13])[H:17])([O:7][H:12])[C:4]([H:20])([H:21])[O:6]1.[O:24]([H:25])[H:26],[C:0]1([C:1]([C:2]([C:3](=[C:5]([H:22])[H:23])[O:10][H:15])([O:9][H:14])[H:18])([O:8][H:13])[H:17])([O:7][H:12])[C:4]([H:20])([H:21])[O:6]1.[H:19][O:24][H:26].[O:11]([H:16])[H:25],50.24029309856855,57.18180318744978,7.499282982791575
PVEULSFTFHDNNN_46_0-cata_2,[C:0]1([C:1]([C:2]([C:3]([C:5]([O:11][H:16])([H:22])[H:23])([O:10][H:15])[H:19])([O:9][H:14])[H:18])([O:8][H:13])[H:17])([O:7][H:12])[C:4]([H:20])([H:21])[O:6]1.[O:24]([H:25])[H:26],[C:0]([C:1]([C:2]([C:3]([C:5]([O:11][H:16])([H:22])[H:23])([O:10][H:15])[H:19])([O:9][H:14])[H:18])([O:8][H:13])[H:17])([O:6][C:4]([H:20])([H:21])[H:25])=[O:7].[H:12][O:24][H:26],39.00097044398062,46.72435736995665,-17.850621414913935
PVEULSFTFHDNNN_73_0-cata_4,[C:0]1([C:1]([C:2]([C:3]([C:5]([O:11][H:16])([H:22])[H:23])([O:10][H:15])[H:19])([O:9][H:14])[H:18])([O:8][H:13])[H:17])([O:7][H:12])[C:4]([H:20])([H:21])[O:6]1.[O:24]([H:25])[H:26],[C:0]([C:1]([C:2]([C:3]([C:5]([O:11][H:16])([H:22])[H:23])([O:10][H:15])[H:19])([O:9][H:14])[H:18])([O:8][H:13])[H:17])([C:4]([O:6][H:25])([H:20])[H:21])=[O:7].[H:12][O:24][H:26],6.309608022549835,14.498606997420396,-12.848948374760992
QRFGDGZPNFSNCE_17_0-cata2_2,[C:0]([C:1](=[O:4])[H:6])(=[C:2]([H:7])[H:8])[O:3][H:5].[O:9]([H:10])[H:11],[C:0](=[C:1]=[O:4])=[C:2]([H:7])[H:8].[H:6][O:9][H:11].[O:3]([H:5])[H:10],80.50382126449382,87.47733433797261,29.81500956022944
QRFGDGZPNFSNCE_9_0-cata_1,[C:0]([C:1](=[O:4])[H:6])(=[C:2]([H:7])[H:8])[O:3][H:5].[O:9]([H:10])[H:11],[C:0]([C:1](=[O:4])[H:6])([C:2]([H:7])([H:8])[H:10])=[O:3].[H:5][O:9][H:11],28.57741013954462,36.3189948409747,-9.063097514340335
RXKJFZQQPQGTFL_12_1-cata_0,[C:0]([C:2]([C:1]([O:4][H:7])([H:10])[H:11])=[O:5])([O:3][H:6])([H:8])[H:9].[O:12]([H:13])[H:14],[C:0]1([H:8])([H:9])[C:2]([C:1]([O:4][H:7])([H:10])[H:11])([O:5][H:13])[O:3]1.[H:6][O:12][H:14],25.644430736494694,35.47248452554309,14.84655831739963
RXKJFZQQPQGTFL_12_1-cata_1,[C:0]([C:2]([C:1]([O:4][H:7])([H:10])[H:11])=[O:5])([O:3][H:6])([H:8])[H:9].[O:12]([H:13])[H:14],[C:0]1([H:8])([H:9])[C:2]([C:1]([O:4][H:7])([H:10])[H:11])([O:5][H:13])[O:3]1.[H:6][O:12][H:14],26.635268237025628,36.344095221018335,14.84655831739963
RXKJFZQQPQGTFL_12_1-cata_3,[C:0]([C:2]([C:1]([O:4][H:7])([H:10])[H:11])=[O:5])([O:3][H:6])([H:8])[H:9].[O:12]([H:13])[H:14],[C:0]1([H:8])([H:9])[C:2]([C:1]([O:4][H:7])([H:10])[H:11])([O:5][H:13])[O:3]1.[H:6][O:12][H:14],23.54290142098575,34.12961419554488,14.84655831739963
RXKJFZQQPQGTFL_16_0-cata_0,[C:0]([C:2]([C:1]([O:4][H:7])([H:10])[H:11])=[O:5])([O:3][H:6])([H:8])[H:9].[O:12]([H:13])[H:14],[C:0](=[C:2](\[C:1]([O:4][H:7])([H:10])[H:11])[O:5][H:13])(\[O:3][H:6])[H:9].[H:8][O:12][H:14],36.348487787507246,45.16248622451199,9.51481835564055
RXKJFZQQPQGTFL_16_0-cata_3,[C:0]([C:2]([C:1]([O:4][H:7])([H:10])[H:11])=[O:5])([O:3][H:6])([H:8])[H:9].[O:12]([H:13])[H:14],[C:0](=[C:2](/[C:1]([O:4][H:7])([H:10])[H:11])[O:5][H:13])(\[O:3][H:6])[H:9].[H:8][O:12][H:14],38.453154650508274,47.96996372752208,9.51481835564055
RXKJFZQQPQGTFL_4_1-cata1_0,[C:0]([C:2]([C:1]([O:4][H:7])([H:10])[H:11])=[O:5])([O:3][H:6])([H:8])[H:9].[O:12]([H:13])[H:14],[C:0]([C:2]([C:1]([O:4][H:7])([H:10])[H:11])([O:5][H:13])[H:8])(=[O:3])[H:9].[H:6][O:12][H:14],30.030094632015263,39.09195932153626,-1.27246653919693
RXKJFZQQPQGTFL_4_1-cata1_1,[C:0]([C:2]([C:1]([O:4][H:7])([H:10])[H:11])=[O:5])([O:3][H:6])([H:8])[H:9].[O:12]([H:13])[H:14],[C:0]([C:2]([C:1]([O:4][H:7])([H:10])[H:11])([O:5][H:13])[H:8])(=[O:3])[H:9].[H:6][O:12][H:14],28.146938622490023,37.94298942701221,-1.27246653919693
CDCKCSRWIDFXIZ_128_0-cata_1,[C:0]([C:1](/[C:4](=[C:5](/[O:11][H:17])[H:23])[O:9][H:15])([O:7][H:13])[H:19])([C:2]([C:3]([O:10][H:16])([H:21])[H:22])([O:8][H:14])[H:20])([O:6][H:12])[H:18].[O:24]([H:25])[H:26],[C:0]([C:1]([C:4]([C:5]([O:11][H:17])([H:23])[H:25])=[O:9])([O:7][H:13])[H:19])([C:2]([C:3]([O:10][H:16])([H:21])[H:22])([O:8][H:14])[H:20])([O:6][H:12])[H:18].[H:15][O:24][H:26],28.92191285503091,38.90998156649633,-10.58006692160613
CDCKCSRWIDFXIZ_13_11-cata2_4,[C:0]([C:1](/[C:4](=[C:5](\[O:11][H:17])[H:23])[O:9][H:15])([O:7][H:13])[H:19])([C:2]([C:3]([O:10][H:16])([H:21])[H:22])([O:8][H:14])[H:20])([O:6][H:12])[H:18].[O:24]([H:25])[H:26],[C:0]([C:1]([C:4]([C:5]([O:11][H:17])([H:23])[H:25])=[O:9])([O:7][H:13])[H:19])([C:2]([C:3]([O:10][H:12])([H:21])[H:22])([O:8][H:14])[H:20])([O:6][H:15])[H:18].[H:16][O:24][H:26],33.146306808994936,42.34998864544323,-10.58006692160613
CDCKCSRWIDFXIZ_148_2-cata_2,[C:0]([C:1](/[C:4](=[C:5](/[O:11][H:17])[H:23])[O:9][H:15])([O:7][H:13])[H:19])([C:2]([C:3]([O:10][H:16])([H:21])[H:22])([O:8][H:14])[H:20])([O:6][H:12])[H:18].[O:24]([H:25])[H:26],[C:0]([C:1]([C:4]([C:5]([O:11][H:17])([H:23])[H:25])=[O:9])([O:7][H:13])[H:19])([C:2]([C:3]([O:10][H:16])([H:21])[H:22])([O:8][H:14])[H:20])([O:6][H:12])[H:18].[H:15][O:24][H:26],33.607526291471906,43.86103152148056,-10.58006692160613
CDCKCSRWIDFXIZ_228_0-cata_2,[C:0]([C:1](/[C:4](=[C:5](/[O:11][H:17])[H:23])[O:9][H:15])([O:7][H:13])[H:19])([C:2]([C:3]([O:10][H:16])([H:21])[H:22])([O:8][H:14])[H:20])([O:6][H:12])[H:18].[O:24]([H:25])[H:26],[C:0]([C:1]([C:4]([C:5]([O:11][H:17])([H:23])[H:25])=[O:9])([O:7][H:13])[H:19])([C:2]([C:3]([O:10][H:16])([H:21])[H:22])([O:8][H:14])[H:20])([O:6][H:12])[H:18].[H:15][O:24][H:26],23.237304294543915,34.14341940447436,-10.58006692160613
CDCKCSRWIDFXIZ_228_12-cata2_0,[C:0]([C:1](/[C:4](=[C:5](/[O:11][H:15])[H:23])[O:9][H:16])([O:7][H:13])[H:19])([C:2]([C:3]([O:10][H:26])([H:21])[H:22])([O:8][H:14])[H:20])([O:6][H:12])[H:18].[H:17][O:24][H:25],[C:0]([C:1]([C:4]([C:5]([O:11][H:15])([H:23])[H:25])=[O:9])([O:7][H:13])[H:19])([C:2]([C:3]([O:10][H:16])([H:21])[H:22])([O:8][H:14])[H:20])([O:6][H:12])[H:18].[H:17][O:24][H:26],18.138789607003964,28.524699341463684,-10.58006692160613
CDCKCSRWIDFXIZ_228_4-cata2_2,[C:0]([C:1](/[C:4](=[C:5](/[O:11][H:17])[H:23])[O:9][H:15])([O:7][H:13])[H:19])([C:2]([C:3]([O:10][H:16])([H:21])[H:22])([O:8][H:14])[H:20])([O:6][H:12])[H:18].[O:24]([H:25])[H:26],[C:0]([C:1]([C:4]([C:5]([O:11][H:17])([H:14])[H:23])=[O:9])([O:7][H:13])[H:19])([C:2]([C:3]([O:10][H:16])([H:21])[H:22])([O:8][H:25])[H:20])([O:6][H:12])[H:18].[H:15][O:24][H:26],16.57001585704106,26.383009417949125,-10.58006692160613
CDCKCSRWIDFXIZ_231_0-cata_4,[C:0]([C:1](/[C:4](=[C:5](/[O:11][H:17])[H:23])[O:9][H:14])([O:7][H:26])[H:19])([C:2]([C:3]([O:10][H:16])([H:21])[H:22])([O:8][H:13])[H:20])([O:6][H:12])[H:18].[H:15][O:24][H:25],[C:0]([C:1]([C:4]([C:5]([O:11][H:17])([H:23])[H:25])=[O:9])([O:7][H:13])[H:19])([C:2]([C:3]([O:10][H:16])([H:21])[H:22])([O:8][H:14])[H:20])([O:6][H:12])[H:18].[H:15][O:24][H:26],22.43032707744115,32.33807457296668,-10.58006692160613
CDCKCSRWIDFXIZ_23_1-cata_0,[C:0]([C:1](/[C:4](=[C:5](/[O:11][H:17])[H:23])[O:9][H:15])([O:7][H:13])[H:19])([C:2]([C:3]([O:10][H:16])([H:21])[H:22])([O:8][H:14])[H:20])([O:6][H:12])[H:18].[O:24]([H:25])[H:26],[C:0]([C:1]([C:4]([C:5]([O:11][H:17])([H:23])[H:25])=[O:9])([O:7][H:15])[H:19])([C:2]([C:3]([O:10][H:16])([H:21])[H:22])([O:8][H:13])[H:20])([O:6][H:12])[H:18].[H:14][O:24][H:26],26.71056937697819,35.87032554846605,-10.58006692160613
CDCKCSRWIDFXIZ_326_0-cata_3,[C:0]([C:1](/[C:4](=[C:5](/[O:11][H:17])[H:23])[O:9][H:14])([O:7][H:13])[H:19])([C:2]([C:3]([O:10][H:16])([H:21])[H:22])([O:8][H:15])[H:20])([O:6][H:12])[H:18].[O:24]([H:25])[H:26],[C:0]([C:1]([C:4]([C:5]([O:11][H:17])([H:23])[H:25])=[O:9])([O:7][H:13])[H:19])([C:2]([C:3]([O:10][H:16])([H:21])[H:22])([O:8][H:15])[H:20])([O:6][H:12])[H:18].[H:14][O:24][H:26],22.965592681016524,34.95855424498519,-10.58006692160613
CDCKCSRWIDFXIZ_37_1-cata2_3,[C:0]([C:1](/[C:4](=[C:5](/[O:11][H:17])[H:23])[O:9][H:15])([O:7][H:13])[H:19])([C:2]([C:3]([O:10][H:16])([H:21])[H:22])([O:8][H:14])[H:20])([O:6][H:25])[H:18].[H:12][O:24][H:26],[C:0]([C:1]([C:4]([C:5]([O:11][H:17])([H:23])[H:25])=[O:9])([O:7][H:13])[H:19])([C:2]([C:3]([O:10][H:16])([H:21])[H:22])([O:8][H:14])[H:20])([O:6][H:12])[H:18].[H:15][O:24][H:26],29.27645572249185,36.93144411299789,-10.58006692160613
CDCKCSRWIDFXIZ_13_9-cata2_3,[C:0]([C:1](/[C:4](=[C:5](\[O:11][H:17])[H:23])[O:9][H:15])([O:7][H:13])[H:19])([C:2]([C:3]([O:10][H:16])([H:21])[H:22])([O:8][H:14])[H:20])([O:6][H:12])[H:18].[O:24]([H:25])[H:26],[C:0]([C:1]([C:4]([C:5]([O:11][H:17])([H:23])[H:25])[O:9][H:15])([O:7][H:13])[H:19])([C:2]([C:3]([O:10][H:16])([H:21])[H:22])([O:8][H:14])[H:20])([O:6])[H:18].[H:12][O:24][H:26],29.86192208601182,40.7536044774787,TCIT fails
CDCKCSRWIDFXIZ_148_2-cata_4,[C:0]([C:1](/[C:4](=[C:5](/[O:11][H:17])[H:23])[O:9][H:15])([O:7][H:13])[H:19])([C:2]([C:3]([O:10][H:16])([H:21])[H:22])([O:8][H:14])[H:20])([O:6][H:12])[H:18].[O:24]([H:25])[H:26],[C:0]([C:2]([C:3]([O:10][H:16])([H:21])[H:22])([O:8][H:14])[H:20])(=[O:6])[H:18].[C:1](=[C:4](\[C:5]([O:11][H:17])([H:23])[H:25])[O:9][H:15])(\[O:7][H:13])[H:19].[H:12][O:24][H:26],34.54314295603524,41.95591267951077,21.217017208412987
CDCKCSRWIDFXIZ_208_0-cata_0,[C:0]([C:1](/[C:4](=[C:5](\[O:11][H:16])[H:23])[O:9][H:15])([O:7][H:13])[H:19])([C:2]([C:3]([O:10][H:25])([H:21])[H:22])([O:8][H:14])[H:20])([O:6][H:12])[H:18].[H:17][O:24][H:26],[C:0]([C:1]([C:4]([C:5](=[O:11])[H:23])([O:9][H:15])[H:26])([O:7][H:13])[H:19])([C:2]([C:3]([O:10][H:16])([H:21])[H:22])([O:8][H:14])[H:20])([O:6][H:12])[H:18].[H:17][O:24][H:25],22.76604466002096,33.05971049799955,-7.982074569789659
CDCKCSRWIDFXIZ_228_12-cata2_1,[C:0]([C:1](/[C:4](=[C:5](/[O:11][H:17])[H:23])[O:9][H:15])([O:7][H:13])[H:19])([C:2]([C:3]([O:10][H:16])([H:21])[H:22])([O:8][H:14])[H:20])([O:6][H:12])[H:18].[O:24]([H:25])[H:26],[C:0]([C:1]([C:4]([C:5](=[O:11])[H:23])([O:9][H:15])[H:25])([O:7][H:13])[H:19])([C:2]([C:3]([O:10][H:16])([H:21])[H:22])([O:8][H:14])[H:20])([O:6][H:12])[H:18].[H:17][O:24][H:26],32.91287327494224,42.94612267050761,-7.982074569789659
CDCKCSRWIDFXIZ_230_0-cata_3,[C:0]([C:1](/[C:4](=[C:5](\[O:11][H:17])[H:23])[O:9][H:15])([O:7][H:13])[H:19])([C:2]([C:3]([O:10][H:16])([H:21])[H:22])([O:8][H:14])[H:20])([O:6][H:12])[H:18].[O:24]([H:25])[H:26],[C:0]([C:1]([C:4]([C:5](=[O:11])[H:23])([O:9][H:15])[H:25])([O:7][H:13])[H:19])([C:2]([C:3]([O:10][H:16])([H:21])[H:22])([O:8][H:14])[H:20])([O:6][H:12])[H:18].[H:17][O:24][H:26],30.44613343053496,40.04451874248548,-7.982074569789659
CDCKCSRWIDFXIZ_232_0-cata_3,[C:0]([C:1](/[C:4](=[C:5](/[O:11][H:17])[H:23])[O:9][H:15])([O:7][H:13])[H:19])([C:2]([C:3]([O:10][H:16])([H:21])[H:22])([O:8][H:14])[H:20])([O:6][H:12])[H:18].[O:24]([H:25])[H:26],[C:0]([C:1]([C:4]([C:5](=[O:11])[H:23])([O:9][H:17])[H:25])([O:7][H:13])[H:19])([C:2]([C:3]([O:10][H:16])([H:21])[H:22])([O:8][H:15])[H:20])([O:6][H:12])[H:18].[H:14][O:24][H:26],27.013656465497704,36.14266467149186,-7.982074569789659
CDCKCSRWIDFXIZ_224_0-cata_4,[C:0]([C:1](/[C:4](=[C:5](/[O:11][H:17])[H:23])[O:9][H:15])([O:7][H:13])[H:19])([C:2]([C:3]([O:10][H:16])([H:21])[H:22])([O:8][H:14])[H:20])([O:6][H:12])[H:18].[O:24]([H:25])[H:26],[C:0]([C:1]1([H:19])[C:4]([C:5]([O:11][H:17])([H:23])[H:25])([O:9][H:15])[O:7]1)([C:2]([C:3]([O:10][H:16])([H:21])[H:22])([O:8][H:14])[H:20])([O:6][H:12])[H:18].[H:13][O:24][H:26],31.810339083443637,38.73490641601031,13.812141491395785
CDCKCSRWIDFXIZ_23_1-cata_4,[C:0]([C:1](/[C:4](=[C:5](\[O:11][H:17])[H:23])[O:9][H:15])([O:7][H:13])[H:19])([C:2]([C:3]([O:10][H:16])([H:21])[H:22])([O:8][H:14])[H:20])([O:6][H:12])[H:18].[O:24]([H:25])[H:26],[C:0]([C:1]1([H:19])[C:4]([C:5]([O:11][H:17])([H:23])[H:25])([O:9][H:15])[O:7]1)([C:2]([C:3]([O:10][H:16])([H:21])[H:22])([O:8][H:14])[H:20])([O:6][H:12])[H:18].[H:13][O:24][H:26],31.444501045011208,40.7718022530041,13.812141491395785
CDCKCSRWIDFXIZ_312_0-cata_2,[C:0]([C:1](/[C:4](=[C:5](\[O:11][H:16])[H:23])[O:9][H:15])([O:7][H:13])[H:19])([C:2]([C:3]([O:10][H:17])([H:21])[H:22])([O:8][H:14])[H:20])([O:6][H:12])[H:18].[O:24]([H:25])[H:26],[C:0](/[C:1](=[C:4](\[C:5](=[O:11])[H:23])[O:9][H:15])[H:19])([C:2]([C:3]([O:10][H:16])([H:21])[H:22])([O:8][H:14])[H:20])([O:6][H:12])[H:18].[H:17][O:24][H:26].[O:7]([H:13])[H:25],28.10740552394716,36.87685078649304,-1.182839388145332
CDCKCSRWIDFXIZ_312_0-cata_3,[C:0]([C:1](/[C:4](=[C:5](/[O:11][H:17])[H:23])[O:9][H:15])([O:7][H:13])[H:19])([C:2]([C:3]([O:10][H:16])([H:21])[H:22])([O:8][H:14])[H:20])([O:6][H:12])[H:18].[O:24]([H:25])[H:26],[C:0](/[C:1](=[C:4](/[C:5](=[O:11])[H:23])[O:9][H:15])[H:19])([C:2]([C:3]([O:10][H:16])([H:21])[H:22])([O:8][H:14])[H:20])([O:6][H:12])[H:18].[H:17][O:24][H:26].[O:7]([H:13])[H:25],31.17718199804407,42.18746368499687,-1.182839388145332
CDCKCSRWIDFXIZ_37_2-cata1_1,[C:0]([C:1](/[C:4](=[C:5](\[O:11][H:17])[H:23])[O:9][H:15])([O:7][H:13])[H:19])([C:2]([C:3]([O:10][H:16])([H:21])[H:22])([O:8][H:14])[H:20])([O:6][H:12])[H:18].[O:24]([H:25])[H:26],[C:0]([C:1]([C:4]([C:5]([O:11])([H:23])[H:25])[O:9][H:15])([O:7][H:13])[H:19])([C:2]([C:3]([O:10][H:16])([H:21])[H:22])([O:8][H:14])[H:20])([O:6][H:12])[H:18].[H:17][O:24][H:26],28.2981684119649,39.64542270049435,TCIT fails
HSKFDMUXTCPHCB_100_0-cata_0,[C:0]1([O:7][H:12])([H:17])[C:2]([O:8][H:13])([H:19])[C:1]([C:3]([C:4]([C:5]([O:11][H:14])([H:22])[H:23])([O:10][H:15])[H:21])([O:9][H:25])[H:20])([H:18])[O:6]1.[H:16][O:24][H:26],[C:0]([C:2]([C:1]([C:3]([C:4]([C:5]([O:11][H:16])([H:22])[H:23])([O:10][H:15])[H:21])([O:9][H:14])[H:20])([O:6][H:25])[H:18])([O:8][H:13])[H:19])(=[O:7])[H:17].[H:12][O:24][H:26],17.175562524510333,24.102012385500924,-6.809273422562144
HSKFDMUXTCPHCB_168_0-cata_1,[C:0]1([O:7][H:12])([H:17])[C:2]([O:8][H:13])([H:19])[C:1]([C:3]([C:4]([C:5]([O:11][H:16])([H:22])[H:23])([O:10][H:15])[H:21])([O:9][H:25])[H:20])([H:18])[O:6]1.[H:14][O:24][H:26],[C:0]([C:2]([C:1]([C:3]([C:4]([C:5]([O:11][H:16])([H:22])[H:23])([O:10][H:15])[H:21])([O:9][H:12])[H:20])([O:6][H:25])[H:18])([O:8][H:13])[H:19])(=[O:7])[H:17].[H:14][O:24][H:26],23.74621449897181,32.15797934649334,-6.809273422562144
HSKFDMUXTCPHCB_199_0-cata_2,[C:0]1([O:7][H:12])([H:17])[C:2]([O:8][H:13])([H:19])[C:1]([C:3]([C:4]([C:5]([O:11][H:16])([H:22])[H:23])([O:10][H:15])[H:21])([O:9][H:14])[H:20])([H:18])[O:6]1.[O:24]([H:25])[H:26],[C:0]([C:2]([C:1]([C:3]([C:4]([C:5]([O:11][H:12])([H:22])[H:23])([O:10][H:15])[H:21])([O:9][H:14])[H:20])([O:6][H:16])[H:18])([O:8][H:13])[H:19])(=[O:7])[H:17].[O:24]([H:25])[H:26],11.535507138482188,20.272949416466197,-6.809273422562144
HSKFDMUXTCPHCB_97_1-cata_3,[C:0]1([O:7][H:25])([H:17])[C:2]([O:8][H:13])([H:19])[C:1]([C:3]([C:4]([C:5]([O:11][H:16])([H:22])[H:23])([O:10][H:15])[H:21])([O:9][H:14])[H:20])([H:18])[O:6]1.[H:12][O:24][H:26],[C:0]([C:2]([C:1]([C:3]([C:4]([C:5]([O:11][H:16])([H:22])[H:23])([O:10][H:15])[H:21])([O:9][H:14])[H:20])([O:6][H:25])[H:18])([O:8][H:13])[H:19])(=[O:7])[H:17].[H:12][O:24][H:26],22.991948080021324,34.15283204695059,-6.809273422562144
HSKFDMUXTCPHCB_34_0-cata_2,[C:0]1([O:7][H:12])([H:17])[C:2]([O:8][H:13])([H:19])[C:1]([C:3]([C:4]([C:5]([O:11][H:16])([H:22])[H:23])([O:10][H:15])[H:21])([O:9][H:14])[H:20])([H:18])[O:6]1.[O:24]([H:25])[H:26],[C:0](=[C:2](/[O:8][H:13])[H:19])(\[O:7][H:12])[H:17].[C:1]([C:3]([C:4]([C:5]([O:11][H:16])([H:22])[H:23])([O:10][H:15])[H:21])([O:9][H:14])[H:20])(=[O:6])[H:18].[O:24]([H:25])[H:26],27.76353031803062,37.19186055548246,22.43522944550667
PVEULSFTFHDNNN_107_0-cata_1,[C:0]1([C:1]([C:2]([C:3]([C:5]([O:11][H:16])([H:22])[H:23])([O:10][H:15])[H:19])([O:9][H:14])[H:18])([O:8][H:13])[H:17])([O:7][H:12])[C:4]([H:20])([H:21])[O:6]1.[O:24]([H:25])[H:26],[C:0]([C:1]([C:2]([C:3]([C:5]([O:11][H:16])([H:22])[H:23])([O:10][H:15])[H:19])([O:9][H:14])[H:18])([O:8])[H:17])([C:4]([O:6][H:13])([H:20])[H:21])[O:7][H:12].[O:24]([H:25])[H:26],23.88175655105764,31.137021389931444,TCIT fails
PVEULSFTFHDNNN_107_0-cata_3,[C:0]1([C:1]([C:2]([C:3]([C:5]([O:11][H:16])([H:22])[H:23])([O:10][H:15])[H:19])([O:9][H:14])[H:18])([O:8][H:25])[H:17])([O:7][H:12])[C:4]([H:20])([H:21])[O:6]1.[H:13][O:24][H:26],[C:0]1([C:4]([O:6][H:25])([H:20])[H:21])([O:7][H:12])[C:1]([C:2]([C:3]([C:5]([O:11][H:16])([H:22])[H:23])([O:10][H:15])[H:19])([O:9][H:14])[H:18])([H:17])[O:8]1.[H:13][O:24][H:26],11.789020976555523,20.11230698444374,11.543260038240923
PVEULSFTFHDNNN_75_0-cata_0,[C:0]1([C:1]([C:2]([C:3]([C:5]([O:11][H:16])([H:22])[H:23])([O:10][H:15])[H:19])([O:9][H:14])[H:18])([O:8][H:25])[H:17])([O:7][H:12])[C:4]([H:20])([H:21])[O:6]1.[H:13][O:24][H:26],[C:0]1([C:4]([O:6][H:25])([H:20])[H:21])([O:7][H:12])[C:1]([C:2]([C:3]([C:5]([O:11][H:16])([H:22])[H:23])([O:10][H:15])[H:19])([O:9][H:14])[H:18])([H:17])[O:8]1.[H:13][O:24][H:26],29.61907590948289,36.3045621224398,11.543260038240923
PVEULSFTFHDNNN_17_0-cata_1,[C:0]1([C:1]([C:2]([C:3]([C:5]([O:11][H:16])([H:22])[H:23])([O:10][H:15])[H:19])([O:9][H:14])[H:18])([O:8][H:13])[H:17])([O:7][H:25])[C:4]([H:20])([H:21])[O:6]1.[H:12][O:24][H:26],[C:0]([C:1]([C:2]([C:3]([C:5]([O:11][H:16])([H:22])[H:23])([O:10][H:15])[H:19])([O:9][H:14])[H:18])([O:8][H:13])[H:17])([C:4]([O:6][H:26])([H:20])[H:21])=[O:7].[H:12][O:24][H:25],9.433350313510497,17.966852003938687,-12.848948374760992
PVEULSFTFHDNNN_17_0-cata_2,[C:0]1([C:1]([C:2]([C:3]([C:5]([O:11][H:16])([H:22])[H:23])([O:10][H:15])[H:19])([O:9][H:14])[H:18])([O:8][H:13])[H:17])([O:7][H:25])[C:4]([H:20])([H:21])[O:6]1.[H:12][O:24][H:26],[C:0]([C:1]([C:2]([C:3]([C:5]([O:11][H:16])([H:22])[H:23])([O:10][H:15])[H:19])([O:9][H:14])[H:18])([O:8][H:13])[H:17])([C:4]([O:6][H:26])([H:20])[H:21])=[O:7].[H:12][O:24][H:25],11.635908658514058,18.697273061949375,-12.848948374760992
PVEULSFTFHDNNN_17_0-cata_3,[C:0]1([C:1]([C:2]([C:3]([C:5]([O:11][H:16])([H:22])[H:23])([O:10][H:15])[H:19])([O:9][H:14])[H:18])([O:8][H:13])[H:17])([O:7][H:25])[C:4]([H:20])([H:21])[O:6]1.[H:12][O:24][H:26],[C:0]([C:1]([C:2]([C:3]([C:5]([O:11][H:16])([H:22])[H:23])([O:10][H:15])[H:19])([O:9][H:14])[H:18])([O:8][H:13])[H:17])([C:4]([O:6][H:26])([H:20])[H:21])=[O:7].[H:12][O:24][H:25],9.780990576488865,16.65159209197778,-12.848948374760992
PVEULSFTFHDNNN_37_2-cata_0,[C:0]1([C:1]([C:2]([C:3]([C:5]([O:11][H:16])([H:22])[H:23])([O:10][H:15])[H:19])([O:9][H:14])[H:18])([O:8][H:13])[H:17])([O:7][H:12])[C:4]([H:20])([H:21])[O:6]1.[O:24]([H:25])[H:26],[C:0]([C:1]([C:2]([C:3]([C:5]([O:11][H:13])([H:22])[H:23])([O:10][H:15])[H:19])([O:9][H:14])[H:18])([O:8][H:12])[H:17])([C:4]([O:6][H:26])([H:20])[H:21])=[O:7].[H:16][O:24][H:25],12.097128140991025,20.47249743746176,-12.848948374760992
PVEULSFTFHDNNN_72_0-cata_2,[C:0]1([C:1]([C:2]([C:3]([C:5]([O:11][H:16])([H:22])[H:23])([O:10][H:15])[H:19])([O:9][H:14])[H:18])([O:8][H:13])[H:17])([O:7][H:12])[C:4]([H:20])([H:21])[O:6]1.[O:24]([H:25])[H:26],[C:0]([C:1]([C:2]([C:3]([C:5]([O:11][H:16])([H:22])[H:23])([O:10][H:15])[H:19])([O:9][H:14])[H:18])([O:8][H:13])[H:17])([C:4]([O:6][H:26])([H:20])[H:21])=[O:7].[H:12][O:24][H:25],11.238067635519757,19.25952157395663,-12.848948374760992
PVEULSFTFHDNNN_73_0-cata_0,[C:0]1([C:1]([C:2]([C:3]([C:5]([O:11][H:16])([H:22])[H:23])([O:10][H:15])[H:19])([O:9][H:14])[H:18])([O:8][H:13])[H:17])([O:7][H:25])[C:4]([H:20])([H:21])[O:6]1.[H:12][O:24][H:26],[C:0]([C:1]([C:2]([C:3]([C:5]([O:11][H:16])([H:22])[H:23])([O:10][H:15])[H:19])([O:9][H:14])[H:18])([O:8][H:13])[H:17])([C:4]([O:6][H:25])([H:20])[H:21])=[O:7].[H:12][O:24][H:26],33.51339986649553,40.38337387248603,-12.848948374760992
PVEULSFTFHDNNN_73_0-cata_3,[C:0]1([C:1]([C:2]([C:3]([C:5]([O:11][H:16])([H:22])[H:23])([O:10][H:15])[H:19])([O:9][H:14])[H:18])([O:8][H:13])[H:17])([O:7][H:25])[C:4]([H:20])([H:21])[O:6]1.[H:12][O:24][H:26],[C:0]([C:1]([C:2]([C:3]([C:5]([O:11][H:16])([H:22])[H:23])([O:10][H:15])[H:19])([O:9][H:14])[H:18])([O:8][H:13])[H:17])([C:4]([O:6][H:25])([H:20])[H:21])=[O:7].[H:12][O:24][H:26],32.916010822577,42.56083183748162,-12.848948374760992
PVEULSFTFHDNNN_77_0-cata_0,[C:0]1([C:1]([C:2]([C:3]([C:5]([O:11][H:16])([H:22])[H:23])([O:10][H:15])[H:19])([O:9][H:14])[H:18])([O:8][H:13])[H:17])([O:7][H:12])[C:4]([H:20])([H:21])[O:6]1.[O:24]([H:25])[H:26],[C:0]([C:1]([C:2]([C:3]([C:5]([O:11][H:16])([H:22])[H:23])([O:10][H:15])[H:19])([O:9][H:14])[H:18])([O:8][H:13])[H:17])([C:4]([O:6][H:25])([H:20])[H:21])=[O:7].[H:12][O:24][H:26],3.5786866785248104,15.905483296435357,-12.848948374760992
PVEULSFTFHDNNN_50_0-cata_1,[C:0]1([C:1]([C:2]([C:3]([C:5]([O:11][H:16])([H:22])[H:23])([O:10][H:15])[H:19])([O:9][H:14])[H:18])([O:8][H:13])[H:17])([O:7][H:12])[C:4]([H:20])([H:21])[O:6]1.[O:24]([H:25])[H:26],[C:0]([C:1]([C:2]([C:3]([C:5]([O:11][H:16])([H:22])[H:23])([O:10][H:12])[H:19])([O:9][H:14])[H:18])([O:8][H:13])[H:17])([O:6][C:4]([H:20])([H:21])[H:25])=[O:7].[H:15][O:24][H:26],36.40810119003509,43.40043954843067,-17.850621414913935
PVEULSFTFHDNNN_59_0-cata_3,[C:0]1([C:1]([C:2]([C:3]([C:5]([O:11][H:16])([H:22])[H:23])([O:10][H:15])[H:19])([O:9][H:14])[H:18])([O:8][H:13])[H:17])([O:7][H:12])[C:4]([H:20])([H:21])[O:6]1.[O:24]([H:25])[H:26],[C:0](=[C:1](\[C:2]([C:3]([C:5]([O:11][H:16])([H:22])[H:23])([O:10][H:15])[H:19])([O:9][H:14])[H:18])[O:8][H:13])(\[C:4]([O:6][H:25])([H:20])[H:21])[O:7][H:12].[H:17][O:24][H:26],12.18058690449433,22.919156977919744,-8.213671128107071
QRFGDGZPNFSNCE_10_0-cata_0,[C:0]([C:1](=[O:4])[H:6])(=[C:2]([H:7])[H:8])[O:3][H:5].[O:9]([H:10])[H:11],[C:0]([C:1](=[O:4])[H:6])([C:2]([H:7])([H:8])[H:10])=[O:3].[H:5][O:9][H:11],28.57741013954462,36.3189948409747,-9.063097514340335
BNFCVHNGQJGIIA_107_1-cata_0,[C:0]([C:1](/[C:5](=[C:3](\[C:4](=[O:10])[H:19])[O:8][H:13])[H:20])([O:7][H:12])[H:16])([C:2]([O:9][H:14])([H:17])[H:18])([O:6][H:11])[H:15].[O:21]([H:22])[H:23],[C:0]([C:1]1([H:16])[C:5]([H:20])=[C:3]([O:8][H:13])[C:4]([O:10][H:22])([H:19])[O:7]1)([C:2]([O:9][H:14])([H:17])[H:18])([O:6][H:11])[H:15].[H:12][O:21][H:23],17.49559236948707,29.41764535999208,-1.1443594646271535
BNFCVHNGQJGIIA_107_1-cata_2,[C:0]([C:1](/[C:5](=[C:3](\[C:4](=[O:10])[H:19])[O:8][H:13])[H:20])([O:7][H:12])[H:16])([C:2]([O:9][H:14])([H:17])[H:18])([O:6][H:11])[H:15].[O:21]([H:22])[H:23],[C:0]([C:1]1([H:16])[C:5]([H:20])=[C:3]([O:8][H:13])[C:4]([O:10][H:22])([H:19])[O:7]1)([C:2]([O:9][H:14])([H:17])[H:18])([O:6][H:11])[H:15].[H:12][O:21][H:23],20.815117624524145,31.55619773601456,-1.1443594646271535
BNFCVHNGQJGIIA_136_1-cata_0,[C:0]([C:1](/[C:5](=[C:3](/[C:4](=[O:10])[H:19])[O:8][H:13])[H:20])([O:7][H:12])[H:16])([C:2]([O:9][H:14])([H:17])[H:18])([O:6][H:11])[H:15].[O:21]([H:22])[H:23],[C:0]1([O:6][H:11])([H:15])[C:1]([O:7][H:12])([H:16])[C:5]([H:20])=[C:3]([O:8][H:13])[C:4]([O:10][H:22])([H:19])[O:9][C:2]1([H:17])[H:18].[H:14][O:21][H:23],40.16751060446032,52.81747461498235,4.641491395793516
BNFCVHNGQJGIIA_168_6-cata1_0,[C:0]([C:1](/[C:5](=[C:3](/[C:4](=[O:10])[H:19])[O:8][H:13])[H:20])([O:7][H:12])[H:16])([C:2]([O:9][H:14])([H:17])[H:18])([O:6][H:11])[H:15].[O:21]([H:22])[H:23],[C:0]([C:1]([C:5]([C:3](=[C:4]=[O:10])[O:8][H:22])([H:19])[H:20])([O:7][H:12])[H:16])([C:2]([O:9][H:14])([H:17])[H:18])([O:6][H:11])[H:15].[H:13][O:21][H:23],24.46659540500785,34.85689770602782,16.06763862332698
BNFCVHNGQJGIIA_170_0-cata_2,[C:0]([C:1](/[C:5](=[C:3](/[C:4](=[O:10])[H:19])[O:8][H:13])[H:20])([O:7][H:12])[H:16])([C:2]([O:9][H:14])([H:17])[H:18])([O:6][H:11])[H:15].[O:21]([H:22])[H:23],[C:0]1([C:2]([O:9][H:14])([H:17])[H:18])([H:15])[C:1]([O:7][H:12])([H:16])[C:5]([H:20])([H:22])[C:3]([C:4](=[O:10])[H:19])([O:8][H:13])[O:6]1.[H:11][O:21][H:23],49.16536932500023,59.16347818851164,-5.66610898661565
BNFCVHNGQJGIIA_174_0-cata_0,[C:0]([C:1](/[C:5](=[C:3](/[C:4](=[O:10])[H:19])[O:8][H:13])[H:20])([O:7][H:12])[H:16])([C:2]([O:9][H:14])([H:17])[H:18])([O:6][H:11])[H:15].[O:21]([H:22])[H:23],[C:0]([C:1]([C:5]([C:3]([C:4](=[O:10])[H:19])=[O:8])([H:20])[H:22])([O:7][H:12])[H:16])([C:2]([O:9][H:14])([H:17])[H:18])([O:6][H:11])[H:15].[H:13][O:21][H:23],27.94864562056263,39.350493235525576,-4.704827915869967
BNFCVHNGQJGIIA_174_0-cata_1,[C:0]([C:1](/[C:5](=[C:3](\[C:4](=[O:10])[H:19])[O:8][H:13])[H:20])([O:7][H:12])[H:16])([C:2]([O:9][H:14])([H:17])[H:18])([O:6][H:11])[H:15].[O:21]([H:22])[H:23],[C:0]([C:1]([C:5]([C:3]([C:4](=[O:10])[H:19])=[O:8])([H:20])[H:22])([O:7][H:12])[H:16])([C:2]([O:9][H:14])([H:17])[H:18])([O:6][H:11])[H:15].[H:13][O:21][H:23],39.98929790648222,48.54915499598655,-4.704827915869967
BNFCVHNGQJGIIA_174_0-cata_2,[C:0]([C:1](/[C:5](=[C:3](\[C:4](=[O:10])[H:19])[O:8][H:13])[H:20])([O:7][H:12])[H:16])([C:2]([O:9][H:14])([H:17])[H:18])([O:6][H:11])[H:15].[O:21]([H:22])[H:23],[C:0]([C:1]([C:5]([C:3]([C:4](=[O:10])[H:19])=[O:8])([H:20])[H:22])([O:7][H:12])[H:16])([C:2]([O:9][H:14])([H:17])[H:18])([O:6][H:11])[H:15].[H:13][O:21][H:23],38.82715031256278,47.00799166402528,-4.704827915869967
BNFCVHNGQJGIIA_174_0-cata_4,[C:0]([C:1](/[C:5](=[C:3](/[C:4](=[O:10])[H:19])[O:8][H:13])[H:20])([O:7][H:12])[H:16])([C:2]([O:9][H:14])([H:17])[H:18])([O:6][H:11])[H:15].[O:21]([H:22])[H:23],[C:0]([C:1]([C:5]([C:3]([C:4](=[O:10])[H:19])=[O:8])([H:20])[H:22])([O:7][H:12])[H:16])([C:2]([O:9][H:14])([H:17])[H:18])([O:6][H:11])[H:15].[H:13][O:21][H:23],33.41990095108891,42.00109336346804,-4.704827915869967
BNFCVHNGQJGIIA_174_2-cata1_0,[C:0]([C:1](/[C:5](=[C:3](\[C:4](=[O:10])[H:19])[O:8][H:13])[H:20])([O:7][H:12])[H:16])([C:2]([O:9][H:14])([H:17])[H:18])([O:6][H:11])[H:15].[O:21]([H:22])[H:23],[C:0]([C:1]([C:5]([C:3]([C:4](=[O:10])[H:19])=[O:8])([H:20])[H:22])([O:7][H:12])[H:16])([C:2]([O:9][H:14])([H:17])[H:18])([O:6][H:11])[H:15].[H:13][O:21][H:23],33.57426828805587,42.68570622802304,-4.704827915869967
BNFCVHNGQJGIIA_174_2-cata1_2,[C:0]([C:1](/[C:5](=[C:3](\[C:4](=[O:10])[H:19])[O:8][H:13])[H:20])([O:7][H:12])[H:16])([C:2]([O:9][H:14])([H:17])[H:18])([O:6][H:11])[H:15].[O:21]([H:22])[H:23],[C:0]([C:1]([C:5]([C:3]([C:4](=[O:10])[H:19])=[O:8])([H:20])[H:22])([O:7][H:12])[H:16])([C:2]([O:9][H:14])([H:17])[H:18])([O:6][H:11])[H:15].[H:13][O:21][H:23],35.10539146797115,43.97147319348707,-4.704827915869967
BNFCVHNGQJGIIA_174_6-cata2_4,[C:0]([C:1](/[C:5](=[C:3](\[C:4](=[O:10])[H:19])[O:8][H:13])[H:20])([O:7][H:12])[H:16])([C:2]([O:9][H:14])([H:17])[H:18])([O:6][H:11])[H:15].[O:21]([H:22])[H:23],[C:0]([C:1]([C:5]([C:3]([C:4](=[O:10])[H:19])=[O:8])([H:20])[H:22])([O:7][H:12])[H:16])([C:2]([O:9][H:14])([H:17])[H:18])([O:6][H:11])[H:15].[H:13][O:21][H:23],37.2953996230064,45.69273175199303,-4.704827915869967
BNFCVHNGQJGIIA_176_0-cata_1,[C:0]([C:1](/[C:5](=[C:3](/[C:4](=[O:10])[H:19])[O:8][H:13])[H:20])([O:7][H:12])[H:16])([C:2]([O:9][H:14])([H:17])[H:18])([O:6][H:11])[H:15].[O:21]([H:22])[H:23],[C:0]1([O:6][H:11])([H:15])[C:1]([O:7][H:12])([H:16])[C:5]([H:20])([H:22])[C:3]([C:4](=[O:10])[H:19])([O:8][H:13])[O:9][C:2]1([H:17])[H:18].[H:14][O:21][H:23],42.67127350955949,54.37871825103561,-9.725143403441695
BNFCVHNGQJGIIA_176_0-cata_3,[C:0]([C:1](/[C:5](=[C:3](\[C:4](=[O:10])[H:19])[O:8][H:13])[H:20])([O:7][H:12])[H:16])([C:2]([O:9][H:14])([H:17])[H:18])([O:6][H:11])[H:15].[O:21]([H:22])[H:23],[C:0]1([O:6][H:11])([H:15])[C:1]([O:7][H:12])([H:16])[C:5]([H:20])([H:22])[C:3]([C:4](=[O:10])[H:19])([O:8][H:13])[O:9][C:2]1([H:17])[H:18].[H:14][O:21][H:23],28.86292696203716,42.147303077026926,-9.725143403441695
BNFCVHNGQJGIIA_176_0-cata_4,[C:0]([C:1](/[C:5](=[C:3](/[C:4](=[O:10])[H:19])[O:8][H:13])[H:20])([O:7][H:12])[H:16])([C:2]([O:9][H:14])([H:17])[H:18])([O:6][H:11])[H:15].[O:21]([H:22])[H:23],[C:0]1([O:6][H:11])([H:15])[C:1]([O:7][H:12])([H:16])[C:5]([H:20])([H:22])[C:3]([C:4](=[O:10])[H:19])([O:8][H:13])[O:9][C:2]1([H:17])[H:18].[H:14][O:21][H:23],36.94901437902487,49.14340649248434,-9.725143403441695
BNFCVHNGQJGIIA_177_0-cata_0,[C:0]([C:1](/[C:5](=[C:3](\[C:4](=[O:10])[H:19])[O:8][H:13])[H:20])([O:7][H:12])[H:16])([C:2]([O:9][H:14])([H:17])[H:18])([O:6][H:11])[H:15].[O:21]([H:22])[H:23],[C:0]1([O:6][H:11])([H:15])[C:1]([O:7][H:12])([H:16])[C:5]([C:3]([C:4](=[O:10])[H:19])([O:8][H:13])[H:22])([H:20])[O:9][C:2]1([H:17])[H:18].[H:14][O:21][H:23],39.58204424101169,49.703772475996345,3.569311663479916
BNFCVHNGQJGIIA_177_0-cata_1,[C:0]([C:1](/[C:5](=[C:3](\[C:4](=[O:10])[H:19])[O:8][H:13])[H:20])([O:7][H:12])[H:16])([C:2]([O:9][H:14])([H:17])[H:18])([O:6][H:11])[H:15].[O:21]([H:22])[H:23],[C:0]1([O:6][H:11])([H:15])[C:1]([O:7][H:12])([H:16])[C:5]([C:3]([C:4](=[O:10])[H:19])([O:8][H:13])[H:22])([H:20])[O:9][C:2]1([H:17])[H:18].[H:14][O:21][H:23],42.427172314033726,52.088936085466905,3.569311663479916
BNFCVHNGQJGIIA_246_1-cata_0,[C:0]([C:1](/[C:5](=[C:3](/[C:4](=[O:10])[H:19])[O:8][H:13])[H:20])([O:7][H:12])[H:16])([C:2]([O:9][H:14])([H:17])[H:18])([O:6][H:11])[H:15].[O:21]([H:22])[H:23],[C:0](/[C:1](=[C:5]([C:3](=[C:4](/[O:10][H:22])[H:19])\[O:8][H:13])/[H:20])[O:7][H:12])([C:2]([O:9][H:14])([H:17])[H:18])([O:6][H:11])[H:15].[H:16][O:21][H:23],42.73716200696447,52.20753538102417,-2.621892925430217
BNFCVHNGQJGIIA_246_1-cata_1,[C:0]([C:1](/[C:5](=[C:3](/[C:4](=[O:10])[H:19])[O:8][H:13])[H:20])([O:7][H:12])[H:16])([C:2]([O:9][H:14])([H:17])[H:18])([O:6][H:11])[H:15].[O:21]([H:22])[H:23],[C:0](/[C:1](=[C:5]([C:3](=[C:4](/[O:10][H:22])[H:19])\[O:8][H:13])/[H:20])[O:7][H:12])([C:2]([O:9][H:14])([H:17])[H:18])([O:6][H:11])[H:15].[H:16][O:21][H:23],44.68181394747712,53.7348935040203,-2.621892925430217
BNFCVHNGQJGIIA_246_1-cata_4,[C:0]([C:1](/[C:5](=[C:3](/[C:4](=[O:10])[H:19])[O:8][H:13])[H:20])([O:7][H:12])[H:16])([C:2]([O:9][H:14])([H:17])[H:18])([O:6][H:11])[H:15].[O:21]([H:22])[H:23],[C:0](/[C:1](=[C:5]([C:3](=[C:4](/[O:10][H:22])[H:19])\[O:8][H:13])/[H:20])[O:7][H:12])([C:2]([O:9][H:14])([H:17])[H:18])([O:6][H:11])[H:15].[H:16][O:21][H:23],46.268785473036765,55.39904869802775,-2.621892925430217
BNFCVHNGQJGIIA_26_2-cata1_3,[C:0]([C:1](/[C:5](=[C:3](\[C:4](=[O:10])[H:19])[O:8][H:13])[H:20])([O:7][H:12])[H:16])([C:2]([O:9][H:14])([H:17])[H:18])([O:6][H:11])[H:15].[O:21]([H:22])[H:23],[C:0]([C:1](/[C:5](=[C:3](\[C:4]([O:10][H:22])([H:17])[H:19])[O:8][H:13])[H:20])([O:7][H:12])[H:16])([C:2](=[O:9])[H:18])([O:6][H:11])[H:15].[H:14][O:21][H:23],38.13626235302361,46.64529117301359,8.141252390057385
BNFCVHNGQJGIIA_301_0-cata1_1,[C:0]([C:1](/[C:5](=[C:3](\[C:4](=[O:10])[H:19])[O:8][H:13])[H:20])([O:7][H:12])[H:16])([C:2]([O:9][H:14])([H:17])[H:18])([O:6][H:11])[H:15].[O:21]([H:22])[H:23],[C:0]([C:1](/[C:5](=[C:3](\[C:4]([O:10][H:22])([H:15])[H:19])[O:8][H:13])[H:20])([O:7][H:12])[H:16])([C:2]([O:9][H:14])([H:17])[H:18])=[O:6].[H:11][O:21][H:23],36.81911991256746,43.90244714851867,5.1049235181644175
BNFCVHNGQJGIIA_301_1-cata1_0,[C:0]([C:1](/[C:5](=[C:3](\[C:4](=[O:10])[H:19])[O:8][H:13])[H:20])([O:7][H:12])[H:16])([C:2]([O:9][H:14])([H:17])[H:18])([O:6][H:11])[H:15].[O:21]([H:22])[H:23],[C:0]([C:1](/[C:5](=[C:3](\[C:4]([O:10][H:22])([H:15])[H:19])[O:8][H:13])[H:20])([O:7][H:12])[H:16])([C:2]([O:9][H:14])([H:17])[H:18])=[O:6].[H:11][O:21][H:23],45.17064384802706,54.8794708319841,5.1049235181644175
BNFCVHNGQJGIIA_317_0-cata_3,[C:0]([C:1](/[C:5](=[C:3](\[C:4](=[O:10])[H:19])[O:8][H:13])[H:20])([O:7][H:12])[H:16])([C:2]([O:9][H:14])([H:17])[H:18])([O:6][H:11])[H:15].[O:21]([H:22])[H:23],[C:0](/[C:1](=[C:5](\[C:3]([C:4](=[O:10])[H:19])=[O:8])[H:20])[H:16])([C:2]([O:9][H:14])([H:17])[H:18])([O:6][H:11])[H:15].[H:13][O:21][H:23].[O:7]([H:12])[H:22],32.619198828970305,41.622077625497546,9.206500956022968
BNFCVHNGQJGIIA_336_1-cata1_0,[C:0]([C:1](/[C:5](=[C:3](\[C:4](=[O:10])[H:19])[O:8][H:13])[H:20])([O:7][H:12])[H:16])([C:2]([O:9][H:14])([H:17])[H:18])([O:6][H:11])[H:15].[O:21]([H:22])[H:23],[C:0]([C:1](/[C:5](=[C:3](\[C:4]([O:10][H:22])([H:16])[H:19])[O:8][H:13])[H:20])=[O:7])([C:2]([O:9][H:14])([H:17])[H:18])([O:6][H:11])[H:15].[H:12][O:21][H:23],37.78736707097708,45.95063815648393,-0.2958891013384456
BNFCVHNGQJGIIA_347_0-cata1_3,[C:0]([C:1](/[C:5](=[C:3](\[C:4](=[O:10])[H:19])[O:8][H:13])[H:20])([O:7][H:12])[H:16])([C:2]([O:9][H:14])([H:17])[H:18])([O:6][H:11])[H:15].[O:21]([H:22])[H:23],[C:0]([C:1]([C:5]([C:3]([C:4](=[O:10])[H:19])([O:8][H:13])[H:17])([H:20])[H:22])([O:7][H:12])[H:16])([C:2](=[O:9])[H:18])([O:6][H:11])[H:15].[H:14][O:21][H:23],53.945109186488935,62.378209357027934,-3.536328871892937
BNFCVHNGQJGIIA_356_0-cata_1,[C:0]([C:1](/[C:5](=[C:3](\[C:4](=[O:10])[H:19])[O:8][H:13])[H:20])([O:7][H:12])[H:16])([C:2]([O:9][H:14])([H:17])[H:18])([O:6][H:11])[H:15].[O:21]([H:22])[H:23],[C:0]1([O:6][H:11])([H:15])[C:1]([O:7][H:12])([H:16])[C:5](/[C:3](=[C:4](/[O:10][H:22])[H:19])[O:8][H:13])([H:20])[O:9][C:2]1([H:17])[H:18].[H:14][O:21][H:23],34.2124454495141,45.26979034899076,9.909894837476118
BNFCVHNGQJGIIA_46_0-cata_1,[C:0]([C:1](/[C:5](=[C:3](\[C:4](=[O:10])[H:19])[O:8][H:13])[H:20])([O:7][H:12])[H:16])([C:2]([O:9][H:14])([H:17])[H:18])([O:6][H:11])[H:15].[O:21]([H:22])[H:23],[C:0](=[C:1]([C:5](=[C:3](/[C:4](=[O:10])[H:19])[O:8][H:13])\[H:20])/[O:7][H:12])(\[C:2]([O:9][H:14])([H:17])[H:18])[H:15].[H:16][O:21][H:23].[O:6]([H:11])[H:22],49.94159857653795,57.538228583477306,2.711042065009578
BNFCVHNGQJGIIA_46_0-cata_3,[C:0]([C:1](/[C:5](=[C:3](\[C:4](=[O:10])[H:19])[O:8][H:13])[H:20])([O:7][H:12])[H:16])([C:2]([O:9][H:14])([H:17])[H:18])([O:6][H:11])[H:15].[O:21]([H:22])[H:23],[C:0](=[C:1]([C:5](=[C:3](/[C:4](=[O:10])[H:19])[O:8][H:13])\[H:20])/[O:7][H:12])(\[C:2]([O:9][H:14])([H:17])[H:18])[H:15].[H:16][O:21][H:23].[O:6]([H:11])[H:22],54.22686095199097,61.06043940700202,2.711042065009578
BNFCVHNGQJGIIA_4_4-cata1_4,[C:0]([C:1](/[C:5](=[C:3](\[C:4](=[O:10])[H:19])[O:8][H:13])[H:20])([O:7][H:12])[H:16])([C:2]([O:9][H:14])([H:17])[H:18])([O:6][H:11])[H:15].[O:21]([H:22])[H:23],[C:0](/[C:1](=[C:5](/[C:3]([C:4](=[O:10])[H:19])([O:8][H:13])[H:22])[H:20])[O:7][H:12])([C:2]([O:9][H:14])([H:17])[H:18])([O:6][H:11])[H:15].[H:16][O:21][H:23],59.79224270749363,66.98914916301477,5.2753346080306205
BNFCVHNGQJGIIA_4_8-cata2_4,[C:0]([C:1](/[C:5](=[C:3](/[C:4](=[O:10])[H:19])[O:8][H:13])[H:20])([O:7][H:12])[H:16])([C:2]([O:9][H:14])([H:17])[H:18])([O:6][H:11])[H:15].[O:21]([H:22])[H:23],[C:0](/[C:1](=[C:5](/[C:3]([C:4](=[O:10])[H:19])([O:8][H:13])[H:22])[H:20])[O:7][H:12])([C:2]([O:9][H:14])([H:17])[H:18])([O:6][H:11])[H:15].[H:16][O:21][H:23],45.91738015299656,55.1674976924703,5.2753346080306205
BNFCVHNGQJGIIA_55_1-cata_0,[C:0]([C:1](/[C:5](=[C:3](\[C:4](=[O:10])[H:19])[O:8][H:13])[H:20])([O:7][H:12])[H:16])([C:2]([O:9][H:14])([H:17])[H:18])([O:6][H:11])[H:15].[O:21]([H:22])[H:23],[C:0]1([C:2]([O:9][H:14])([H:17])[H:18])([H:15])[C:1]([O:7][H:12])([H:16])[C:5]([H:20])=[C:3]([O:8][H:13])[C:4]([O:10][H:22])([H:19])[O:6]1.[H:11][O:21][H:23],21.183465701021568,32.84572975846908,1.560707456978961
BNFCVHNGQJGIIA_55_1-cata_1,[C:0]([C:1](/[C:5](=[C:3](\[C:4](=[O:10])[H:19])[O:8][H:13])[H:20])([O:7][H:12])[H:16])([C:2]([O:9][H:14])([H:17])[H:18])([O:6][H:11])[H:15].[O:21]([H:22])[H:23],[C:0]1([C:2]([O:9][H:14])([H:17])[H:18])([H:15])[C:1]([O:7][H:12])([H:16])[C:5]([H:20])=[C:3]([O:8][H:13])[C:4]([O:10][H:22])([H:19])[O:6]1.[H:11][O:21][H:23],21.89066890751954,33.38538792853337,1.560707456978961
BNFCVHNGQJGIIA_70_0-cata_0,[C:0]([C:1](/[C:5](=[C:3](\[C:4](=[O:10])[H:19])[O:8][H:13])[H:20])([O:7][H:12])[H:16])([C:2]([O:9][H:14])([H:17])[H:18])([O:6][H:11])[H:15].[O:21]([H:22])[H:23],[C:0]([C:1](/[C:5](=[C:3](\[C:4](=[O:10])[H:19])[O:8][H:13])[H:20])([O:7][H:12])[H:16])(=[C:2]([H:17])[H:18])[O:6][H:11].[H:15][O:21][H:23].[O:9]([H:14])[H:22],54.707533229061504,60.15557070800373,7.060468451242815
BNFCVHNGQJGIIA_70_0-cata_1,[C:0]([C:1](/[C:5](=[C:3](\[C:4](=[O:10])[H:19])[O:8][H:13])[H:20])([O:7][H:12])[H:16])([C:2]([O:9][H:14])([H:17])[H:18])([O:6][H:11])[H:15].[O:21]([H:22])[H:23],[C:0]([C:1](/[C:5](=[C:3](\[C:4](=[O:10])[H:19])[O:8][H:13])[H:20])([O:7][H:12])[H:16])(=[C:2]([H:17])[H:18])[O:6][H:11].[H:15][O:21][H:23].[O:9]([H:14])[H:22],56.081779034016165,61.82035341150959,7.060468451242815
BNFCVHNGQJGIIA_79_0-cata_1,[C:0]([C:1](/[C:5](=[C:3](\[C:4](=[O:10])[H:19])[O:8][H:13])[H:20])([O:7][H:12])[H:16])([C:2]([O:9][H:14])([H:17])[H:18])([O:6][H:11])[H:15].[O:21]([H:22])[H:23],[C:0]1([C:2]([O:9][H:14])([H:17])[H:18])([O:6][H:11])[C:1]([O:7][H:12])([H:16])[C:5]([H:20])=[C:3]([O:8][H:13])[C:4]1([O:10][H:22])[H:19].[H:15][O:21][H:23],65.46994866349806,75.91547180052129,-12.10683556405353
BNFCVHNGQJGIIA_98_0-cata_0,[C:0]([C:1](/[C:5](=[C:3](\[C:4](=[O:10])[H:19])[O:8][H:13])[H:20])([O:7][H:12])[H:16])([C:2]([O:9][H:14])([H:17])[H:18])([O:6][H:11])[H:15].[O:21]([H:22])[H:23],[C:0]([C:1](=[O:7])[H:16])([C:2]([O:9][H:14])([H:17])[H:18])([O:6][H:11])[H:15].[C:3]([C:4](=[O:10])[H:19])(=[C:5]([H:20])[H:22])[O:8][H:13].[H:12][O:21][H:23],45.55530717148329,54.486649884977126,18.36065965583177
BNFCVHNGQJGIIA_98_0-cata_1,[C:0]([C:1](/[C:5](=[C:3](\[C:4](=[O:10])[H:19])[O:8][H:13])[H:20])([O:7][H:12])[H:16])([C:2]([O:9][H:14])([H:17])[H:18])([O:6][H:11])[H:15].[O:21]([H:22])[H:23],[C:0]([C:1](=[O:7])[H:16])([C:2]([O:9][H:14])([H:17])[H:18])([O:6][H:11])[H:15].[C:3]([C:4](=[O:10])[H:19])(=[C:5]([H:20])[H:22])[O:8][H:13].[H:12][O:21][H:23],42.95428029398702,52.837554919003,18.36065965583177
BNFCVHNGQJGIIA_98_0-cata_3,[C:0]([C:1](/[C:5](=[C:3](\[C:4](=[O:10])[H:19])[O:8][H:13])[H:20])([O:7][H:12])[H:16])([C:2]([O:9][H:14])([H:17])[H:18])([O:6][H:11])[H:15].[O:21]([H:22])[H:23],[C:0]([C:1](=[O:7])[H:16])([C:2]([O:9][H:14])([H:17])[H:18])([O:6][H:11])[H:15].[C:3]([C:4](=[O:10])[H:19])(=[C:5]([H:20])[H:22])[O:8][H:13].[H:12][O:21][H:23],45.44925806603703,53.84533517602682,18.36065965583177
NGHTTWGPJSZSKH_103_0-cata_1,[C:0]([C:1]([C:2]([O:10][H:16])([H:20])[H:21])([O:8][H:14])[H:19])(/[C:4](=[C:5](\[C:3]([O:11][H:17])([H:22])[H:23])[O:9][H:15])[O:7][H:13])([O:6][H:12])[H:18].[O:24]([H:25])[H:26],[C:0]([C:1]([O:8][H:14])([H:19])[H:25])(/[C:4](=[C:5](\[C:3]([O:11][H:17])([H:22])[H:23])[O:9][H:15])[O:7][H:13])([O:6][H:12])[H:18].[C:2](=[O:10])([H:20])[H:21].[H:16][O:24][H:26],72.66748262858896,78.58175966599548,18.240200764818358
NGHTTWGPJSZSKH_103_0-cata_3,[C:0]([C:1]([C:2]([O:10][H:16])([H:20])[H:21])([O:8][H:14])[H:19])(/[C:4](=[C:5](\[C:3]([O:11][H:17])([H:22])[H:23])[O:9][H:15])[O:7][H:13])([O:6][H:12])[H:18].[O:24]([H:25])[H:26],[C:0]([C:1]([O:8][H:14])([H:19])[H:25])(/[C:4](=[C:5](\[C:3]([O:11][H:17])([H:22])[H:23])[O:9][H:15])[O:7][H:13])([O:6][H:12])[H:18].[C:2](=[O:10])([H:20])[H:21].[H:16][O:24][H:26],71.25684127251216,77.54009389598586,18.240200764818358
NGHTTWGPJSZSKH_209_0-cata_0,[C:0]([C:1]([C:2]([O:10][H:16])([H:20])[H:21])([O:8][H:14])[H:19])(/[C:4](=[C:5](\[C:3]([O:11][H:17])([H:22])[H:23])[O:9][H:15])[O:7][H:13])([O:6][H:12])[H:18].[O:24]([H:25])[H:26],[C:0]([C:1]([C:2]([O:10][H:16])([H:20])[H:21])([O:8][H:14])[H:19])([C:4]([C:5]([C:3]([O:11][H:17])([H:22])[H:23])([O:9][H:15])[H:25])=[O:7])([O:6][H:12])[H:18].[H:13][O:24][H:26],32.62359139553055,41.39868424349084,-2.488288718929268
NGHTTWGPJSZSKH_209_10-cata1_0,[C:0]([C:1]([C:2]([O:10][H:16])([H:20])[H:21])([O:8][H:14])[H:19])(/[C:4](=[C:5](\[C:3]([O:11][H:17])([H:22])[H:23])[O:9][H:15])[O:7][H:13])([O:6][H:12])[H:18].[O:24]([H:25])[H:26],[C:0]([C:1]([C:2]([O:10][H:25])([H:20])[H:21])([O:8][H:14])[H:19])([C:4]([C:5]([C:3]([O:11][H:17])([H:22])[H:23])([O:9][H:15])[H:16])=[O:7])([O:6][H:12])[H:18].[H:13][O:24][H:26],16.607666427017342,25.4712381145396,-2.488288718929268
NGHTTWGPJSZSKH_209_10-cata2_0,[C:0]([C:1]([C:2]([O:10][H:16])([H:20])[H:21])([O:8][H:14])[H:19])(/[C:4](=[C:5](\[C:3]([O:11][H:17])([H:22])[H:23])[O:9][H:15])[O:7][H:13])([O:6][H:12])[H:18].[O:24]([H:25])[H:26],[C:0]([C:1]([C:2]([O:10][H:13])([H:20])[H:21])([O:8][H:14])[H:19])([C:4]([C:5]([C:3]([O:11][H:17])([H:22])[H:23])([O:9][H:15])[H:25])=[O:7])([O:6][H:12])[H:18].[H:16][O:24][H:26],17.824407347512967,27.688856687505137,-2.488288718929268
NGHTTWGPJSZSKH_209_10-cata2_1,[C:0]([C:1]([C:2]([O:10][H:16])([H:20])[H:21])([O:8][H:14])[H:19])(/[C:4](=[C:5](\[C:3]([O:11][H:17])([H:22])[H:23])[O:9][H:15])[O:7][H:13])([O:6][H:12])[H:18].[O:24]([H:25])[H:26],[C:0]([C:1]([C:2]([O:10][H:13])([H:20])[H:21])([O:8][H:14])[H:19])([C:4]([C:5]([C:3]([O:11][H:17])([H:22])[H:23])([O:9][H:15])[H:25])=[O:7])([O:6][H:12])[H:18].[H:16][O:24][H:26],19.06624864801656,29.669276669498828,-2.488288718929268
NGHTTWGPJSZSKH_209_10-cata2_2,[C:0]([C:1]([C:2]([O:10][H:16])([H:20])[H:21])([O:8][H:14])[H:19])(/[C:4](=[C:5](\[C:3]([O:11][H:17])([H:22])[H:23])[O:9][H:15])[O:7][H:13])([O:6][H:12])[H:18].[O:24]([H:25])[H:26],[C:0]([C:1]([C:2]([O:10][H:13])([H:20])[H:21])([O:8][H:14])[H:19])([C:4]([C:5]([C:3]([O:11][H:17])([H:22])[H:23])([O:9][H:15])[H:25])=[O:7])([O:6][H:12])[H:18].[H:16][O:24][H:26],16.573780914031556,26.85866161903233,-2.488288718929268
NGHTTWGPJSZSKH_209_10-cata2_3,[C:0]([C:1]([C:2]([O:10][H:16])([H:20])[H:21])([O:8][H:14])[H:19])(/[C:4](=[C:5](\[C:3]([O:11][H:17])([H:22])[H:23])[O:9][H:15])[O:7][H:13])([O:6][H:12])[H:18].[O:24]([H:25])[H:26],[C:0]([C:1]([C:2]([O:10][H:13])([H:20])[H:21])([O:8][H:14])[H:19])([C:4]([C:5]([C:3]([O:11][H:17])([H:22])[H:23])([O:9][H:15])[H:25])=[O:7])([O:6][H:12])[H:18].[H:16][O:24][H:26],23.23102919955976,33.27620127552368,-2.488288718929268
NGHTTWGPJSZSKH_209_5-cata1_1,[C:0]([C:1]([C:2]([O:10][H:16])([H:20])[H:21])([O:8][H:14])[H:19])(/[C:4](=[C:5](\[C:3]([O:11][H:17])([H:22])[H:23])[O:9][H:15])[O:7][H:13])([O:6][H:12])[H:18].[O:24]([H:25])[H:26],[C:0]([C:1]([C:2]([O:10][H:16])([H:20])[H:21])([O:8][H:14])[H:19])([C:4]([C:5]([C:3]([O:11][H:17])([H:22])[H:23])([O:9][H:15])[H:25])=[O:7])([O:6][H:12])[H:18].[H:13][O:24][H:26],34.13588929049337,42.88525424901861,-2.488288718929268
NGHTTWGPJSZSKH_209_7-cata2_4,[C:0]([C:1]([C:2]([O:10][H:16])([H:20])[H:21])([O:8][H:14])[H:19])(/[C:4](=[C:5](/[C:3]([O:11][H:17])([H:22])[H:23])[O:9][H:15])[O:7][H:13])([O:6][H:12])[H:18].[O:24]([H:25])[H:26],[C:0]([C:1]([C:2]([O:10][H:16])([H:20])[H:21])([O:8][H:14])[H:19])([C:4]([C:5]([C:3]([O:11][H:17])([H:22])[H:23])([O:9][H:15])[H:25])=[O:7])([O:6][H:12])[H:18].[H:13][O:24][H:26],26.618325480568405,35.65822733750217,-2.488288718929268
NGHTTWGPJSZSKH_209_8-cata2_0,[C:0]([C:1]([C:2]([O:10][H:16])([H:20])[H:21])([O:8][H:14])[H:19])(/[C:4](=[C:5](\[C:3]([O:11][H:17])([H:22])[H:23])[O:9][H:15])[O:7][H:13])([O:6][H:12])[H:18].[O:24]([H:25])[H:26],[C:0]([C:1]([C:2]([O:10][H:16])([H:20])[H:21])([O:8][H:13])[H:19])([C:4]([C:5]([C:3]([O:11][H:17])([H:22])[H:23])([O:9][H:15])[H:25])=[O:7])([O:6][H:12])[H:18].[H:14][O:24][H:26],26.07113719652313,34.89580329500094,-2.488288718929268
NGHTTWGPJSZSKH_211_0-cata_2,[C:0]([C:1]([C:2]([O:10][H:16])([H:20])[H:21])([O:8][H:14])[H:19])(/[C:4](=[C:5](\[C:3]([O:11][H:17])([H:22])[H:23])[O:9][H:15])[O:7][H:13])([O:6][H:12])[H:18].[O:24]([H:25])[H:26],[C:0]1([O:6][H:12])([H:18])[C:1]([C:2]([O:10][H:16])([H:20])[H:21])([H:19])[O:8][C:4]1([C:5]([C:3]([O:11][H:17])([H:22])[H:23])([O:9][H:15])[H:25])[O:7][H:13].[H:14][O:24][H:26],48.12809612155087,55.16875271153848,4.754063097514359
NGHTTWGPJSZSKH_214_0-cata_0,[C:0]([C:1]([C:2]([O:10][H:16])([H:20])[H:21])([O:8][H:14])[H:19])(/[C:4](=[C:5](\[C:3]([O:11][H:17])([H:22])[H:23])[O:9][H:15])[O:7][H:13])([O:6][H:12])[H:18].[O:24]([H:25])[H:26],[C:0]([C:1]([C:2]([O:10][H:16])([H:20])[H:21])([O:8][H:14])[H:19])([C:4]([C:5]([C:3]([O:11][H:17])([H:22])[H:23])=[O:9])([O:7][H:13])[H:25])([O:6][H:12])[H:18].[H:15][O:24][H:26],36.74193624404831,45.84960912702499,-4.635277246653921
NGHTTWGPJSZSKH_214_0-cata_2,[C:0]([C:1]([C:2]([O:10][H:16])([H:20])[H:21])([O:8][H:14])[H:19])(/[C:4](=[C:5](\[C:3]([O:11][H:17])([H:22])[H:23])[O:9][H:15])[O:7][H:13])([O:6][H:12])[H:18].[O:24]([H:25])[H:26],[C:0]([C:1]([C:2]([O:10][H:16])([H:20])[H:21])([O:8][H:14])[H:19])([C:4]([C:5]([C:3]([O:11][H:17])([H:22])[H:23])=[O:9])([O:7][H:13])[H:25])([O:6][H:12])[H:18].[H:15][O:24][H:26],34.94286650752479,43.00950112999028,-4.635277246653921
NGHTTWGPJSZSKH_214_7-cata2_1,[C:0]([C:1]([C:2]([O:10][H:16])([H:20])[H:21])([O:8][H:14])[H:19])(/[C:4](=[C:5](/[C:3]([O:11][H:17])([H:22])[H:23])[O:9][H:15])[O:7][H:13])([O:6][H:12])[H:18].[O:24]([H:25])[H:26],[C:0]([C:1]([C:2]([O:10][H:16])([H:20])[H:21])([O:8][H:14])[H:19])([C:4]([C:5]([C:3]([O:11][H:17])([H:22])[H:23])=[O:9])([O:7][H:13])[H:25])([O:6][H:12])[H:18].[H:15][O:24][H:26],30.013779385056456,37.28849701852383,-4.635277246653921
NGHTTWGPJSZSKH_292_0-cata_0,[C:0]([C:1]([C:2]([O:10][H:16])([H:20])[H:21])([O:8][H:14])[H:19])(/[C:4](=[C:5](/[C:3]([O:11][H:17])([H:22])[H:23])[O:9][H:15])[O:7][H:13])([O:6][H:12])[H:18].[O:24]([H:25])[H:26],[C:0](\[C:1]([C:2]([O:10][H:16])([H:20])[H:21])([O:8][H:14])[H:19])(=[C:4](/[C:5]([C:3]([O:11][H:17])([H:22])[H:23])=[O:9])[O:7][H:13])[H:18].[H:15][O:24][H:26].[O:6]([H:12])[H:25],19.400083702029782,25.068377015486632,9.720124282982814
NGHTTWGPJSZSKH_306_0-cata_1,[C:0]([C:1]([C:2]([O:10][H:16])([H:20])[H:21])([O:8][H:14])[H:19])(/[C:4](=[C:5](/[C:3]([O:11][H:17])([H:22])[H:23])[O:9][H:15])[O:7][H:13])([O:6][H:12])[H:18].[O:24]([H:25])[H:26],[C:0](\[C:1]([C:2]([O:10][H:16])([H:20])[H:21])([O:8][H:14])[H:19])(=[C:4](\[C:5](=[C:3]([H:22])[H:23])[O:9][H:15])[O:7][H:13])[O:6][H:12].[H:18][O:24][H:26].[O:11]([H:17])[H:25],54.3743256845467,62.8394288395049,1.5956022944550503
NGHTTWGPJSZSKH_4_1-cata_2,[C:0]([C:1]([C:2]([O:10][H:16])([H:20])[H:21])([O:8][H:14])[H:19])(/[C:4](=[C:5](/[C:3]([O:11][H:17])([H:22])[H:23])[O:9][H:15])[O:7][H:13])([O:6][H:12])[H:18].[O:24]([H:25])[H:26],[C:0](\[C:1]([C:2]([O:10][H:16])([H:20])[H:21])([O:8][H:14])[H:19])(=[C:4](\[C:5]([C:3]([O:11][H:17])([H:22])[H:23])([O:9][H:15])[H:25])[O:7][H:13])[O:6][H:12].[H:18][O:24][H:26],56.14264745550517,62.71580946803165,-2.755497131931165
NGHTTWGPJSZSKH_4_8-cata2_4,[C:0]([C:1]([C:2]([O:10][H:16])([H:20])[H:21])([O:8][H:14])[H:19])(/[C:4](=[C:5](/[C:3]([O:11][H:17])([H:22])[H:23])[O:9][H:15])[O:7][H:13])([O:6][H:12])[H:18].[O:24]([H:25])[H:26],[C:0](\[C:1]([C:2]([O:10][H:16])([H:20])[H:21])([O:8][H:14])[H:19])(=[C:4](\[C:5]([C:3]([O:11][H:17])([H:22])[H:23])([O:9][H:15])[H:25])[O:7][H:13])[O:6][H:12].[H:18][O:24][H:26],56.09809428104632,64.84745923950022,-2.755497131931165
NGHTTWGPJSZSKH_4_9-cata2_4,[C:0]([C:1]([C:2]([O:10][H:16])([H:20])[H:21])([O:8][H:14])[H:19])(/[C:4](=[C:5](\[C:3]([O:11][H:17])([H:22])[H:23])[O:9][H:15])[O:7][H:13])([O:6][H:12])[H:18].[O:24]([H:25])[H:26],[C:0](\[C:1]([C:2]([O:10][H:16])([H:20])[H:21])([O:8][H:14])[H:19])(=[C:4](\[C:5]([C:3]([O:11][H:17])([H:22])[H:23])([O:9][H:15])[H:25])[O:7][H:13])[O:6][H:12].[H:18][O:24][H:26],44.80857086651379,53.34332757601016,-2.755497131931165
NGHTTWGPJSZSKH_67_0-cata_0,[C:0]([C:1]([C:2]([O:10][H:16])([H:20])[H:21])([O:8][H:14])[H:19])(/[C:4](=[C:5](\[C:3]([O:11][H:17])([H:22])[H:23])[O:9][H:15])[O:7][H:13])([O:6][H:12])[H:18].[O:24]([H:25])[H:26],[C:0](=[C:1](\[C:2]([O:10][H:16])([H:20])[H:21])[H:19])(\[C:4](=[C:5](/[C:3]([O:11][H:17])([H:22])[H:23])[O:9][H:15])[O:7][H:13])[O:6][H:12].[H:18][O:24][H:26].[O:8]([H:14])[H:25],50.05204024854447,57.54011111204389,9.12237093690246
NGHTTWGPJSZSKH_67_0-cata_1,[C:0]([C:1]([C:2]([O:10][H:16])([H:20])[H:21])([O:8][H:14])[H:19])(/[C:4](=[C:5](\[C:3]([O:11][H:17])([H:22])[H:23])[O:9][H:15])[O:7][H:13])([O:6][H:12])[H:18].[O:24]([H:25])[H:26],[C:0](=[C:1](\[C:2]([O:10][H:16])([H:20])[H:21])[H:19])(\[C:4](=[C:5](/[C:3]([O:11][H:17])([H:22])[H:23])[O:9][H:15])[O:7][H:13])[O:6][H:12].[H:18][O:24][H:26].[O:8]([H:14])[H:25],51.95464905259193,59.545003964547135,9.12237093690246
NGHTTWGPJSZSKH_67_0-cata_2,[C:0]([C:1]([C:2]([O:10][H:16])([H:20])[H:21])([O:8][H:14])[H:19])(/[C:4](=[C:5](\[C:3]([O:11][H:17])([H:22])[H:23])[O:9][H:15])[O:7][H:13])([O:6][H:12])[H:18].[O:24]([H:25])[H:26],[C:0](=[C:1](\[C:2]([O:10][H:16])([H:20])[H:21])[H:19])(\[C:4](=[C:5](/[C:3]([O:11][H:17])([H:22])[H:23])[O:9][H:15])[O:7][H:13])[O:6][H:12].[H:18][O:24][H:26].[O:8]([H:14])[H:25],51.50346972208962,56.05918869200186,9.12237093690246
NGHTTWGPJSZSKH_98_0-cata_2,[C:0]([C:1]([C:2]([O:10][H:16])([H:20])[H:21])([O:8][H:14])[H:19])(/[C:4](=[C:5](\[C:3]([O:11][H:17])([H:22])[H:23])[O:9][H:15])[O:7][H:13])([O:6][H:12])[H:18].[O:24]([H:25])[H:26],[C:0]([C:1](=[O:8])[H:19])(/[C:4](=[C:5](\[C:3]([O:11][H:17])([H:22])[H:23])[O:9][H:15])[O:7][H:13])([O:6][H:12])[H:18].[C:2]([O:10][H:16])([H:20])([H:21])[H:25].[H:14][O:24][H:26],66.62142859608711,73.05151844254678,17.570028680688317
UQPHVQVXLPRNCX_10_0-cata_4,[C:0]([C:1]([O:5][H:9])([H:12])[H:13])([C:3]([C:2]([O:6][H:10])([H:14])[H:15])=[O:7])([O:4][H:8])[H:11].[O:16]([H:17])[H:18],[C:0]([C:3]([C:2]([O:6][H:10])([H:14])[H:15])=[O:7])([O:4][H:8])([H:11])[H:17].[C:1](=[O:5])([H:12])[H:13].[H:9][O:16][H:18],59.2268566479943,65.2409076960056,24.68092734225621
UQPHVQVXLPRNCX_18_2-cata1_1,[C:0]([C:1]([O:5][H:9])([H:12])[H:13])([C:3]([C:2]([O:6][H:10])([H:14])[H:15])=[O:7])([O:4][H:8])[H:11].[O:16]([H:17])[H:18],[C:0]([C:1](=[O:5])[H:13])([C:3]([C:2]([O:6][H:10])([H:14])[H:15])([O:7][H:17])[H:12])([O:4][H:8])[H:11].[H:9][O:16][H:18],41.589447131508585,51.44636635744843,3.8742829827915957
UQPHVQVXLPRNCX_18_2-cata1_3,[C:0]([C:1]([O:5][H:9])([H:12])[H:13])([C:3]([C:2]([O:6][H:10])([H:14])[H:15])=[O:7])([O:4][H:8])[H:11].[O:16]([H:17])[H:18],[C:0]([C:1](=[O:5])[H:13])([C:3]([C:2]([O:6][H:10])([H:14])[H:15])([O:7][H:17])[H:12])([O:4][H:8])[H:11].[H:9][O:16][H:18],40.47812780696082,50.42289836296421,3.8742829827915957
UQPHVQVXLPRNCX_18_2-cata1_4,[C:0]([C:1]([O:5][H:9])([H:12])[H:13])([C:3]([C:2]([O:6][H:10])([H:14])[H:15])=[O:7])([O:4][H:8])[H:11].[O:16]([H:17])[H:18],[C:0]([C:1](=[O:5])[H:13])([C:3]([C:2]([O:6][H:10])([H:14])[H:15])([O:7][H:17])[H:12])([O:4][H:8])[H:11].[H:9][O:16][H:18],44.60714031695164,53.62382432251536,3.8742829827915957
UQPHVQVXLPRNCX_18_3-cata1_4,[C:0]([C:1]([O:5][H:9])([H:12])[H:13])([C:3]([C:2]([O:6][H:10])([H:14])[H:15])=[O:7])([O:4][H:8])[H:11].[O:16]([H:17])[H:18],[C:0]([C:1](=[O:5])[H:13])([C:3]([C:2]([O:6][H:10])([H:14])[H:15])([O:7][H:17])[H:12])([O:4][H:8])[H:11].[H:9][O:16][H:18],39.75021678694379,49.82488180947593,3.8742829827915957
UQPHVQVXLPRNCX_18_4-cata1_0,[C:0]([C:1]([O:5][H:9])([H:12])[H:13])([C:3]([C:2]([O:6][H:10])([H:14])[H:15])=[O:7])([O:4][H:8])[H:11].[O:16]([H:17])[H:18],[C:0]([C:1]([O:5][H:9])([H:12])[H:13])([C:3]([C:2](=[O:6])[H:15])([O:7][H:17])[H:14])([O:4][H:8])[H:11].[H:10][O:16][H:18],27.16112119805343,36.50913021949403,3.8742829827915957
UQPHVQVXLPRNCX_18_4-cata1_1,[C:0]([C:1]([O:5][H:9])([H:12])[H:13])([C:3]([C:2]([O:6][H:10])([H:14])[H:15])=[O:7])([O:4][H:8])[H:11].[O:16]([H:17])[H:18],[C:0]([C:1]([O:5][H:9])([H:12])[H:13])([C:3]([C:2](=[O:6])[H:15])([O:7][H:17])[H:14])([O:4][H:8])[H:11].[H:10][O:16][H:18],27.87522700903397,37.19876315996503,3.8742829827915957
UQPHVQVXLPRNCX_19_0-cata_2,[C:0]([C:1]([O:5][H:9])([H:12])[H:13])([C:3]([C:2]([O:6][H:10])([H:14])[H:15])=[O:7])([O:4][H:8])[H:11].[O:16]([H:17])[H:18],[C:0]([C:1]([O:5][H:9])([H:12])[H:13])(=[O:4])[H:11].[C:2]([C:3](=[O:7])[H:17])([O:6][H:10])([H:14])[H:15].[H:8][O:16][H:18],56.76074431294276,63.55102461249178,25.21845124282983
UQPHVQVXLPRNCX_19_0-cata_3,[C:0]([C:1]([O:5][H:9])([H:12])[H:13])([C:3]([C:2]([O:6][H:10])([H:14])[H:15])=[O:7])([O:4][H:8])[H:11].[O:16]([H:17])[H:18],[C:0]([C:1]([O:5][H:9])([H:12])[H:13])(=[O:4])[H:11].[C:2]([C:3](=[O:7])[H:17])([O:6][H:10])([H:14])[H:15].[H:8][O:16][H:18],58.82525056800951,65.38962744748683,25.21845124282983
UQPHVQVXLPRNCX_19_0-cata_4,[C:0]([C:1]([O:5][H:9])([H:12])[H:13])([C:3]([C:2]([O:6][H:10])([H:14])[H:15])=[O:7])([O:4][H:8])[H:11].[O:16]([H:17])[H:18],[C:0]([C:1]([O:5][H:9])([H:12])[H:13])(=[O:4])[H:11].[C:2]([C:3](=[O:7])[H:17])([O:6][H:10])([H:14])[H:15].[H:8][O:16][H:18],56.65595022649332,62.95991066348607,25.21845124282983
UQPHVQVXLPRNCX_31_2-cata_0,[C:0]([C:1]([O:5][H:9])([H:12])[H:13])([C:3]([C:2]([O:6][H:10])([H:14])[H:15])=[O:7])([O:4][H:8])[H:11].[O:16]([H:17])[H:18],[C:0]1([C:1]([O:5][H:9])([H:12])[H:13])([H:11])[C:3]([C:2]([O:6][H:10])([H:14])[H:15])([O:7][H:17])[O:4]1.[H:8][O:16][H:18],25.20203653900587,35.24093351998564,26.376434034416835
UQPHVQVXLPRNCX_31_2-cata_3,[C:0]([C:1]([O:5][H:9])([H:12])[H:13])([C:3]([C:2]([O:6][H:10])([H:14])[H:15])=[O:7])([O:4][H:8])[H:11].[O:16]([H:17])[H:18],[C:0]1([C:1]([O:5][H:9])([H:12])[H:13])([H:11])[C:3]([C:2]([O:6][H:10])([H:14])[H:15])([O:7][H:17])[O:4]1.[H:8][O:16][H:18],26.10565021900733,36.180315241468136,26.376434034416835
UQPHVQVXLPRNCX_36_0-cata_0,[C:0]([C:1]([O:5][H:9])([H:12])[H:13])([C:3]([C:2]([O:6][H:10])([H:14])[H:15])=[O:7])([O:4][H:8])[H:11].[O:16]([H:17])[H:18],[C:0](=[C:1]([H:12])[H:13])([C:3]([C:2]([O:6][H:10])([H:14])[H:15])=[O:7])[O:4][H:8].[H:11][O:16][H:18].[O:5]([H:9])[H:17],32.34372215852376,40.69336356548811,9.073374760994255
UQPHVQVXLPRNCX_36_0-cata_1,[C:0]([C:1]([O:5][H:9])([H:12])[H:13])([C:3]([C:2]([O:6][H:10])([H:14])[H:15])=[O:7])([O:4][H:8])[H:11].[O:16]([H:17])[H:18],[C:0](=[C:1]([H:12])[H:13])([C:3]([C:2]([O:6][H:10])([H:14])[H:15])=[O:7])[O:4][H:8].[H:11][O:16][H:18].[O:5]([H:9])[H:17],33.167014622514,42.3142206039622,9.073374760994255
UQPHVQVXLPRNCX_44_0-cata_0,[C:0]([C:1]([O:5][H:9])([H:12])[H:13])([C:3]([C:2]([O:6][H:10])([H:14])[H:15])=[O:7])([O:4][H:8])[H:11].[O:16]([H:17])[H:18],[C:0](\[C:1]([O:5][H:9])([H:12])[H:13])(=[C:3](/[C:2]([O:6][H:10])([H:14])[H:15])[O:7][H:17])[O:4][H:8].[H:11][O:16][H:18],35.32941235947627,44.43834026144978,6.113766730401539
UQPHVQVXLPRNCX_44_0-cata_2,[C:0]([C:1]([O:5][H:9])([H:12])[H:13])([C:3]([C:2]([O:6][H:10])([H:14])[H:15])=[O:7])([O:4][H:8])[H:11].[O:16]([H:17])[H:18],[C:0](\[C:1]([O:5][H:9])([H:12])[H:13])(=[C:3](\[C:2]([O:6][H:10])([H:14])[H:15])[O:7][H:17])[O:4][H:8].[H:11][O:16][H:18],38.48955020148773,47.887132473445845,6.113766730401539
UQPHVQVXLPRNCX_44_1-cata1_0,[C:0]([C:1]([O:5][H:9])([H:12])[H:13])([C:3]([C:2]([O:6][H:10])([H:14])[H:15])=[O:7])([O:4][H:8])[H:11].[O:16]([H:17])[H:18],[C:0](\[C:1]([O:5][H:9])([H:12])[H:13])(=[C:3](/[C:2]([O:6][H:10])([H:14])[H:15])[O:7][H:17])[O:4][H:8].[H:11][O:16][H:18],40.37396123000979,49.39692033048634,6.113766730401539
UQPHVQVXLPRNCX_44_1-cata1_1,[C:0]([C:1]([O:5][H:9])([H:12])[H:13])([C:3]([C:2]([O:6][H:10])([H:14])[H:15])=[O:7])([O:4][H:8])[H:11].[O:16]([H:17])[H:18],[C:0](\[C:1]([O:5][H:9])([H:12])[H:13])(=[C:3](/[C:2]([O:6][H:10])([H:14])[H:15])[O:7][H:17])[O:4][H:8].[H:11][O:16][H:18],34.2551160954777,43.52468642947367,6.113766730401539
UQPHVQVXLPRNCX_44_2-cata1_2,[C:0]([C:1]([O:5][H:9])([H:12])[H:13])([C:3]([C:2]([O:6][H:10])([H:14])[H:15])=[O:7])([O:4][H:8])[H:11].[O:16]([H:17])[H:18],[C:0](\[C:1]([O:5][H:9])([H:12])[H:13])(=[C:3](\[C:2]([O:6][H:10])([H:14])[H:15])[O:7][H:17])[O:4][H:8].[H:11][O:16][H:18],36.42127888950182,45.14805350601276,6.113766730401539
UQPHVQVXLPRNCX_44_4-cata2_1,[C:0]([C:1]([O:5][H:9])([H:12])[H:13])([C:3]([C:2]([O:6][H:10])([H:14])[H:15])=[O:7])([O:4][H:8])[H:11].[O:16]([H:17])[H:18],[C:0](\[C:1]([O:5][H:9])([H:12])[H:13])(=[C:3](/[C:2]([O:6][H:10])([H:14])[H:15])[O:7][H:17])[O:4][H:8].[H:11][O:16][H:18],38.24984157245088,47.25272036897811,6.113766730401539
UQPHVQVXLPRNCX_53_1-cata_1,[C:0]([C:1]([O:5][H:9])([H:12])[H:13])([C:3]([C:2]([O:6][H:10])([H:14])[H:15])=[O:7])([O:4][H:8])[H:11].[O:16]([H:17])[H:18],[C:0]1([O:4][H:8])([H:11])[C:1]([H:12])([H:13])[O:5][C:3]1([C:2]([O:6][H:10])([H:14])[H:15])[O:7][H:17].[H:9][O:16][H:18],23.863558775460906,33.15571945147117,12.027246653919693
UQPHVQVXLPRNCX_53_1-cata_3,[C:0]([C:1]([O:5][H:9])([H:12])[H:13])([C:3]([C:2]([O:6][H:10])([H:14])[H:15])=[O:7])([O:4][H:8])[H:11].[O:16]([H:17])[H:18],[C:0]1([O:4][H:8])([H:11])[C:1]([H:12])([H:13])[O:5][C:3]1([C:2]([O:6][H:10])([H:14])[H:15])[O:7][H:17].[H:9][O:16][H:18],21.53926358755068,31.433205873968387,12.027246653919693
UQPHVQVXLPRNCX_60_0-cata_0,[C:0]([C:1]([O:5][H:9])([H:12])[H:13])([C:3]([C:2]([O:6][H:10])([H:14])[H:15])=[O:7])([O:4][H:8])[H:11].[O:16]([H:17])[H:18],[C:0]1([O:4][H:8])([H:11])[C:1]([O:5][H:9])([H:13])[C:3]1([C:2]([O:6][H:10])([H:14])[H:15])[O:7][H:17].[H:12][O:16][H:18],59.91711709796371,68.54349019451412,9.08938814531548
UQPHVQVXLPRNCX_69_0-cata_1,[C:0]([C:1]([O:5][H:9])([H:12])[H:13])([C:3]([C:2]([O:6][H:10])([H:14])[H:15])=[O:7])([O:4][H:8])[H:11].[O:16]([H:17])[H:18],[C:0]([C:1]([O:5][H:9])([H:12])[H:13])([C:3](=[O:7])[H:17])([O:4][H:8])[H:11].[C:2](=[O:6])([H:14])[H:15].[H:10][O:16][H:18],60.12670527100527,67.42715079397902,23.40846080305928
UQPHVQVXLPRNCX_72_1-cata_1,[C:0]([C:1]([O:5][H:9])([H:12])[H:13])([C:3]([C:2]([O:6][H:10])([H:14])[H:15])=[O:7])([O:4][H:8])[H:11].[O:16]([H:17])[H:18],[C:0]([C:1]([O:5][H:9])([H:12])[H:13])([C:3]1([O:7][H:17])[C:2]([H:14])([H:15])[O:6]1)([O:4][H:8])[H:11].[H:10][O:16][H:18],25.21960680503285,34.812972040996044,13.567638623326973
UQPHVQVXLPRNCX_72_1-cata_4,[C:0]([C:1]([O:5][H:9])([H:12])[H:13])([C:3]([C:2]([O:6][H:10])([H:14])[H:15])=[O:7])([O:4][H:8])[H:11].[O:16]([H:17])[H:18],[C:0]([C:1]([O:5][H:9])([H:12])[H:13])([C:3]1([O:7][H:17])[C:2]([H:14])([H:15])[O:6]1)([O:4][H:8])[H:11].[H:10][O:16][H:18],20.90798903050369,32.995077019448715,13.567638623326973
UQPHVQVXLPRNCX_75_0-cata_0,[C:0]([C:1]([O:5][H:9])([H:12])[H:13])([C:3]([C:2]([O:6][H:10])([H:14])[H:15])=[O:7])([O:4][H:8])[H:11].[O:16]([H:17])[H:18],[C:0]([C:1]([O:5][H:9])([H:12])[H:13])(/[C:3](=[C:2](/[O:6][H:10])[H:15])[O:7][H:17])([O:4][H:8])[H:11].[H:14][O:16][H:18],34.96420183047093,44.794765657477306,10.579827915869998
UQPHVQVXLPRNCX_75_0-cata_1,[C:0]([C:1]([O:5][H:9])([H:12])[H:13])([C:3]([C:2]([O:6][H:10])([H:14])[H:15])=[O:7])([O:4][H:8])[H:11].[O:16]([H:17])[H:18],[C:0]([C:1]([O:5][H:9])([H:12])[H:13])(/[C:3](=[C:2](\[O:6][H:10])[H:15])[O:7][H:17])([O:4][H:8])[H:11].[H:14][O:16][H:18],33.93947881698988,42.6775486044723,10.579827915869998
UQPHVQVXLPRNCX_75_0-cata_4,[C:0]([C:1]([O:5][H:9])([H:12])[H:13])([C:3]([C:2]([O:6][H:10])([H:14])[H:15])=[O:7])([O:4][H:8])[H:11].[O:16]([H:17])[H:18],[C:0]([C:1]([O:5][H:9])([H:12])[H:13])(/[C:3](=[C:2](\[O:6][H:10])[H:15])[O:7][H:17])([O:4][H:8])[H:11].[H:14][O:16][H:18],36.53109305200992,45.73351986946139,10.579827915869998
UQPHVQVXLPRNCX_75_6-cata2_0,[C:0]([C:1]([O:5][H:9])([H:12])[H:13])([C:3]([C:2]([O:6][H:10])([H:14])[H:15])=[O:7])([O:4][H:8])[H:11].[O:16]([H:17])[H:18],[C:0]([C:1]([O:5][H:9])([H:12])[H:13])(/[C:3](=[C:2](/[O:6][H:10])[H:15])[O:7][H:17])([O:4][H:8])[H:11].[H:14][O:16][H:18],32.546407727011406,43.57237715149594,10.579827915869998
UQPHVQVXLPRNCX_75_8-cata2_2,[C:0]([C:1]([O:5][H:9])([H:12])[H:13])([C:3]([C:2]([O:6][H:10])([H:14])[H:15])=[O:7])([O:4][H:8])[H:11].[O:16]([H:17])[H:18],[C:0]([C:1]([O:5][H:9])([H:12])[H:13])(/[C:3](=[C:2](/[O:6][H:10])[H:15])[O:7][H:17])([O:4][H:8])[H:11].[H:14][O:16][H:18],37.55205100850048,46.89252991596009,10.579827915869998
UQPHVQVXLPRNCX_7_0-cata_2,[C:0]([C:1]([O:5][H:9])([H:12])[H:13])([C:3]([C:2]([O:6][H:10])([H:14])[H:15])=[O:7])([O:4][H:8])[H:11].[O:16]([H:17])[H:18],[C:0]([C:3]([C:2]([O:6][H:10])([H:14])[H:15])=[O:7])(=[O:4])[H:11].[C:1]([O:5][H:9])([H:12])([H:13])[H:17].[H:8][O:16][H:18],64.21555717302614,69.9409538509815,22.409416826003817
UQPHVQVXLPRNCX_93_0-cata_0,[C:0]([C:1]([O:5][H:9])([H:12])[H:13])([C:3]([C:2]([O:6][H:10])([H:14])[H:15])=[O:7])([O:4][H:8])[H:11].[O:16]([H:17])[H:18],[C:0](=[C:3](/[C:2]([O:6][H:10])([H:14])[H:15])[O:7][H:17])(\[O:4][H:8])[H:11].[C:1](=[O:5])([H:12])[H:13].[H:9][O:16][H:18],27.734037371462406,36.16776505149982,34.19574569789676
UQPHVQVXLPRNCX_93_0-cata_2,[C:0]([C:1]([O:5][H:9])([H:12])[H:13])([C:3]([C:2]([O:6][H:10])([H:14])[H:15])=[O:7])([O:4][H:8])[H:11].[O:16]([H:17])[H:18],[C:0](=[C:3](/[C:2]([O:6][H:10])([H:14])[H:15])[O:7][H:17])(\[O:4][H:8])[H:11].[C:1](=[O:5])([H:12])[H:13].[H:9][O:16][H:18],25.113557699443906,34.25072352898879,34.19574569789676
WESGJWRMMBFBMN_14_1-cata_0,[C:0]1([C:2]([O:5][H:7])([H:10])[H:11])([O:4][H:6])[C:1]([H:8])([H:9])[O:3]1.[O:12]([H:13])[H:14],[C:0](\[C:1]([O:3][H:13])([H:8])[H:9])(=[C:2](\[O:5][H:7])[H:11])[O:4][H:6].[H:10][O:12][H:14],26.144555808051784,36.06736353150362,-5.33173996175908
WESGJWRMMBFBMN_18_0-cata_0,[C:0]1([C:2]([O:5][H:7])([H:10])[H:11])([O:4][H:6])[C:1]([H:8])([H:9])[O:3]1.[O:12]([H:13])[H:14],[C:0]([C:1]([O:3][H:13])([H:8])[H:9])([C:2]([O:5][H:7])([H:10])[H:11])=[O:4].[H:6][O:12][H:14],5.745476982047338,14.113943673999833,-14.84655831739963
WESGJWRMMBFBMN_18_0-cata_1,[C:0]1([C:2]([O:5][H:7])([H:10])[H:11])([O:4][H:6])[C:1]([H:8])([H:9])[O:3]1.[O:12]([H:13])[H:14],[C:0]([C:1]([O:3][H:13])([H:8])[H:9])([C:2]([O:5][H:7])([H:10])[H:11])=[O:4].[H:6][O:12][H:14],4.754639481516407,13.242332978524582,-14.84655831739963
WESGJWRMMBFBMN_18_0-cata_3,[C:0]1([C:2]([O:5][H:7])([H:10])[H:11])([O:4][H:6])[C:1]([H:8])([H:9])[O:3]1.[O:12]([H:13])[H:14],[C:0]([C:1]([O:3][H:13])([H:8])[H:9])([C:2]([O:5][H:7])([H:10])[H:11])=[O:4].[H:6][O:12][H:14],3.402356509041964,12.562740189992567,-14.84655831739963
WESGJWRMMBFBMN_7_0-cata_0,[C:0]1([C:2]([O:5][H:7])([H:10])[H:11])([O:4][H:6])[C:1]([H:8])([H:9])[O:3]1.[O:12]([H:13])[H:14],[C:0]1([O:3][C:1]([H:8])([H:9])[H:13])([O:4][H:6])[C:2]([H:10])([H:11])[O:5]1.[H:7][O:12][H:14],31.170279393525828,38.48955020152339,-7.27246653919694
YFZAQUOSZLJSOF_106_0-cata_3,[C:0]1([C:4]([O:10][H:15])([H:20])[H:21])([O:7][H:12])[C:1]([C:2]([C:3]([C:5]([O:11][H:16])([H:22])[H:23])([O:9][H:14])[H:19])([O:8][H:13])[H:18])([H:17])[O:6]1.[O:24]([H:25])[H:26],[C:0](/[C:1](=[C:2](\[C:3]([C:5]([O:11][H:16])([H:22])[H:23])([O:9][H:14])[H:19])[O:8][H:13])[H:17])([C:4]([O:10][H:15])([H:20])[H:21])([O:6][H:25])[O:7][H:12].[H:18][O:24][H:26],36.84359278300567,42.31359309453512,-18.78107074569788
YFZAQUOSZLJSOF_133_0-cata_0,[C:0]1([C:4]([O:10][H:15])([H:20])[H:21])([O:7][H:12])[C:1]([C:2]([C:3]([C:5]([O:11][H:16])([H:22])[H:23])([O:9][H:14])[H:19])([O:8][H:13])[H:18])([H:17])[O:6]1.[O:24]([H:25])[H:26],[C:0]1([C:4]([O:10][H:15])([H:20])[H:21])([O:7][H:12])[C:1]([C:2](=[O:8])[H:18])([H:17])[O:6]1.[C:3]([C:5]([O:11][H:16])([H:22])[H:23])([O:9][H:14])([H:19])[H:25].[H:13][O:24][H:26],64.29776091760397,69.24818336301843,17.447657743785843
YFZAQUOSZLJSOF_133_0-cata_1,[C:0]1([C:4]([O:10][H:15])([H:20])[H:21])([O:7][H:12])[C:1]([C:2]([C:3]([C:5]([O:11][H:16])([H:22])[H:23])([O:9][H:14])[H:19])([O:8][H:13])[H:18])([H:17])[O:6]1.[O:24]([H:25])[H:26],[C:0]1([C:4]([O:10][H:15])([H:20])[H:21])([O:7][H:12])[C:1]([C:2](=[O:8])[H:18])([H:17])[O:6]1.[C:3]([C:5]([O:11][H:16])([H:22])[H:23])([O:9][H:14])([H:19])[H:25].[H:13][O:24][H:26],59.07876440608284,65.99391909603061,17.447657743785843
YFZAQUOSZLJSOF_133_0-cata_2,[C:0]1([C:4]([O:10][H:15])([H:20])[H:21])([O:7][H:12])[C:1]([C:2]([C:3]([C:5]([O:11][H:16])([H:22])[H:23])([O:9][H:14])[H:19])([O:8][H:13])[H:18])([H:17])[O:6]1.[O:24]([H:25])[H:26],[C:0]1([C:4]([O:10][H:15])([H:20])[H:21])([O:7][H:12])[C:1]([C:2](=[O:8])[H:18])([H:17])[O:6]1.[C:3]([C:5]([O:11][H:16])([H:22])[H:23])([O:9][H:14])([H:19])[H:25].[H:13][O:24][H:26],67.30102138458345,73.44810444647291,17.447657743785843
YFZAQUOSZLJSOF_133_0-cata_3,[C:0]1([C:4]([O:10][H:15])([H:20])[H:21])([O:7][H:12])[C:1]([C:2]([C:3]([C:5]([O:11][H:16])([H:22])[H:23])([O:9][H:14])[H:19])([O:8][H:13])[H:18])([H:17])[O:6]1.[O:24]([H:25])[H:26],[C:0]1([C:4]([O:10][H:15])([H:20])[H:21])([O:7][H:12])[C:1]([C:2](=[O:8])[H:18])([H:17])[O:6]1.[C:3]([C:5]([O:11][H:16])([H:22])[H:23])([O:9][H:14])([H:19])[H:25].[H:13][O:24][H:26],60.16937591704021,66.81846657901768,17.447657743785843
YFZAQUOSZLJSOF_133_0-cata_4,[C:0]1([C:4]([O:10][H:15])([H:20])[H:21])([O:7][H:12])[C:1]([C:2]([C:3]([C:5]([O:11][H:16])([H:22])[H:23])([O:9][H:14])[H:19])([O:8][H:13])[H:18])([H:17])[O:6]1.[O:24]([H:25])[H:26],[C:0]1([C:4]([O:10][H:15])([H:20])[H:21])([O:7][H:12])[C:1]([C:2](=[O:8])[H:18])([H:17])[O:6]1.[C:3]([C:5]([O:11][H:16])([H:22])[H:23])([O:9][H:14])([H:19])[H:25].[H:13][O:24][H:26],67.40267792354081,74.10447938352787,17.447657743785843
YFZAQUOSZLJSOF_167_0-cata_1,[C:0]1([C:4]([O:10][H:15])([H:20])[H:21])([O:7][H:12])[C:1]([C:2]([C:3]([C:5]([O:11][H:16])([H:22])[H:23])([O:9][H:14])[H:19])([O:8][H:13])[H:18])([H:17])[O:6]1.[O:24]([H:25])[H:26],[C:0]1([C:4]([O:10][H:15])([H:20])[H:21])([O:7][H:12])[C:1]([C:2]([C:3](=[O:9])[H:19])([O:8][H:13])[H:18])([H:17])[O:6]1.[C:5]([O:11][H:16])([H:22])([H:23])[H:25].[H:14][O:24][H:26],69.58327343602849,75.06707895652309,16.46319311663476
YFZAQUOSZLJSOF_167_0-cata_2,[C:0]1([C:4]([O:10][H:15])([H:20])[H:21])([O:7][H:12])[C:1]([C:2]([C:3]([C:5]([O:11][H:16])([H:22])[H:23])([O:9][H:14])[H:19])([O:8][H:13])[H:18])([H:17])[O:6]1.[O:24]([H:25])[H:26],[C:0]1([C:4]([O:10][H:15])([H:20])[H:21])([O:7][H:12])[C:1]([C:2]([C:3](=[O:9])[H:19])([O:8][H:13])[H:18])([H:17])[O:6]1.[C:5]([O:11][H:16])([H:22])([H:23])[H:25].[H:14][O:24][H:26],66.55805013653311,72.33866765049173,16.46319311663476
YFZAQUOSZLJSOF_167_0-cata_3,[C:0]1([C:4]([O:10][H:15])([H:20])[H:21])([O:7][H:12])[C:1]([C:2]([C:3]([C:5]([O:11][H:16])([H:22])[H:23])([O:9][H:14])[H:19])([O:8][H:13])[H:18])([H:17])[O:6]1.[O:24]([H:25])[H:26],[C:0]1([C:4]([O:10][H:15])([H:20])[H:21])([O:7][H:12])[C:1]([C:2]([C:3](=[O:9])[H:19])([O:8][H:13])[H:18])([H:17])[O:6]1.[C:5]([O:11][H:16])([H:22])([H:23])[H:25].[H:14][O:24][H:26],68.31884179358192,72.99504258747534,16.46319311663476
YFZAQUOSZLJSOF_167_0-cata_4,[C:0]1([C:4]([O:10][H:15])([H:20])[H:21])([O:7][H:12])[C:1]([C:2]([C:3]([C:5]([O:11][H:16])([H:22])[H:23])([O:9][H:14])[H:19])([O:8][H:13])[H:18])([H:17])[O:6]1.[O:24]([H:25])[H:26],[C:0]1([C:4]([O:10][H:15])([H:20])[H:21])([O:7][H:12])[C:1]([C:2]([C:3](=[O:9])[H:19])([O:8][H:13])[H:18])([H:17])[O:6]1.[C:5]([O:11][H:16])([H:22])([H:23])[H:25].[H:14][O:24][H:26],68.90117060953848,74.03482582898971,16.46319311663476
YFZAQUOSZLJSOF_174_0-cata_0,[C:0]1([C:4]([O:10][H:15])([H:20])[H:21])([O:7][H:12])[C:1]([C:2]([C:3]([C:5]([O:11][H:16])([H:22])[H:23])([O:9][H:14])[H:19])([O:8][H:13])[H:18])([H:17])[O:6]1.[O:24]([H:25])[H:26],[C:0]1([C:4]([O:10][H:15])([H:20])[H:21])([O:7][H:12])[C:1]([C:2](/[C:3](=[C:5](/[O:11][H:16])[H:23])[H:19])([O:8][H:13])[H:18])([H:17])[O:6]1.[H:22][O:24][H:26].[O:9]([H:14])[H:25],50.779323758991744,54.66486258302656,11.643642447418761
YFZAQUOSZLJSOF_181_0-cata_1,[C:0]1([C:4]([O:10][H:15])([H:20])[H:21])([O:7][H:12])[C:1]([C:2]([C:3]([C:5]([O:11][H:16])([H:22])[H:23])([O:9][H:14])[H:19])([O:8][H:13])[H:18])([H:17])[O:6]1.[O:24]([H:25])[H:26],[C:0]1([C:4]([O:10][H:15])([H:20])[H:21])([O:7][H:12])[C:1]([C:2]([C:3](=[C:5]([H:22])[H:23])[O:9][H:14])([O:8][H:13])[H:18])([H:17])[O:6]1.[H:19][O:24][H:26].[O:11]([H:16])[H:25],45.60927298856106,52.523800169010414,7.499282982791575
YFZAQUOSZLJSOF_181_0-cata_2,[C:0]1([C:4]([O:10][H:15])([H:20])[H:21])([O:7][H:12])[C:1]([C:2]([C:3]([C:5]([O:11][H:16])([H:22])[H:23])([O:9][H:14])[H:19])([O:8][H:13])[H:18])([H:17])[O:6]1.[O:24]([H:25])[H:26],[C:0]1([C:4]([O:10][H:15])([H:20])[H:21])([O:7][H:12])[C:1]([C:2]([C:3](=[C:5]([H:22])[H:23])[O:9][H:14])([O:8][H:13])[H:18])([H:17])[O:6]1.[H:19][O:24][H:26].[O:11]([H:16])[H:25],55.70590084353776,58.78948252652848,7.499282982791575
YFZAQUOSZLJSOF_68_0-cata_3,[C:0]1([C:4]([O:10][H:15])([H:20])[H:21])([O:7][H:12])[C:1]([C:2]([C:3]([C:5]([O:11][H:16])([H:22])[H:23])([O:9][H:14])[H:19])([O:8][H:13])[H:18])([H:17])[O:6]1.[O:24]([H:25])[H:26],[C:0]([C:1]([C:2]([C:3]([C:5]([O:11][H:16])([H:22])[H:23])([O:9][H:14])[H:19])([O:8][H:13])[H:18])([O:6][H:25])[H:17])([C:4]([O:10][H:15])([H:20])[H:21])=[O:7].[H:12][O:24][H:26],6.605792506586776,14.878877754530398,-24.392208413001914
YFZAQUOSZLJSOF_99_0-cata_2,[C:0]1([C:4]([O:10][H:15])([H:20])[H:21])([O:7][H:12])[C:1]([C:2]([C:3]([C:5]([O:11][H:16])([H:22])[H:23])([O:9][H:14])[H:19])([O:8][H:13])[H:18])([H:17])[O:6]1.[O:24]([H:25])[H:26],[C:0]1([C:4]([O:10][H:15])([H:20])[H:21])([O:7][H:12])[C:1]([H:17])([H:25])[O:6]1.[C:2]([C:3]([C:5]([O:11][H:16])([H:22])[H:23])([O:9][H:14])[H:19])(=[O:8])[H:18].[H:13][O:24][H:26],31.87560007156422,39.36555346348755,12.736615678776282
BNFCVHNGQJGIIA_15_0-cata_3,[C:0]([C:1](/[C:5](=[C:3](\[C:4](=[O:10])[H:19])[O:8][H:13])[H:20])([O:7][H:12])[H:16])([C:2]([O:9][H:14])([H:17])[H:18])([O:6][H:22])[H:15].[H:11][O:21][H:23],[C:0]1([C:2]([O:9][H:14])([H:17])[H:18])([H:15])[C:1]([O:7][H:12])([H:16])[C:5]([H:20])=[C:3]([O:8][H:13])[C:4]([O:10][H:11])([H:19])[O:6]1.[O:21]([H:22])[H:23],20.685223158066737,32.30669909797456,1.560707456978961
BNFCVHNGQJGIIA_168_6-cata1_4,[C:0]([C:1](/[C:5](=[C:3](\[C:4](=[O:10])[H:19])[O:8][H:22])[H:20])([O:7][H:12])[H:16])([C:2]([O:9][H:14])([H:17])[H:18])([O:6][H:11])[H:15].[H:13][O:21][H:23],[C:0]1([C:2]([O:9][H:14])([H:17])[H:18])([H:15])[C:1]([O:7][H:12])([H:16])[C:5]([H:20])=[C:3]([O:8][H:22])[C:4]([O:10][H:13])([H:19])[O:6]1.[H:11][O:21][H:23],27.45103058703487,38.02268313352501,1.560707456978961
BNFCVHNGQJGIIA_222_0-cata_3,[C:0]([C:1](/[C:5](=[C:3](\[C:4](=[O:10])[H:19])[O:8][H:13])[H:20])([O:7][H:12])[H:16])([C:2]([O:9][H:14])([H:17])[H:18])([O:6][H:22])[H:15].[H:11][O:21][H:23],[C:0]1([C:2]([O:9][H:14])([H:17])[H:18])([H:15])[C:1]([O:7][H:12])([H:16])[C:5]([H:20])=[C:3]([O:8][H:13])[C:4]([O:10][H:11])([H:19])[O:6]1.[O:21]([H:22])[H:23],18.38477333102497,31.00273435698513,1.560707456978961
BNFCVHNGQJGIIA_161_0-cata_1,[C:0]([C:1](/[C:5](=[C:3](/[C:4](=[O:10])[H:19])[O:8][H:13])[H:20])([O:7][H:12])[H:16])([C:2]([O:9][H:14])([H:17])[H:18])([O:6][H:11])[H:15].[O:21]([H:22])[H:23],[C:0]([C:1]([C:5]([C:3]([C:4]([O:10][H:22])[H:19])=[O:8])[H:20])([O:7][H:13])[H:16])([C:2]([O:9][H:14])([H:17])[H:18])([O:6][H:11])[H:15].[H:12][O:21][H:23],32.25336079053788,40.7718022530041,TCIT fails
BNFCVHNGQJGIIA_251_0-cata_0,[C:0]([C:1](/[C:5](=[C:3](/[C:4](=[O:10])[H:19])[O:8][H:13])[H:20])([O:7][H:12])[H:16])([C:2]([O:9][H:14])([H:17])[H:18])([O:6][H:11])[H:15].[O:21]([H:22])[H:23],[C:0]([C:1]([C:5]([C:3]([C:4](=[O:10])[H:19])=[O:8])([H:20])[H:22])([O:7][H:12])[H:16])([C:2]([O:9][H:14])([H:17])[H:18])([O:6][H:13])[H:15].[H:11][O:21][H:23],19.90648386853536,30.23529023849657,-4.704827915869967
BNFCVHNGQJGIIA_317_0-cata_1,[C:0]([C:1](/[C:5](=[C:3](/[C:4](=[O:10])[H:19])[O:8][H:11])[H:20])([O:7][H:22])[H:16])([C:2]([O:9][H:14])([H:17])[H:18])([O:6][H:12])[H:15].[H:13][O:21][H:23],[C:0](/[C:1](=[C:5](\[C:3]([C:4](=[O:10])[H:19])=[O:8])[H:20])[H:16])([C:2]([O:9][H:14])([H:17])[H:18])([O:6][H:11])[H:15].[H:13][O:21][H:23].[O:7]([H:12])[H:22],17.515045164009297,27.01804903198661,9.206500956022968
BNFCVHNGQJGIIA_47_0-cata_2,[C:0]([C:1](/[C:5](=[C:3](\[C:4](=[O:10])[H:19])[O:8][H:13])[H:20])([O:7][H:12])[H:16])([C:2]([O:9][H:14])([H:17])[H:18])([O:6][H:11])[H:15].[O:21]([H:22])[H:23],[C:0](/[C:1](=[C:5]([C:3](=[C:4](/[O:10][H:16])[H:19])\[O:8][H:13])/[H:20])[O:7][H:12])([C:2]([O:9][H:14])([H:17])[H:18])([O:6][H:11])[H:15].[O:21]([H:22])[H:23],29.00348909003897,38.074138912466445,-2.621892925430217
NGHTTWGPJSZSKH_131_0-cata_4,[C:0]([C:1]([C:2]([O:10][H:16])([H:20])[H:21])([O:8][H:14])[H:19])(/[C:4](=[C:5](\[C:3]([O:11][H:17])([H:22])[H:23])[O:9][H:15])[O:7][H:13])([O:6][H:12])[H:18].[O:24]([H:25])[H:26],[C:0]1([C:1]([C:2]([O:10][H:16])([H:20])[H:21])([O:8][H:14])[H:19])([H:18])[C:4]([C:5](=[C:3]([H:22])[H:23])[O:9][H:15])([O:7][H:13])[O:6]1.[O:11]([H:12])[H:17].[O:24]([H:25])[H:26],35.54402060850516,41.88876916303761,25.773661567877625
NGHTTWGPJSZSKH_207_0-cata_3,[C:0]([C:1]([C:2]([O:10][H:16])([H:20])[H:21])([O:8][H:26])[H:19])(/[C:4](=[C:5](/[C:3]([O:11][H:17])([H:22])[H:23])[O:9][H:15])[O:7][H:13])([O:6][H:14])[H:18].[H:12][O:24][H:25],[C:0](=[C:4](\[C:5]([C:3]([O:11][H:17])([H:22])[H:23])([O:9][H:15])[H:25])[O:7][H:13])(\[O:6][H:14])[H:18].[C:1]([C:2]([O:10][H:16])([H:20])[H:21])(=[O:8])[H:19].[H:12][O:24][H:26],35.67642511302756,42.40520948151784,24.528919694072687
NGHTTWGPJSZSKH_258_1-cata_0,[C:0]([C:1]([C:2]([O:10][H:16])([H:20])[H:21])([O:8][H:14])[H:19])(/[C:4](=[C:5](/[C:3]([O:11][H:17])([H:22])[H:23])[O:9][H:15])[O:7][H:13])([O:6][H:12])[H:18].[O:24]([H:25])[H:26],[C:0](=[C:4](/[C:5]([C:3]([O:11][H:17])([H:22])[H:23])([O:9][H:15])[H:25])[O:7][H:13])(\[O:6][H:12])[H:18].[C:1]([C:2]([O:10][H:16])([H:20])[H:21])(=[O:8])[H:19].[H:14][O:24][H:26],37.52632311906543,44.644163377500846,24.528919694072687
NGHTTWGPJSZSKH_209_0-cata_2,[C:0]([C:1]([C:2]([O:10][H:26])([H:20])[H:21])([O:8][H:14])[H:19])(/[C:4](=[C:5](\[C:3]([O:11][H:17])([H:22])[H:23])[O:9][H:15])[O:7][H:16])([O:6][H:12])[H:18].[H:13][O:24][H:25],[C:0]([C:1]([C:2]([O:10][H:16])([H:20])[H:21])([O:8][H:14])[H:19])([C:4]([C:5]([C:3]([O:11][H:17])([H:22])[H:23])([O:9][H:15])[H:25])=[O:7])([O:6][H:12])[H:18].[H:13][O:24][H:26],19.148452392594372,28.603138028979664,-2.488288718929268
NGHTTWGPJSZSKH_209_10-cata1_3,[C:0]([C:1]([C:2]([O:10][H:25])([H:20])[H:21])([O:8][H:14])[H:19])(/[C:4](=[C:5](\[C:3]([O:11][H:17])([H:22])[H:23])[O:9][H:15])[O:7][H:13])([O:6][H:12])[H:18].[H:16][O:24][H:26],[C:0]([C:1]([C:2]([O:10][H:13])([H:20])[H:21])([O:8][H:14])[H:19])([C:4]([C:5]([C:3]([O:11][H:17])([H:22])[H:23])([O:9][H:15])[H:16])=[O:7])([O:6][H:12])[H:18].[O:24]([H:25])[H:26],16.573780914031556,26.85866161903233,-2.488288718929268
NGHTTWGPJSZSKH_209_10-cata2_4,[C:0]([C:1]([C:2]([O:10][H:16])([H:20])[H:21])([O:8][H:14])[H:19])(/[C:4](=[C:5](\[C:3]([O:11][H:17])([H:22])[H:23])[O:9][H:15])[O:7][H:13])([O:6][H:12])[H:18].[O:24]([H:25])[H:26],[C:0]([C:1]([C:2]([O:10][H:13])([H:20])[H:21])([O:8][H:14])[H:19])([C:4]([C:5]([C:3]([O:11][H:17])([H:22])[H:23])([O:9][H:15])[H:25])=[O:7])([O:6][H:12])[H:18].[H:16][O:24][H:26],14.853149865095356,25.700906591530455,-2.488288718929268
NGHTTWGPJSZSKH_209_9-cata2_0,[C:0]([C:1]([C:2]([O:10][H:16])([H:20])[H:21])([O:8][H:14])[H:19])(/[C:4](=[C:5](\[C:3]([O:11][H:17])([H:22])[H:23])[O:9][H:15])[O:7][H:13])([O:6][H:12])[H:18].[O:24]([H:25])[H:26],[C:0]([C:1]([C:2]([O:10][H:16])([H:20])[H:21])([O:8][H:14])[H:19])([C:4]([C:5]([C:3]([O:11][H:17])([H:22])[H:23])([O:9][H:13])[H:25])=[O:7])([O:6][H:12])[H:18].[H:15][O:24][H:26],31.997336914542224,40.91299189050432,-2.488288718929268
NGHTTWGPJSZSKH_209_9-cata2_4,[C:0]([C:1]([C:2]([O:10][H:16])([H:20])[H:21])([O:8][H:14])[H:19])(/[C:4](=[C:5](\[C:3]([O:11][H:17])([H:22])[H:23])[O:9][H:15])[O:7][H:13])([O:6][H:12])[H:18].[O:24]([H:25])[H:26],[C:0]([C:1]([C:2]([O:10][H:16])([H:20])[H:21])([O:8][H:14])[H:19])([C:4]([C:5]([C:3]([O:11][H:17])([H:22])[H:23])([O:9][H:13])[H:25])=[O:7])([O:6][H:12])[H:18].[H:15][O:24][H:26],33.32075445005388,43.67340618102622,-2.488288718929268
NGHTTWGPJSZSKH_215_0-cata_3,[C:0]([C:1]([C:2]([O:10][H:16])([H:20])[H:21])([O:8][H:14])[H:19])(/[C:4](=[C:5](\[C:3]([O:11][H:17])([H:22])[H:23])[O:9][H:15])[O:7][H:13])([O:6][H:12])[H:18].[O:24]([H:25])[H:26],[C:0]([C:1]([C:2]([O:10][H:16])([H:20])[H:21])([O:8][H:14])[H:19])([C:4]([C:5]([C:3]([O:11][H:17])([H:22])[H:23])([O:9][H:15])[H:25])=[O:7])([O:6][H:12])[H:18].[H:13][O:24][H:26],28.33205392502203,38.7261212830325,-2.488288718929268
NGHTTWGPJSZSKH_255_0-cata_0,[C:0]([C:1]([C:2]([O:10][H:16])([H:20])[H:21])([O:8][H:14])[H:19])(/[C:4](=[C:5](\[C:3]([O:11][H:17])([H:22])[H:23])[O:9][H:15])[O:7][H:13])([O:6][H:12])[H:18].[O:24]([H:25])[H:26],[C:0]([C:1]([C:2]([O:10][H:16])([H:20])[H:21])([O:8][H:14])[H:19])([C:4]([C:5]([C:3]([O:11][H:17])([H:22])[H:23])([O:9][H:15])[H:25])=[O:7])([O:6][H:12])[H:18].[H:13][O:24][H:26],27.31046845903306,36.87622327699463,-2.488288718929268
NGHTTWGPJSZSKH_31_14-cata2_1,[C:0]([C:1]([C:2]([O:10][H:16])([H:20])[H:21])([O:8][H:14])[H:19])(/[C:4](=[C:5](\[C:3]([O:11][H:17])([H:22])[H:23])[O:9][H:15])[O:7][H:13])([O:6][H:12])[H:18].[O:24]([H:25])[H:26],[C:0]([C:1]([C:2]([O:10][H:16])([H:20])[H:21])([O:8][H:14])[H:19])([C:4]([C:5]([C:3]([O:11][H:17])([H:22])[H:23])([O:9][H:15])[H:25])=[O:7])([O:6][H:12])[H:18].[H:13][O:24][H:26],32.477381682043,42.53322141947999,-2.488288718929268
NGHTTWGPJSZSKH_209_0-cata_3,[C:0]([C:1]([C:2]([O:10][H:16])([H:20])[H:21])([O:8][H:14])[H:19])(/[C:4](=[C:5](\[C:3]([O:11][H:17])([H:22])[H:23])[O:9][H:15])[O:7][H:26])([O:6][H:12])[H:18].[H:13][O:24][H:25],[C:0]([C:1]([C:2]([O:10][H:16])([H:20])[H:21])([O:8][H:25])[H:19])([C:4]([C:5](=[C:3]([H:22])[H:23])[O:9][H:15])=[O:7])([O:6][H:12])[H:18].[H:13][O:24][H:26].[O:11]([H:14])[H:17],21.548676230026917,31.02030462301211,4.510755258126206
NGHTTWGPJSZSKH_355_0-cata_0,[C:0]([C:1]([C:2]([O:10][H:26])([H:20])[H:21])([O:8][H:14])[H:19])(/[C:4](=[C:5](\[C:3]([O:11][H:17])([H:22])[H:23])[O:9][H:15])[O:7][H:16])([O:6][H:12])[H:18].[H:13][O:24][H:25],[C:0]([C:1]([C:2]([O:10][H:16])([H:20])[H:21])([O:8][H:14])[H:19])([C:4]([C:5](=[C:3]([H:22])[H:23])[O:9][H:15])=[O:7])([O:6][H:12])[H:18].[H:13][O:24][H:26].[O:11]([H:17])[H:25],18.4387391480314,29.241315190509237,4.510755258126206
NGHTTWGPJSZSKH_364_0-cata_0,[C:0]([C:1]([C:2]([O:10][H:16])([H:20])[H:21])([O:8][H:14])[H:19])(/[C:4](=[C:5](/[C:3]([O:11][H:17])([H:22])[H:23])[O:9][H:15])[O:7][H:13])([O:6][H:12])[H:18].[O:24]([H:25])[H:26],[C:0]([C:1]([C:2]([O:10][H:16])([H:20])[H:21])([O:8][H:14])[H:19])([C:4]([C:5](=[C:3]([H:22])[H:23])[O:9][H:15])=[O:7])([O:6][H:12])[H:18].[H:13][O:24][H:26].[O:11]([H:17])[H:25],14.989946936035334,23.71295649548444,4.510755258126206
NGHTTWGPJSZSKH_209_9-cata2_2,[C:0]([C:1]([C:2]([O:10][H:16])([H:20])[H:21])([O:8][H:14])[H:19])(/[C:4](=[C:5](\[C:3]([O:11][H:17])([H:22])[H:23])[O:9][H:15])[O:7][H:13])([O:6][H:12])[H:18].[O:24]([H:25])[H:26],[C:0]([C:1]([C:2]([O:10][H:16])([H:20])[H:21])([O:8][H:14])[H:19])([C:4]([C:5]([C:3]([O:11][H:17])([H:22])[H:23])=[O:9])([O:7][H:13])[H:25])([O:6][H:12])[H:18].[H:15][O:24][H:26],29.865687143002315,39.44022709401304,-4.635277246653921
NGHTTWGPJSZSKH_209_9-cata2_3,[C:0]([C:1]([C:2]([O:10][H:16])([H:20])[H:21])([O:8][H:14])[H:19])(/[C:4](=[C:5](\[C:3]([O:11][H:17])([H:22])[H:23])[O:9][H:15])[O:7][H:13])([O:6][H:12])[H:18].[O:24]([H:25])[H:26],[C:0]([C:1]([C:2]([O:10][H:16])([H:20])[H:21])([O:8][H:14])[H:19])([C:4]([C:5]([C:3]([O:11][H:17])([H:22])[H:23])=[O:9])([O:7][H:13])[H:25])([O:6][H:12])[H:18].[H:15][O:24][H:26],32.304816569550646,41.90382939099958,-4.635277246653921
NGHTTWGPJSZSKH_213_0-cata_1,[C:0]([C:1]([C:2]([O:10][H:16])([H:20])[H:21])([O:8][H:14])[H:19])(/[C:4](=[C:5](\[C:3]([O:11][H:17])([H:22])[H:23])[O:9][H:15])[O:7][H:13])([O:6][H:12])[H:18].[O:24]([H:25])[H:26],[C:0]([C:1]([C:2]([O:10][H:16])([H:20])[H:21])([O:8][H:14])[H:19])([C:4]([C:5]([C:3]([O:11][H:17])([H:22])[H:23])=[O:9])([O:7][H:13])[H:25])([O:6][H:12])[H:18].[H:15][O:24][H:26],35.61430167254173,44.86316419301864,-4.635277246653921
NGHTTWGPJSZSKH_213_0-cata_3,[C:0]([C:1]([C:2]([O:10][H:16])([H:20])[H:21])([O:8][H:14])[H:19])(/[C:4](=[C:5](\[C:3]([O:11][H:17])([H:22])[H:23])[O:9][H:15])[O:7][H:13])([O:6][H:12])[H:18].[O:24]([H:25])[H:26],[C:0]([C:1]([C:2]([O:10][H:13])([H:20])[H:21])([O:8][H:14])[H:19])([C:4]([C:5]([C:3]([O:11][H:17])([H:22])[H:23])=[O:9])([O:7][H:15])[H:25])([O:6][H:12])[H:18].[H:16][O:24][H:26],24.711324110032027,35.12986433848071,-4.635277246653921
NGHTTWGPJSZSKH_213_0-cata_4,[C:0]([C:1]([C:2]([O:10][H:16])([H:20])[H:21])([O:8][H:14])[H:19])(/[C:4](=[C:5](\[C:3]([O:11][H:17])([H:22])[H:23])[O:9][H:15])[O:7][H:13])([O:6][H:12])[H:18].[O:24]([H:25])[H:26],[C:0]([C:1]([C:2]([O:10][H:16])([H:20])[H:21])([O:8][H:14])[H:19])([C:4]([C:5]([C:3]([O:11][H:17])([H:22])[H:23])=[O:9])([O:7][H:13])[H:25])([O:6][H:12])[H:18].[H:15][O:24][H:26],32.37886269050638,41.16838825700157,-4.635277246653921
NGHTTWGPJSZSKH_4_1-cata_3,[C:0]([C:1]([C:2]([O:10][H:16])([H:20])[H:21])([O:8][H:14])[H:19])(/[C:4](=[C:5](\[C:3]([O:11][H:17])([H:22])[H:23])[O:9][H:15])[O:7][H:13])([O:6][H:12])[H:18].[O:24]([H:25])[H:26],[C:0]([C:1]([C:2]([O:10][H:16])([H:20])[H:21])([O:8][H:14])[H:19])([C:4]([C:5]([C:3]([O:11][H:17])([H:22])[H:23])=[O:9])([O:7][H:13])[H:25])([O:6][H:12])[H:18].[H:15][O:24][H:26],31.982904196078664,40.225241478528574,-4.635277246653921
NGHTTWGPJSZSKH_211_0-cata_0,[C:0]([C:1]([C:2]([O:10][H:16])([H:20])[H:21])([O:8][H:14])[H:19])(/[C:4](=[C:5](\[C:3]([O:11][H:17])([H:22])[H:23])[O:9][H:15])[O:7][H:13])([O:6][H:12])[H:18].[O:24]([H:25])[H:26],[C:0]1([O:6][H:12])([H:18])[C:1]([C:2]([O:10][H:16])([H:20])[H:21])([H:19])[O:8][C:4]1([C:5]([C:3]([O:11][H:17])([H:22])[H:23])([O:9][H:15])[H:25])[O:7][H:13].[H:14][O:24][H:26],33.13250160002979,42.46043031752109,4.754063097514359
NGHTTWGPJSZSKH_215_0-cata_0,[C:0]([C:1]([C:2]([O:10][H:16])([H:20])[H:21])([O:8][H:14])[H:19])(/[C:4](=[C:5](\[C:3]([O:11][H:17])([H:22])[H:23])[O:9][H:15])[O:7][H:13])([O:6][H:12])[H:18].[O:24]([H:25])[H:26],[C:0]1([O:6][H:12])([H:18])[C:1]([O:8][H:14])([H:19])[C:2]([H:20])([H:21])[O:10][C:4]1([C:5]([C:3]([O:11][H:17])([H:22])[H:23])([O:9][H:15])[H:25])[O:7][H:13].[H:16][O:24][H:26],29.586445415493937,39.971100131028166,-15.041586998087945
NGHTTWGPJSZSKH_215_0-cata_1,[C:0]([C:1]([C:2]([O:10][H:16])([H:20])[H:21])([O:8][H:14])[H:19])(/[C:4](=[C:5](\[C:3]([O:11][H:17])([H:22])[H:23])[O:9][H:15])[O:7][H:13])([O:6][H:12])[H:18].[O:24]([H:25])[H:26],[C:0]1([O:6][H:12])([H:18])[C:1]([O:8][H:14])([H:19])[C:2]([H:20])([H:21])[O:10][C:4]1([C:5]([C:3]([O:11][H:17])([H:22])[H:23])([O:9][H:15])[H:25])[O:7][H:13].[H:16][O:24][H:26],26.44325033008239,36.80719723202622,-15.041586998087945
NGHTTWGPJSZSKH_215_0-cata_4,[C:0]([C:1]([C:2]([O:10][H:16])([H:20])[H:21])([O:8][H:14])[H:19])(/[C:4](=[C:5](\[C:3]([O:11][H:17])([H:22])[H:23])[O:9][H:15])[O:7][H:13])([O:6][H:12])[H:18].[O:24]([H:25])[H:26],[C:0]1([O:6][H:12])([H:18])[C:1]([O:8][H:14])([H:19])[C:2]([H:20])([H:21])[O:10][C:4]1([C:5]([C:3]([O:11][H:17])([H:22])[H:23])([O:9][H:15])[H:25])[O:7][H:13].[H:16][O:24][H:26],32.91412829408176,44.14592083454601,-15.041586998087945
NGHTTWGPJSZSKH_284_0-cata_3,[C:0]([C:1]([C:2]([O:10][H:16])([H:20])[H:21])([O:8][H:14])[H:19])(/[C:4](=[C:5](/[C:3]([O:11][H:17])([H:22])[H:23])[O:9][H:15])[O:7][H:13])([O:6][H:12])[H:18].[O:24]([H:25])[H:26],[C:0](\[C:1]([C:2]([O:10][H:16])([H:20])[H:21])([O:8][H:14])[H:19])(=[C:4](/[C:5]([C:3]([O:11][H:17])([H:22])[H:23])=[O:9])[O:7][H:13])[H:18].[O:24]([H:25])[H:26].[O:6]([H:12])[H:15],27.021814089048448,33.04590528903441,9.720124282982814
NGHTTWGPJSZSKH_52_0-cata_2,[C:0]([C:1]([C:2]([O:10][H:16])([H:20])[H:21])([O:8][H:14])[H:19])(/[C:4](=[C:5](\[C:3]([O:11][H:17])([H:22])[H:23])[O:9][H:15])[O:7][H:13])([H:18])[O:24][H:26].[O:6]([H:12])[H:25],[C:0](\[C:1]([C:2]([O:10][H:16])([H:20])[H:21])([O:8][H:14])[H:19])(=[C:4](\[C:5]([C:3]([O:11][H:17])([H:22])[H:23])=[O:9])[O:7][H:15])[H:18].[O:24]([H:25])[H:26].[O:6]([H:12])[H:13],30.045782369546995,34.26892130451419,9.720124282982814
NGHTTWGPJSZSKH_31_2-cata_4,[C:0]([C:1]([C:2]([O:10][H:16])([H:20])[H:21])([O:8][H:14])[H:19])(/[C:4](=[C:5](\[C:3]([O:11][H:17])([H:22])[H:23])[O:9][H:15])[O:7][H:13])([O:6][H:12])[H:18].[O:24]([H:25])[H:26],[C:0]([C:1]([C:2]([O:10][H:16])([H:20])[H:21])([O:8][H:14])[H:19])([C:4]([C:5]([C:3]([O:11])([H:22])[H:23])[O:9][H:15])([O:7][H:13])[H:25])([O:6][H:12])[H:18].[H:17][O:24][H:26],30.37020478101264,38.70227592202136,TCIT fails
NGHTTWGPJSZSKH_46_0-cata_4,[C:0]([C:1]([C:2]([O:10][H:16])([H:20])[H:21])([O:8][H:14])[H:19])(/[C:4](=[C:5](\[C:3]([O:11][H:17])([H:22])[H:23])[O:9][H:15])[O:7][H:13])([O:6][H:12])[H:18].[O:24]([H:25])[H:26],[C:0](\[C:1]([C:2]([O:10][H:16])([H:20])[H:21])([O:8][H:14])[H:19])(=[C:4](/[C:5]1([O:9][H:15])[C:3]([H:22])([H:23])[O:11]1)[O:7][H:13])[H:18].[O:24]([H:25])[H:26].[O:6]([H:12])[H:17],25.78750290252584,33.07477072603287,30.058795411089882
UQPHVQVXLPRNCX_31_1-cata_3,[C:0]([C:1]([O:5][H:9])([H:12])[H:13])([C:3]([C:2]([O:6][H:10])([H:14])[H:15])=[O:7])([O:4][H:8])[H:17].[H:11][O:16][H:18],[C:0](\[C:1]([O:5][H:18])([H:12])[H:13])(=[C:3](/[C:2]([O:6][H:10])([H:14])[H:15])[O:7][H:9])[O:4][H:8].[H:11][O:16][H:17],35.74168610100548,44.683068966473954,6.113766730401539
UQPHVQVXLPRNCX_39_1-cata_0,[C:0]([C:1]([O:5][H:8])([H:12])[H:13])([C:3]([C:2]([O:6][H:10])([H:14])[H:15])=[O:7])([O:4][H:9])[H:11].[O:16]([H:17])[H:18],[C:0](=[C:3](\[C:2]([O:6][H:10])([H:14])[H:15])[O:7][H:17])(\[O:4][H:9])[H:11].[C:1](=[O:5])([H:12])[H:13].[H:8][O:16][H:18],31.26817087552836,39.53686355698307,34.19574569789676
UQPHVQVXLPRNCX_53_1-cata_0,[C:0]([C:1]([O:5][H:9])([H:12])[H:13])([C:3]([C:2]([O:6][H:10])([H:14])[H:15])=[O:7])([O:4][H:8])[H:11].[O:16]([H:17])[H:18],[C:0]1([O:4][H:8])([H:11])[C:1]([H:12])([H:13])[O:5][C:3]1([C:2]([O:6][H:9])([H:14])[H:15])[O:7][H:17].[H:10][O:16][H:18],29.393799998980946,40.585431931475256,12.027246653919693
UQPHVQVXLPRNCX_70_0-cata_1,[C:0]([C:1]([O:5][H:18])([H:12])[H:13])([C:3]([C:2]([O:6][H:9])([H:14])[H:15])=[O:7])([O:4][H:8])[H:11].[H:10][O:16][H:17],[C:0]([C:1]([O:5][H:9])([H:12])[H:13])([C:3]1([O:7][H:17])[C:2]([H:14])([H:15])[O:6]1)([O:4][H:8])[H:11].[H:10][O:16][H:18],29.996836628456556,40.589824497964166,13.567638623326973
UQPHVQVXLPRNCX_75_6-cata1_3,[C:0]([C:1]([O:5][H:9])([H:12])[H:13])([C:3]([C:2]([O:6][H:10])([H:14])[H:15])=[O:7])([O:4][H:8])[H:11].[O:16]([H:17])[H:18],[C:0]1([C:1]([O:5][H:8])([H:12])[H:13])([H:11])[C:3]([C:2]([O:6][H:10])([H:14])[H:15])([O:7][H:9])[O:4]1.[O:16]([H:17])[H:18],33.35589498196516,41.118187496985634,26.376434034416835
UQPHVQVXLPRNCX_75_6-cata2_1,[C:0]([C:1]([O:5][H:9])([H:12])[H:13])([C:3]([C:2]([O:6][H:10])([H:14])[H:15])=[O:7])([O:4][H:8])[H:11].[O:16]([H:17])[H:18],[C:0]([C:1]([O:5][H:17])([H:12])[H:13])(/[C:3](=[C:2](/[O:6][H:10])[H:15])[O:7][H:9])([O:4][H:8])[H:11].[H:14][O:16][H:18],29.1239709139488,39.17290804697456,10.579827915869998
YFZAQUOSZLJSOF_141_0-cata_1,[C:0]1([C:4]([O:10][H:15])([H:20])[H:21])([O:7][H:12])[C:1]([C:2]([C:3]([C:5]([O:11][H:16])([H:22])[H:23])([O:9][H:14])[H:19])([O:8][H:13])[H:18])([H:17])[O:6]1.[O:24]([H:25])[H:26],[C:0]([C:4]([O:10][H:15])([H:20])[H:21])([O:6]/[C:1](=[C:2](\[C:3]([C:5]([O:11][H:16])([H:22])[H:23])([O:9][H:14])[H:19])[H:18])[H:17])=[O:7].[H:12][O:24][H:26].[O:8]([H:13])[H:25],31.480896596062,39.17290804697456,-15.346558317399627
YFZAQUOSZLJSOF_21_0-cata_3,[C:0]1([C:4]([O:10][H:15])([H:20])[H:21])([O:7][H:12])[C:1]([C:2]([C:3]([C:5]([O:11][H:16])([H:22])[H:23])([O:9][H:14])[H:19])([O:8][H:13])[H:18])([H:17])[O:6]1.[O:24]([H:25])[H:26],[C:0]([C:1]([C:2]([C:3]([C:5]([O:11][H:16])([H:22])[H:23])([O:9][H:14])[H:19])([O:8][H:13])[H:18])([O:6][H:25])[H:17])([C:4]([O:10][H:15])([H:20])[H:21])=[O:7].[H:12][O:24][H:26],6.580064617009054,14.520569830007624,-24.392208413001914
YFZAQUOSZLJSOF_22_0-cata_2,[C:0]1([C:4]([O:10][H:15])([H:20])[H:21])([O:7][H:12])[C:1]([C:2]([C:3]([C:5]([O:11][H:16])([H:22])[H:23])([O:9][H:14])[H:19])([O:8][H:13])[H:18])([H:17])[O:6]1.[O:24]([H:25])[H:26],[C:0]([C:1]([C:2]([C:3]([C:5]([O:11][H:16])([H:22])[H:23])([O:9][H:14])[H:19])([O:8][H:12])[H:18])([O:6][H:26])[H:17])([C:4]([O:10][H:15])([H:20])[H:21])=[O:7].[H:13][O:24][H:25],-0.7109682634171274,7.319270807997566,-24.392208413001914
YFZAQUOSZLJSOF_22_0-cata_3,[C:0]1([C:4]([O:10][H:15])([H:20])[H:21])([O:7][H:25])[C:1]([C:2]([C:3]([C:5]([O:11][H:16])([H:22])[H:23])([O:9][H:14])[H:19])([O:8][H:13])[H:18])([H:17])[O:6]1.[H:12][O:24][H:26],[C:0]([C:1]([C:2]([C:3]([C:5]([O:11][H:16])([H:22])[H:23])([O:9][H:14])[H:19])([O:8][H:12])[H:18])([O:6][H:13])[H:17])([C:4]([O:10][H:15])([H:20])[H:21])=[O:7].[O:24]([H:25])[H:26],9.716357098009368,15.31311432850415,-24.392208413001914
YFZAQUOSZLJSOF_72_0-cata_3,[C:0]1([C:4]([O:10][H:15])([H:20])[H:21])([O:7][H:25])[C:1]([C:2]([C:3]([C:5]([O:11][H:16])([H:22])[H:23])([O:9][H:14])[H:19])([O:8][H:13])[H:18])([H:17])[O:6]1.[H:12][O:24][H:26],[C:0]([C:1]([C:2]([C:3]([C:5]([O:11][H:16])([H:22])[H:23])([O:9][H:14])[H:19])([O:8][H:13])[H:18])([O:6][H:25])[H:17])([C:4]([O:10][H:15])([H:20])[H:21])=[O:7].[H:12][O:24][H:26],19.69438565757148,28.643298637020948,-24.392208413001914
YFZAQUOSZLJSOF_99_0-cata_3,[C:0]1([C:4]([O:10][H:15])([H:20])[H:21])([O:7][H:12])[C:1]([C:2]([C:3]([C:5]([O:11][H:16])([H:22])[H:23])([O:9][H:14])[H:19])([O:8][H:13])[H:18])([H:17])[O:6]1.[O:24]([H:25])[H:26],[C:0]([C:4]([O:10][H:15])([H:20])[H:21])([O:6][C:1]([C:2]([C:3]([C:5]([O:11][H:16])([H:22])[H:23])([O:9][H:14])[H:19])([O:8])[H:18])([H:17])[H:25])[O:7][H:12].[H:13][O:24][H:26],28.786370803016425,38.45629219800036,TCIT fails
BXMMDTDOWCVDIM_110_0-cata_1,[C:0]1([O:7][H:11])([H:15])[C:4]([O:9][H:13])=[C:5]([H:20])[C:1]([C:2]([C:3]([O:10][H:14])([H:18])[H:19])([O:8][H:12])[H:17])([H:16])[O:6]1.[O:21]([H:22])[H:23],[C:0]1([O:7][H:11])([H:15])[C:4]([O:9][H:13])=[C:5]([H:20])/[C:1](=[C:2](\[C:3]([O:10][H:14])([H:18])[H:19])[H:17])[O:6]1.[H:16][O:21][H:23].[O:8]([H:12])[H:22],51.301411662957705,55.941216905943016,9.239005736137681
BXMMDTDOWCVDIM_110_0-cata_2,[C:0]1([O:7][H:11])([H:15])[C:4]([O:9][H:13])=[C:5]([H:20])[C:1]([C:2]([C:3]([O:10][H:14])([H:18])[H:19])([O:8][H:12])[H:17])([H:16])[O:6]1.[O:21]([H:22])[H:23],[C:0]1([O:7][H:11])([H:15])[C:4]([O:9][H:13])=[C:5]([H:20])/[C:1](=[C:2](\[C:3]([O:10][H:14])([H:18])[H:19])[H:17])[O:6]1.[H:16][O:21][H:23].[O:8]([H:12])[H:22],52.41084845901023,57.1560752979434,9.239005736137681
BXMMDTDOWCVDIM_124_0-cata_0,[C:0]1([O:7][H:11])([H:15])[C:4]([O:9][H:13])=[C:5]([H:20])[C:1]([C:2]([C:3]([O:10][H:14])([H:18])[H:19])([O:8][H:12])[H:17])([H:16])[O:6]1.[O:21]([H:22])[H:23],[C:0]1([O:7][H:11])([H:15])[C:4]([O:9][H:13])=[C:5]([H:20])[C:1]([C:2]([O:8][H:12])([H:17])[H:22])([H:16])[O:6]1.[C:3](=[O:10])([H:18])[H:19].[H:14][O:21][H:23],61.69861656853159,69.73764077292411,17.106835564053576
BXMMDTDOWCVDIM_124_0-cata_1,[C:0]1([O:7][H:11])([H:15])[C:4]([O:9][H:13])=[C:5]([H:20])[C:1]([C:2]([C:3]([O:10][H:14])([H:18])[H:19])([O:8][H:12])[H:17])([H:16])[O:6]1.[O:21]([H:22])[H:23],[C:0]1([O:7][H:11])([H:15])[C:4]([O:9][H:13])=[C:5]([H:20])[C:1]([C:2]([O:8][H:12])([H:17])[H:22])([H:16])[O:6]1.[C:3](=[O:10])([H:18])[H:19].[H:14][O:21][H:23],67.38699018600909,74.44647206094916,17.106835564053576
BXMMDTDOWCVDIM_145_0-cata_0,[C:0]1([O:7][H:11])([H:15])[C:4]([O:9][H:13])=[C:5]([H:20])[C:1]([C:2]([C:3]([O:10][H:14])([H:18])[H:19])([O:8][H:12])[H:17])([H:16])[O:6]1.[O:21]([H:22])[H:23],[C:0]1([O:7][H:11])([H:15])[C:4](=[O:9])[C:5]([H:20])([H:22])[C:1]([C:2]([C:3]([O:10][H:14])([H:18])[H:19])([O:8][H:12])[H:17])([H:16])[O:6]1.[H:13][O:21][H:23],22.45040738146179,30.411620407979417,-9.009560229445485
BXMMDTDOWCVDIM_145_0-cata_2,[C:0]1([O:7][H:11])([H:15])[C:4]([O:9][H:13])=[C:5]([H:20])[C:1]([C:2]([C:3]([O:10][H:14])([H:18])[H:19])([O:8][H:12])[H:17])([H:16])[O:6]1.[O:21]([H:22])[H:23],[C:0]1([O:7][H:11])([H:15])[C:4](=[O:9])[C:5]([H:20])([H:22])[C:1]([C:2]([C:3]([O:10][H:14])([H:18])[H:19])([O:8][H:12])[H:17])([H:16])[O:6]1.[H:13][O:21][H:23],25.982030847534084,33.24168825296814,-9.009560229445485
BXMMDTDOWCVDIM_145_0-cata_4,[C:0]1([O:7][H:11])([H:15])[C:4]([O:9][H:13])=[C:5]([H:20])[C:1]([C:2]([C:3]([O:10][H:14])([H:18])[H:19])([O:8][H:12])[H:17])([H:16])[O:6]1.[O:21]([H:22])[H:23],[C:0]1([O:7][H:11])([H:15])[C:4](=[O:9])[C:5]([H:20])([H:22])[C:1]([C:2]([C:3]([O:10][H:14])([H:18])[H:19])([O:8][H:12])[H:17])([H:16])[O:6]1.[H:13][O:21][H:23],22.841973309471932,31.106900933936156,-9.009560229445485
BXMMDTDOWCVDIM_145_3-cata1_1,[C:0]1([O:7][H:11])([H:15])[C:4]([O:9][H:13])=[C:5]([H:20])[C:1]([C:2]([C:3]([O:10][H:14])([H:18])[H:19])([O:8][H:12])[H:17])([H:16])[O:6]1.[O:21]([H:22])[H:23],[C:0]1([O:7][H:11])([H:15])[C:4](=[O:9])[C:5]([H:20])([H:22])[C:1]([C:2]([C:3]([O:10][H:14])([H:18])[H:19])([O:8][H:12])[H:17])([H:16])[O:6]1.[H:13][O:21][H:23],26.47148825751109,33.87798288593112,-9.009560229445485
BXMMDTDOWCVDIM_145_3-cata1_2,[C:0]1([O:7][H:11])([H:15])[C:4]([O:9][H:13])=[C:5]([H:20])[C:1]([C:2]([C:3]([O:10][H:14])([H:18])[H:19])([O:8][H:12])[H:17])([H:16])[O:6]1.[O:21]([H:22])[H:23],[C:0]1([O:7][H:11])([H:15])[C:4](=[O:9])[C:5]([H:20])([H:22])[C:1]([C:2]([C:3]([O:10][H:14])([H:18])[H:19])([O:8][H:12])[H:17])([H:16])[O:6]1.[H:13][O:21][H:23],25.29239790699175,32.37886269043504,-9.009560229445485
BXMMDTDOWCVDIM_145_7-cata1_0,[C:0]1([O:7][H:11])([H:15])[C:4]([O:9][H:13])=[C:5]([H:20])[C:1]([C:2]([C:3]([O:10][H:14])([H:18])[H:19])([O:8][H:12])[H:17])([H:16])[O:6]1.[O:21]([H:22])[H:23],[C:0]1([O:7][H:11])([H:15])[C:4](=[O:9])[C:5]([H:14])([H:20])[C:1]([C:2]([C:3]([O:10][H:22])([H:18])[H:19])([O:8][H:12])[H:17])([H:16])[O:6]1.[H:13][O:21][H:23],25.18195623505657,35.48064214895115,-9.009560229445485
BXMMDTDOWCVDIM_238_0-cata_1,[C:0]1([O:7][H:11])([H:15])[C:4]([O:9][H:13])=[C:5]([H:20])[C:1]([C:2]([C:3]([O:10][H:14])([H:18])[H:19])([O:8][H:12])[H:17])([H:16])[O:6]1.[O:21]([H:22])[H:23],[C:0]([C:4](/[C:5](=[C:1](/[C:2]([C:3]([O:10][H:14])([H:18])[H:19])([O:8][H:12])[H:17])[H:16])[H:20])=[O:9])([O:6][H:22])([O:7][H:11])[H:15].[H:13][O:21][H:23],37.2608866005222,46.6735291004423,-0.23040152963669736
BXMMDTDOWCVDIM_41_0-cata_0,[C:0]1([O:7][H:11])([H:15])[C:4]([O:9][H:13])=[C:5]([H:20])[C:1]([C:2]([C:3]([O:10][H:14])([H:18])[H:19])([O:8][H:12])[H:17])([H:16])[O:6]1.[O:21]([H:22])[H:23],[C:0](/[C:4](=[C:5](\[C:1]([C:2]([C:3]([O:10][H:14])([H:18])[H:19])([O:8][H:12])[H:17])([O:6][H:22])[H:16])[H:20])[O:9][H:13])(=[O:7])[H:15].[H:11][O:21][H:23],21.97538269001968,31.298291331452315,1.1443594646271535
BXMMDTDOWCVDIM_41_0-cata_2,[C:0]1([O:7][H:11])([H:15])[C:4]([O:9][H:13])=[C:5]([H:20])[C:1]([C:2]([C:3]([O:10][H:14])([H:18])[H:19])([O:8][H:12])[H:17])([H:16])[O:6]1.[O:21]([H:22])[H:23],[C:0](/[C:4](=[C:5](\[C:1]([C:2]([C:3]([O:10][H:14])([H:18])[H:19])([O:8][H:12])[H:17])([O:6][H:22])[H:16])[H:20])[O:9][H:13])(=[O:7])[H:15].[H:11][O:21][H:23],20.89606634996245,29.353011881441244,1.1443594646271535
BXMMDTDOWCVDIM_41_0-cata_4,[C:0]1([O:7][H:11])([H:15])[C:4]([O:9][H:13])=[C:5]([H:20])[C:1]([C:2]([C:3]([O:10][H:14])([H:18])[H:19])([O:8][H:12])[H:17])([H:16])[O:6]1.[O:21]([H:22])[H:23],[C:0](/[C:4](=[C:5](\[C:1]([C:2]([C:3]([O:10][H:14])([H:18])[H:19])([O:8][H:12])[H:17])([O:6][H:22])[H:16])[H:20])[O:9][H:13])(=[O:7])[H:15].[H:11][O:21][H:23],11.349136817024691,22.42467949195541,1.1443594646271535
DWJZKGYQNOQQEZ_110_0-cata_1,[C:0]([C:1]([C:3]([O:9][H:15])([H:20])[H:21])([O:7][H:13])[H:18])([C:5]([C:2]([C:4]([O:10][H:16])([H:22])[H:23])([O:8][H:14])[H:19])=[O:11])([O:6][H:12])[H:17].[O:24]([H:25])[H:26],[C:0]([C:1]([O:7][H:13])([H:18])[H:25])([C:5]([C:2]([C:4]([O:10][H:16])([H:22])[H:23])([O:8][H:14])[H:19])=[O:11])([O:6][H:12])[H:17].[C:3](=[O:9])([H:20])[H:21].[H:15][O:24][H:26],67.698234898008,72.0738586414469,18.240200764818358
DWJZKGYQNOQQEZ_119_0-cata_1,[C:0]([C:1]([C:3]([O:9][H:15])([H:20])[H:21])([O:7][H:13])[H:18])([C:5]([C:2]([C:4]([O:10][H:16])([H:22])[H:23])([O:8][H:14])[H:19])=[O:11])([O:6][H:12])[H:17].[O:24]([H:25])[H:26],[C:0](/[C:1](=[C:3](\[O:9][H:15])[H:21])[H:18])([C:5]([C:2]([C:4]([O:10][H:16])([H:22])[H:23])([O:8][H:14])[H:19])=[O:11])([O:6][H:12])[H:17].[H:20][O:24][H:26].[O:7]([H:13])[H:25],51.76890624056151,56.01965559345899,11.20482791587
DWJZKGYQNOQQEZ_119_0-cata_2,[C:0]([C:1]([C:3]([O:9][H:15])([H:20])[H:21])([O:7][H:13])[H:18])([C:5]([C:2]([C:4]([O:10][H:16])([H:22])[H:23])([O:8][H:14])[H:19])=[O:11])([O:6][H:12])[H:17].[O:24]([H:25])[H:26],[C:0](/[C:1](=[C:3](\[O:9][H:15])[H:21])[H:18])([C:5]([C:2]([C:4]([O:10][H:16])([H:22])[H:23])([O:8][H:14])[H:19])=[O:11])([O:6][H:12])[H:17].[H:20][O:24][H:26].[O:7]([H:13])[H:25],57.33930807205149,60.56156935447744,11.20482791587
DWJZKGYQNOQQEZ_119_0-cata_3,[C:0]([C:1]([C:3]([O:9][H:15])([H:20])[H:21])([O:7][H:13])[H:18])([C:5]([C:2]([C:4]([O:10][H:16])([H:22])[H:23])([O:8][H:14])[H:19])=[O:11])([O:6][H:12])[H:17].[O:24]([H:25])[H:26],[C:0](/[C:1](=[C:3](\[O:9][H:15])[H:21])[H:18])([C:5]([C:2]([C:4]([O:10][H:16])([H:22])[H:23])([O:8][H:14])[H:19])=[O:11])([O:6][H:12])[H:17].[H:20][O:24][H:26].[O:7]([H:13])[H:25],53.35650527554822,57.684438296964856,11.20482791587
DWJZKGYQNOQQEZ_119_0-cata_4,[C:0]([C:1]([C:3]([O:9][H:15])([H:20])[H:21])([O:7][H:13])[H:18])([C:5]([C:2]([C:4]([O:10][H:16])([H:22])[H:23])([O:8][H:14])[H:19])=[O:11])([O:6][H:12])[H:17].[O:24]([H:25])[H:26],[C:0](/[C:1](=[C:3](\[O:9][H:15])[H:21])[H:18])([C:5]([C:2]([C:4]([O:10][H:16])([H:22])[H:23])([O:8][H:14])[H:19])=[O:11])([O:6][H:12])[H:17].[H:20][O:24][H:26].[O:7]([H:13])[H:25],50.463686480575255,54.87319573692861,11.20482791587
DWJZKGYQNOQQEZ_123_1-cata_0,[C:0]([C:1]([C:3]([O:9][H:15])([H:20])[H:21])([O:7][H:13])[H:18])([C:5]([C:2]([C:4]([O:10][H:16])([H:22])[H:23])([O:8][H:14])[H:19])=[O:11])([O:6][H:12])[H:17].[O:24]([H:25])[H:26],[C:0]1([O:6][H:12])([H:17])[C:1]([C:3]([O:9][H:15])([H:20])[H:21])([H:18])[O:7][C:5]1([C:2]([C:4]([O:10][H:16])([H:22])[H:23])([O:8][H:14])[H:19])[O:11][H:25].[H:13][O:24][H:26],27.79867085008458,35.70403553095785,7.242351816443627
DWJZKGYQNOQQEZ_123_1-cata_1,[C:0]([C:1]([C:3]([O:9][H:15])([H:20])[H:21])([O:7][H:13])[H:18])([C:5]([C:2]([C:4]([O:10][H:16])([H:22])[H:23])([O:8][H:14])[H:19])=[O:11])([O:6][H:12])[H:17].[O:24]([H:25])[H:26],[C:0]1([O:6][H:12])([H:17])[C:1]([C:3]([O:9][H:15])([H:20])[H:21])([H:18])[O:7][C:5]1([C:2]([C:4]([O:10][H:16])([H:22])[H:23])([O:8][H:14])[H:19])[O:11][H:25].[H:13][O:24][H:26],17.831309952066878,27.92793780697223,7.242351816443627
DWJZKGYQNOQQEZ_123_1-cata_2,[C:0]([C:1]([C:3]([O:9][H:15])([H:20])[H:21])([O:7][H:13])[H:18])([C:5]([C:2]([C:4]([O:10][H:16])([H:22])[H:23])([O:8][H:14])[H:19])=[O:11])([O:6][H:12])[H:17].[O:24]([H:25])[H:26],[C:0]1([O:6][H:12])([H:17])[C:1]([C:3]([O:9][H:15])([H:20])[H:21])([H:18])[O:7][C:5]1([C:2]([C:4]([O:10][H:16])([H:22])[H:23])([O:8][H:14])[H:19])[O:11][H:25].[H:13][O:24][H:26],17.139166973530884,27.007381370442207,7.242351816443627
DWJZKGYQNOQQEZ_123_1-cata_3,[C:0]([C:1]([C:3]([O:9][H:15])([H:20])[H:21])([O:7][H:13])[H:18])([C:5]([C:2]([C:4]([O:10][H:16])([H:22])[H:23])([O:8][H:14])[H:19])=[O:11])([O:6][H:12])[H:17].[O:24]([H:25])[H:26],[C:0]1([O:6][H:12])([H:17])[C:1]([C:3]([O:9][H:15])([H:20])[H:21])([H:18])[O:7][C:5]1([C:2]([C:4]([O:10][H:16])([H:22])[H:23])([O:8][H:14])[H:19])[O:11][H:25].[H:13][O:24][H:26],18.96145456156712,28.79264589792924,7.242351816443627
DWJZKGYQNOQQEZ_137_0-cata_4,[C:0]([C:1]([C:3]([O:9][H:15])([H:20])[H:21])([O:7][H:13])[H:18])([C:5]([C:2]([C:4]([O:10][H:16])([H:22])[H:23])([O:8][H:14])[H:19])=[O:11])([O:6][H:12])[H:17].[O:24]([H:25])[H:26],[C:0]([C:1](=[C:3]([H:20])[H:21])[O:7][H:13])([C:5]([C:2]([C:4]([O:10][H:16])([H:22])[H:23])([O:8][H:14])[H:19])=[O:11])([O:6][H:12])[H:17].[H:18][O:24][H:26].[O:9]([H:15])[H:25],57.93104953055562,61.31960083048976,8.728489483747605
DWJZKGYQNOQQEZ_13_6-cata1_2,[C:0]([C:1]([C:3]([O:9][H:15])([H:20])[H:21])([O:7][H:13])[H:18])([C:5]([C:2]([C:4]([O:10][H:16])([H:22])[H:23])([O:8][H:14])[H:19])=[O:11])([O:6][H:12])[H:17].[O:24]([H:25])[H:26],[C:0]([C:1]([C:3]([O:9][H:15])([H:20])[H:21])([O:7][H:13])[H:18])([C:5]([C:2]([C:4]([O:10][H:16])([H:22])[H:23])=[O:8])([O:11][H:25])[H:19])([O:6][H:12])[H:17].[H:14][O:24][H:26],34.813599550565804,41.54865901396889,-2.1469885277246528
DWJZKGYQNOQQEZ_13_7-cata1_0,[C:0]([C:1]([C:3]([O:9][H:15])([H:20])[H:21])([O:7][H:13])[H:18])([C:5]([C:2]([C:4]([O:10][H:16])([H:22])[H:23])([O:8][H:14])[H:19])=[O:11])([O:6][H:12])[H:17].[O:24]([H:25])[H:26],[C:0]([C:1]([C:3]([O:9][H:15])([H:20])[H:21])([O:7][H:13])[H:18])([C:5]([C:2]([C:4]([O:10][H:16])([H:22])[H:23])=[O:8])([O:11][H:25])[H:19])([O:6][H:12])[H:17].[H:14][O:24][H:26],28.74621019504648,35.58229868797985,-2.1469885277246528
DWJZKGYQNOQQEZ_183_1-cata_3,[C:0]([C:1]([C:3]([O:9][H:15])([H:20])[H:21])([O:7][H:13])[H:18])([C:5]([C:2]([C:4]([O:10][H:16])([H:22])[H:23])([O:8][H:14])[H:19])=[O:11])([O:6][H:12])[H:17].[O:24]([H:25])[H:26],[C:0]([C:1]([C:3]([O:9][H:15])([H:20])[H:21])([O:7][H:13])[H:18])([C:5]1([O:11][H:25])[C:2]([C:4]([O:10][H:16])([H:22])[H:23])([H:19])[O:8]1)([O:6][H:12])[H:17].[H:14][O:24][H:26],29.66990417906858,36.74005371548172,18.392447418738037
DWJZKGYQNOQQEZ_193_0-cata_1,[C:0]([C:1]([C:3]([O:9][H:15])([H:20])[H:21])([O:7][H:13])[H:18])([C:5]([C:2]([C:4]([O:10][H:16])([H:22])[H:23])([O:8][H:14])[H:19])=[O:11])([O:6][H:12])[H:17].[O:24]([H:25])[H:26],[C:0]([C:1]([C:3]([O:9][H:15])([H:20])[H:21])([O:7][H:13])[H:18])([C:5]([C:2](=[C:4]([H:22])[H:23])[O:8][H:14])=[O:11])([O:6][H:12])[H:17].[H:19][O:24][H:26].[O:10]([H:16])[H:25],35.635636995487864,45.66386631499456,6.999043977055474
DWJZKGYQNOQQEZ_193_0-cata_2,[C:0]([C:1]([C:3]([O:9][H:15])([H:20])[H:21])([O:7][H:13])[H:18])([C:5]([C:2]([C:4]([O:10][H:16])([H:22])[H:23])([O:8][H:14])[H:19])=[O:11])([O:6][H:12])[H:17].[O:24]([H:25])[H:26],[C:0]([C:1]([C:3]([O:9][H:15])([H:20])[H:21])([O:7][H:13])[H:18])([C:5]([C:2](=[C:4]([H:22])[H:23])[O:8][H:14])=[O:11])([O:6][H:12])[H:17].[H:19][O:24][H:26].[O:10]([H:16])[H:25],33.60627127254641,41.58944713143725,6.999043977055474
DWJZKGYQNOQQEZ_196_0-cata_0,[C:0]([C:1]([C:3]([O:9][H:15])([H:20])[H:21])([O:7][H:13])[H:18])([C:5]([C:2]([C:4]([O:10][H:16])([H:22])[H:23])([O:8][H:14])[H:19])=[O:11])([O:6][H:12])[H:17].[O:24]([H:25])[H:26],[C:0]([C:1]([C:3]([O:9][H:15])([H:20])[H:21])([O:7][H:13])[H:18])(/[C:5](=[C:2](/[C:4]([O:10][H:16])([H:22])[H:23])[O:8][H:14])[O:11][H:25])([O:6][H:12])[H:17].[H:19][O:24][H:26],30.804441355057733,39.45905237896551,2.488288718929268
DWJZKGYQNOQQEZ_196_0-cata_1,[C:0]([C:1]([C:3]([O:9][H:15])([H:20])[H:21])([O:7][H:13])[H:18])([C:5]([C:2]([C:4]([O:10][H:16])([H:22])[H:23])([O:8][H:14])[H:19])=[O:11])([O:6][H:12])[H:17].[O:24]([H:25])[H:26],[C:0]([C:1]([C:3]([O:9][H:15])([H:20])[H:21])([O:7][H:13])[H:18])(/[C:5](=[C:2](/[C:4]([O:10][H:16])([H:22])[H:23])[O:8][H:14])[O:11][H:25])([O:6][H:12])[H:17].[H:19][O:24][H:26],33.87861039557222,42.029958800466495,2.488288718929268
DWJZKGYQNOQQEZ_196_0-cata_2,[C:0]([C:1]([C:3]([O:9][H:15])([H:20])[H:21])([O:7][H:13])[H:18])([C:5]([C:2]([C:4]([O:10][H:16])([H:22])[H:23])([O:8][H:14])[H:19])=[O:11])([O:6][H:12])[H:17].[O:24]([H:25])[H:26],[C:0]([C:1]([C:3]([O:9][H:15])([H:20])[H:21])([O:7][H:13])[H:18])(/[C:5](=[C:2](\[C:4]([O:10][H:16])([H:22])[H:23])[O:8][H:14])[O:11][H:25])([O:6][H:12])[H:17].[H:19][O:24][H:26],38.06723630805521,46.67729415743279,2.488288718929268
DWJZKGYQNOQQEZ_196_0-cata_4,[C:0]([C:1]([C:3]([O:9][H:15])([H:20])[H:21])([O:7][H:13])[H:18])([C:5]([C:2]([C:4]([O:10][H:16])([H:22])[H:23])([O:8][H:14])[H:19])=[O:11])([O:6][H:12])[H:17].[O:24]([H:25])[H:26],[C:0]([C:1]([C:3]([O:9][H:15])([H:20])[H:21])([O:7][H:13])[H:18])(/[C:5](=[C:2](/[C:4]([O:10][H:16])([H:22])[H:23])[O:8][H:14])[O:11][H:25])([O:6][H:12])[H:17].[H:19][O:24][H:26],37.12346202008381,44.95666310842525,2.488288718929268
DWJZKGYQNOQQEZ_196_10-cata2_0,[C:0]([C:1]([C:3]([O:9][H:15])([H:20])[H:21])([O:7][H:13])[H:18])([C:5]([C:2]([C:4]([O:10][H:16])([H:22])[H:23])([O:8][H:14])[H:19])=[O:11])([O:6][H:12])[H:17].[O:24]([H:25])[H:26],[C:0]([C:1]([C:3]([O:9][H:15])([H:20])[H:21])([O:7][H:13])[H:18])(/[C:5](=[C:2](/[C:4]([O:10][H:16])([H:22])[H:23])[O:8][H:14])[O:11][H:25])([O:6][H:12])[H:17].[H:19][O:24][H:26],43.35588637404315,49.4521411664896,2.488288718929268
DWJZKGYQNOQQEZ_196_10-cata2_1,[C:0]([C:1]([C:3]([O:9][H:15])([H:20])[H:21])([O:7][H:13])[H:18])([C:5]([C:2]([C:4]([O:10][H:16])([H:22])[H:23])([O:8][H:14])[H:19])=[O:11])([O:6][H:12])[H:17].[O:24]([H:25])[H:26],[C:0]([C:1]([C:3]([O:9][H:15])([H:20])[H:21])([O:7][H:13])[H:18])(/[C:5](=[C:2](/[C:4]([O:10][H:16])([H:22])[H:23])[O:8][H:14])[O:11][H:25])([O:6][H:12])[H:17].[H:19][O:24][H:26],37.154837495004585,45.54777705743096,2.488288718929268
DWJZKGYQNOQQEZ_196_10-cata2_2,[C:0]([C:1]([C:3]([O:9][H:15])([H:20])[H:21])([O:7][H:13])[H:18])([C:5]([C:2]([C:4]([O:10][H:16])([H:22])[H:23])([O:8][H:14])[H:19])=[O:11])([O:6][H:12])[H:17].[O:24]([H:25])[H:26],[C:0]([C:1]([C:3]([O:9][H:15])([H:20])[H:21])([O:7][H:13])[H:18])(/[C:5](=[C:2](/[C:4]([O:10][H:16])([H:22])[H:23])[O:8][H:14])[O:11][H:25])([O:6][H:12])[H:17].[H:19][O:24][H:26],46.40683756304492,51.37796782197845,2.488288718929268
DWJZKGYQNOQQEZ_196_5-cata1_0,[C:0]([C:1]([C:3]([O:9][H:15])([H:20])[H:21])([O:7][H:13])[H:18])([C:5]([C:2]([C:4]([O:10][H:16])([H:22])[H:23])([O:8][H:14])[H:19])=[O:11])([O:6][H:12])[H:17].[O:24]([H:25])[H:26],[C:0]([C:1]([C:3]([O:9][H:15])([H:20])[H:21])([O:7][H:13])[H:18])(/[C:5](=[C:2](/[C:4]([O:10][H:16])([H:22])[H:23])[O:8][H:14])[O:11][H:25])([O:6][H:12])[H:17].[H:19][O:24][H:26],41.17654588055231,47.771670725452,2.488288718929268
DWJZKGYQNOQQEZ_196_5-cata1_4,[C:0]([C:1]([C:3]([O:9][H:15])([H:20])[H:21])([O:7][H:13])[H:18])([C:5]([C:2]([C:4]([O:10][H:16])([H:22])[H:23])([O:8][H:14])[H:19])=[O:11])([O:6][H:12])[H:17].[O:24]([H:25])[H:26],[C:0]([C:1]([C:3]([O:9][H:15])([H:20])[H:21])([O:7][H:13])[H:18])(/[C:5](=[C:2](/[C:4]([O:10][H:16])([H:22])[H:23])[O:8][H:14])[O:11][H:25])([O:6][H:12])[H:17].[H:19][O:24][H:26],44.30468073807322,50.53836011095806,2.488288718929268
DWJZKGYQNOQQEZ_196_6-cata1_3,[C:0]([C:1]([C:3]([O:9][H:15])([H:20])[H:21])([O:7][H:13])[H:18])([C:5]([C:2]([C:4]([O:10][H:16])([H:22])[H:23])([O:8][H:14])[H:19])=[O:11])([O:6][H:12])[H:17].[O:24]([H:25])[H:26],[C:0]([C:1]([C:3]([O:9][H:15])([H:20])[H:21])([O:7][H:13])[H:18])(/[C:5](=[C:2](/[C:4]([O:10][H:16])([H:22])[H:23])[O:8][H:14])[O:11][H:25])([O:6][H:12])[H:17].[H:19][O:24][H:26],41.98164056901715,48.45565608043725,2.488288718929268
DWJZKGYQNOQQEZ_196_9-cata1_0,[C:0]([C:1]([C:3]([O:9][H:15])([H:20])[H:21])([O:7][H:13])[H:18])([C:5]([C:2]([C:4]([O:10][H:16])([H:22])[H:23])([O:8][H:14])[H:19])=[O:11])([O:6][H:12])[H:17].[O:24]([H:25])[H:26],[C:0]([C:1]([C:3]([O:9][H:15])([H:20])[H:21])([O:7][H:13])[H:18])(/[C:5](=[C:2](/[C:4]([O:10][H:16])([H:22])[H:23])[O:8][H:25])[O:11][H:19])([O:6][H:12])[H:17].[H:14][O:24][H:26],34.43207377453031,43.48703585942605,2.488288718929268
DWJZKGYQNOQQEZ_207_1-cata_0,[C:0]([C:1]([C:3]([O:9][H:15])([H:20])[H:21])([O:7][H:13])[H:18])([C:5]([C:2]([C:4]([O:10][H:16])([H:22])[H:23])([O:8][H:14])[H:19])=[O:11])([O:6][H:12])[H:17].[O:24]([H:25])[H:26],[C:0]1([O:6][H:12])([H:17])[C:1]([O:7][H:13])([H:18])[C:3]([H:20])([H:21])[O:9][C:5]1([C:2]([C:4]([O:10][H:16])([H:22])[H:23])([O:8][H:14])[H:19])[O:11][H:25].[H:15][O:24][H:26],18.90435119706861,28.451908239433447,-12.553298279158678
DWJZKGYQNOQQEZ_207_1-cata_3,[C:0]([C:1]([C:3]([O:9][H:15])([H:20])[H:21])([O:7][H:13])[H:18])([C:5]([C:2]([C:4]([O:10][H:16])([H:22])[H:23])([O:8][H:14])[H:19])=[O:11])([O:6][H:12])[H:17].[O:24]([H:25])[H:26],[C:0]1([O:6][H:12])([H:17])[C:1]([O:7][H:13])([H:18])[C:3]([H:20])([H:21])[O:9][C:5]1([C:2]([C:4]([O:10][H:16])([H:22])[H:23])([O:8][H:14])[H:19])[O:11][H:25].[H:15][O:24][H:26],16.053575538489493,26.58255743894469,-12.553298279158678
DWJZKGYQNOQQEZ_224_1-cata_0,[C:0]([C:1]([C:3]([O:9][H:15])([H:20])[H:21])([O:7][H:13])[H:18])([C:5]([C:2]([C:4]([O:10][H:16])([H:22])[H:23])([O:8][H:14])[H:19])=[O:11])([O:6][H:12])[H:17].[O:24]([H:25])[H:26],[C:0]([C:1]([C:3]([O:9][H:15])([H:20])[H:21])([O:7][H:13])[H:18])([C:5]1([O:11][H:25])[C:2]([O:8][H:14])([H:19])[C:4]([H:22])([H:23])[O:10]1)([O:6][H:12])[H:17].[H:16][O:24][H:26],23.36719876100132,32.62986649044337,4.38790630975147
DWJZKGYQNOQQEZ_224_1-cata_1,[C:0]([C:1]([C:3]([O:9][H:15])([H:20])[H:21])([O:7][H:13])[H:18])([C:5]([C:2]([C:4]([O:10][H:16])([H:22])[H:23])([O:8][H:14])[H:19])=[O:11])([O:6][H:12])[H:17].[O:24]([H:25])[H:26],[C:0]([C:1]([C:3]([O:9][H:15])([H:20])[H:21])([O:7][H:13])[H:18])([C:5]1([O:11][H:25])[C:2]([O:8][H:14])([H:19])[C:4]([H:22])([H:23])[O:10]1)([O:6][H:12])[H:17].[H:16][O:24][H:26],24.57327202002388,33.32389199747462,4.38790630975147
DWJZKGYQNOQQEZ_267_4-cata1_1,[C:0]([C:1]([C:3]([O:9][H:15])([H:20])[H:21])([O:7][H:13])[H:18])([C:5]([C:2]([C:4]([O:10][H:16])([H:22])[H:23])([O:8][H:14])[H:19])=[O:11])([O:6][H:12])[H:17].[O:24]([H:25])[H:26],[C:0]([C:1]([C:3]([O:9][H:15])([H:20])[H:21])([O:7][H:13])[H:18])([C:5](/[C:2](=[C:4](/[O:10][H:16])[H:23])[O:8][H:14])([O:11][H:25])[H:22])([O:6][H:12])[H:17].[H:19][O:24][H:26],64.88510980954784,72.9059362384863,8.433078393881479
DWJZKGYQNOQQEZ_267_5-cata1_3,[C:0]([C:1]([C:3]([O:9][H:15])([H:20])[H:21])([O:7][H:13])[H:18])([C:5]([C:2]([C:4]([O:10][H:16])([H:22])[H:23])([O:8][H:14])[H:19])=[O:11])([O:6][H:12])[H:17].[O:24]([H:25])[H:26],[C:0]([C:1]([C:3]([O:9][H:15])([H:20])[H:21])([O:7][H:13])[H:18])([C:5](/[C:2](=[C:4](/[O:10][H:16])[H:23])[O:8][H:14])([O:11][H:25])[H:22])([O:6][H:12])[H:17].[H:19][O:24][H:26],62.97057832503047,70.74416601095109,8.433078393881479
DWJZKGYQNOQQEZ_39_2-cata1_0,[C:0]([C:1]([C:3]([O:9][H:15])([H:20])[H:21])([O:7][H:13])[H:18])([C:5]([C:2]([C:4]([O:10][H:16])([H:22])[H:23])([O:8][H:14])[H:19])=[O:11])([O:6][H:12])[H:17].[O:24]([H:25])[H:26],[C:0]([C:1]([C:3](=[O:9])[H:21])([O:7][H:13])[H:18])([C:5]([C:2]([C:4]([O:10][H:16])([H:22])[H:23])([O:8][H:14])[H:19])([O:11][H:25])[H:20])([O:6][H:12])[H:17].[H:15][O:24][H:26],52.67565746805505,61.94522780197968,0.45100382409181905
DWJZKGYQNOQQEZ_39_4-cata1_0,[C:0]([C:1]([C:3]([O:9][H:15])([H:20])[H:21])([O:7][H:13])[H:18])([C:5]([C:2]([C:4]([O:10][H:16])([H:22])[H:23])([O:8][H:14])[H:19])=[O:11])([O:6][H:12])[H:17].[O:24]([H:25])[H:26],[C:0]([C:1]([C:3]([O:9][H:15])([H:20])[H:21])([O:7][H:13])[H:18])([C:5]([C:2]([C:4](=[O:10])[H:23])([O:8][H:14])[H:19])([O:11][H:25])[H:22])([O:6][H:12])[H:17].[H:16][O:24][H:26],47.40708770608775,53.53911053994389,0.45100382409181905
DWJZKGYQNOQQEZ_39_4-cata1_1,[C:0]([C:1]([C:3]([O:9][H:15])([H:20])[H:21])([O:7][H:13])[H:18])([C:5]([C:2]([C:4]([O:10][H:16])([H:22])[H:23])([O:8][H:14])[H:19])=[O:11])([O:6][H:12])[H:17].[O:24]([H:25])[H:26],[C:0]([C:1]([C:3]([O:9][H:15])([H:20])[H:21])([O:7][H:13])[H:18])([C:5]([C:2]([C:4](=[O:10])[H:23])([O:8][H:14])[H:19])([O:11][H:25])[H:22])([O:6][H:12])[H:17].[H:16][O:24][H:26],45.63060831157853,52.65620467346148,0.45100382409181905
DWJZKGYQNOQQEZ_39_4-cata1_2,[C:0]([C:1]([C:3]([O:9][H:15])([H:20])[H:21])([O:7][H:13])[H:18])([C:5]([C:2]([C:4]([O:10][H:16])([H:22])[H:23])([O:8][H:14])[H:19])=[O:11])([O:6][H:12])[H:17].[O:24]([H:25])[H:26],[C:0]([C:1]([C:3]([O:9][H:15])([H:20])[H:21])([O:7][H:13])[H:18])([C:5]([C:2]([C:4](=[O:10])[H:23])([O:8][H:14])[H:19])([O:11][H:25])[H:22])([O:6][H:12])[H:17].[H:16][O:24][H:26],39.148435176536346,47.40646019644665,0.45100382409181905
DWJZKGYQNOQQEZ_39_5-cata1_4,[C:0]([C:1]([C:3]([O:9][H:15])([H:20])[H:21])([O:7][H:13])[H:18])([C:5]([C:2]([C:4]([O:10][H:16])([H:22])[H:23])([O:8][H:14])[H:19])=[O:11])([O:6][H:12])[H:17].[O:24]([H:25])[H:26],[C:0]([C:1]([C:3]([O:9][H:15])([H:20])[H:21])([O:7][H:13])[H:18])([C:5]([C:2]([C:4](=[O:10])[H:23])([O:8][H:14])[H:19])([O:11][H:25])[H:22])([O:6][H:12])[H:17].[H:16][O:24][H:26],43.471975631535415,51.42942360099121,0.45100382409181905
DWJZKGYQNOQQEZ_65_2-cata_1,[C:0]([C:1]([C:3]([O:9][H:15])([H:20])[H:21])([O:7][H:13])[H:18])([C:5]([C:2]([C:4]([O:10][H:16])([H:22])[H:23])([O:8][H:14])[H:19])=[O:11])([O:6][H:12])[H:17].[O:24]([H:25])[H:26],[C:0]1([C:1]([C:3]([O:9][H:15])([H:20])[H:21])([O:7][H:13])[H:18])([H:17])[C:5]([C:2]([C:4]([O:10][H:16])([H:22])[H:23])([O:8][H:14])[H:19])([O:11][H:25])[O:6]1.[H:12][O:24][H:26],31.908858075051597,38.590579230946666,15.260994263862353
DWJZKGYQNOQQEZ_65_2-cata_3,[C:0]([C:1]([C:3]([O:9][H:15])([H:20])[H:21])([O:7][H:13])[H:18])([C:5]([C:2]([C:4]([O:10][H:16])([H:22])[H:23])([O:8][H:14])[H:19])=[O:11])([O:6][H:12])[H:17].[O:24]([H:25])[H:26],[C:0]1([C:1]([C:3]([O:9][H:15])([H:20])[H:21])([O:7][H:13])[H:18])([H:17])[C:5]([C:2]([C:4]([O:10][H:16])([H:22])[H:23])([O:8][H:14])[H:19])([O:11][H:25])[O:6]1.[H:12][O:24][H:26],28.56297742108106,36.75950650993261,15.260994263862353
DWJZKGYQNOQQEZ_90_0-cata_1,[C:0]([C:1]([C:3]([O:9][H:15])([H:20])[H:21])([O:7][H:13])[H:18])([C:5]([C:2]([C:4]([O:10][H:16])([H:22])[H:23])([O:8][H:14])[H:19])=[O:11])([O:6][H:12])[H:17].[O:24]([H:25])[H:26],[C:0](\[C:1]([C:3]([O:9][H:15])([H:20])[H:21])([O:7][H:13])[H:18])(=[C:5](/[C:2]([C:4]([O:10][H:16])([H:22])[H:23])([O:8][H:14])[H:19])[O:11][H:25])[O:6][H:12].[H:17][O:24][H:26],39.33606051699068,46.37232454048937,-0.26720841300189724
DWJZKGYQNOQQEZ_90_0-cata_3,[C:0]([C:1]([C:3]([O:9][H:15])([H:20])[H:21])([O:7][H:13])[H:18])([C:5]([C:2]([C:4]([O:10][H:16])([H:22])[H:23])([O:8][H:14])[H:19])=[O:11])([O:6][H:12])[H:17].[O:24]([H:25])[H:26],[C:0](\[C:1]([C:3]([O:9][H:15])([H:20])[H:21])([O:7][H:13])[H:18])(=[C:5](/[C:2]([C:4]([O:10][H:16])([H:22])[H:23])([O:8][H:14])[H:19])[O:11][H:25])[O:6][H:12].[H:17][O:24][H:26],31.64028400901628,40.39780659094959,-0.26720841300189724
DWJZKGYQNOQQEZ_90_0-cata_4,[C:0]([C:1]([C:3]([O:9][H:15])([H:20])[H:21])([O:7][H:13])[H:18])([C:5]([C:2]([C:4]([O:10][H:16])([H:22])[H:23])([O:8][H:14])[H:19])=[O:11])([O:6][H:12])[H:17].[O:24]([H:25])[H:26],[C:0](\[C:1]([C:3]([O:9][H:15])([H:20])[H:21])([O:7][H:13])[H:18])(=[C:5](/[C:2]([C:4]([O:10][H:16])([H:22])[H:23])([O:8][H:14])[H:19])[O:11][H:25])[O:6][H:12].[H:17][O:24][H:26],40.275442238544514,48.14629389693359,-0.26720841300189724
DWJZKGYQNOQQEZ_90_1-cata1_0,[C:0]([C:1]([C:3]([O:9][H:15])([H:20])[H:21])([O:7][H:13])[H:18])([C:5]([C:2]([C:4]([O:10][H:16])([H:22])[H:23])([O:8][H:14])[H:19])=[O:11])([O:6][H:12])[H:17].[O:24]([H:25])[H:26],[C:0](\[C:1]([C:3]([O:9][H:15])([H:20])[H:21])([O:7][H:13])[H:18])(=[C:5](/[C:2]([C:4]([O:10][H:16])([H:22])[H:23])([O:8][H:14])[H:19])[O:11][H:25])[O:6][H:12].[H:17][O:24][H:26],33.78197393253084,41.664120761962735,-0.26720841300189724
DWJZKGYQNOQQEZ_90_1-cata1_3,[C:0]([C:1]([C:3]([O:9][H:15])([H:20])[H:21])([O:7][H:13])[H:18])([C:5]([C:2]([C:4]([O:10][H:16])([H:22])[H:23])([O:8][H:14])[H:19])=[O:11])([O:6][H:12])[H:17].[O:24]([H:25])[H:26],[C:0](\[C:1]([C:3]([O:9][H:15])([H:20])[H:21])([O:7][H:13])[H:18])(=[C:5](/[C:2]([C:4]([O:10][H:16])([H:22])[H:23])([O:8][H:14])[H:19])[O:11][H:25])[O:6][H:12].[H:17][O:24][H:26],29.21182224401236,38.34585052599383,-0.26720841300189724
DWJZKGYQNOQQEZ_90_2-cata1_1,[C:0]([C:1]([C:3]([O:9][H:15])([H:20])[H:21])([O:7][H:13])[H:18])([C:5]([C:2]([C:4]([O:10][H:16])([H:22])[H:23])([O:8][H:14])[H:19])=[O:11])([O:6][H:12])[H:17].[O:24]([H:25])[H:26],[C:0](\[C:1]([C:3]([O:9][H:15])([H:20])[H:21])([O:7][H:13])[H:18])(=[C:5](\[C:2]([C:4]([O:10][H:16])([H:22])[H:23])([O:8][H:14])[H:19])[O:11][H:25])[O:6][H:12].[H:17][O:24][H:26],40.06208900851246,47.437835671438776,-0.26720841300189724
DWJZKGYQNOQQEZ_90_2-cata1_2,[C:0]([C:1]([C:3]([O:9][H:15])([H:20])[H:21])([O:7][H:13])[H:18])([C:5]([C:2]([C:4]([O:10][H:16])([H:22])[H:23])([O:8][H:14])[H:19])=[O:11])([O:6][H:12])[H:17].[O:24]([H:25])[H:26],[C:0](\[C:1]([C:3]([O:9][H:15])([H:20])[H:21])([O:7][H:13])[H:18])(=[C:5](\[C:2]([C:4]([O:10][H:16])([H:22])[H:23])([O:8][H:14])[H:19])[O:11][H:25])[O:6][H:12].[H:17][O:24][H:26],31.797788893546656,42.21068153643825,-0.26720841300189724
DWJZKGYQNOQQEZ_90_2-cata1_3,[C:0]([C:1]([C:3]([O:9][H:15])([H:20])[H:21])([O:7][H:13])[H:18])([C:5]([C:2]([C:4]([O:10][H:16])([H:22])[H:23])([O:8][H:14])[H:19])=[O:11])([O:6][H:12])[H:17].[O:24]([H:25])[H:26],[C:0](\[C:1]([C:3]([O:9][H:15])([H:20])[H:21])([O:7][H:13])[H:18])(=[C:5](\[C:2]([C:4]([O:10][H:16])([H:22])[H:23])([O:8][H:14])[H:19])[O:11][H:25])[O:6][H:12].[H:17][O:24][H:26],40.62057246360055,49.0279447444905,-0.26720841300189724
DWJZKGYQNOQQEZ_90_3-cata1_2,[C:0]([C:1]([C:3]([O:9][H:15])([H:20])[H:21])([O:7][H:13])[H:18])([C:5]([C:2]([C:4]([O:10][H:16])([H:22])[H:23])([O:8][H:14])[H:19])=[O:11])([O:6][H:12])[H:17].[O:24]([H:25])[H:26],[C:0](\[C:1]([C:3]([O:9][H:15])([H:20])[H:21])([O:7][H:13])[H:18])(=[C:5](/[C:2]([C:4]([O:10][H:16])([H:22])[H:23])([O:8][H:14])[H:19])[O:11][H:25])[O:6][H:12].[H:17][O:24][H:26],32.184962255067894,40.95817257446159,-0.26720841300189724
DWJZKGYQNOQQEZ_90_3-cata1_4,[C:0]([C:1]([C:3]([O:9][H:15])([H:20])[H:21])([O:7][H:13])[H:18])([C:5]([C:2]([C:4]([O:10][H:16])([H:22])[H:23])([O:8][H:14])[H:19])=[O:11])([O:6][H:12])[H:17].[O:24]([H:25])[H:26],[C:0](\[C:1]([C:3]([O:9][H:15])([H:20])[H:21])([O:7][H:13])[H:18])(=[C:5](/[C:2]([C:4]([O:10][H:16])([H:22])[H:23])([O:8][H:14])[H:19])[O:11][H:25])[O:6][H:12].[H:17][O:24][H:26],42.98816580704414,49.69247730495352,-0.26720841300189724
DWJZKGYQNOQQEZ_90_5-cata2_1,[C:0]([C:1]([C:3]([O:9][H:15])([H:20])[H:21])([O:7][H:13])[H:18])([C:5]([C:2]([C:4]([O:10][H:16])([H:22])[H:23])([O:8][H:14])[H:19])=[O:11])([O:6][H:12])[H:17].[O:24]([H:25])[H:26],[C:0](\[C:1]([C:3]([O:9][H:15])([H:20])[H:21])([O:7][H:13])[H:18])(=[C:5](\[C:2]([C:4]([O:10][H:16])([H:22])[H:23])([O:8][H:14])[H:19])[O:11][H:25])[O:6][H:12].[H:17][O:24][H:26],42.344968569527246,50.42666341995471,-0.26720841300189724
DWJZKGYQNOQQEZ_90_6-cata2_0,[C:0]([C:1]([C:3]([O:9][H:15])([H:20])[H:21])([O:7][H:13])[H:18])([C:5]([C:2]([C:4]([O:10][H:16])([H:22])[H:23])([O:8][H:14])[H:19])=[O:11])([O:6][H:12])[H:17].[O:24]([H:25])[H:26],[C:0](\[C:1]([C:3]([O:9][H:15])([H:20])[H:21])([O:7][H:13])[H:18])(=[C:5](/[C:2]([C:4]([O:10][H:16])([H:22])[H:23])([O:8][H:14])[H:19])[O:11][H:25])[O:6][H:12].[H:17][O:24][H:26],29.11267574304866,39.032973428471166,-0.26720841300189724
DWJZKGYQNOQQEZ_90_6-cata2_2,[C:0]([C:1]([C:3]([O:9][H:15])([H:20])[H:21])([O:7][H:13])[H:18])([C:5]([C:2]([C:4]([O:10][H:16])([H:22])[H:23])([O:8][H:14])[H:19])=[O:11])([O:6][H:12])[H:17].[O:24]([H:25])[H:26],[C:0](\[C:1]([C:3]([O:9][H:15])([H:20])[H:21])([O:7][H:13])[H:18])(=[C:5](/[C:2]([C:4]([O:10][H:16])([H:22])[H:23])([O:8][H:14])[H:19])[O:11][H:25])[O:6][H:12].[H:17][O:24][H:26],34.82677725003253,43.46632804597833,-0.26720841300189724
DWJZKGYQNOQQEZ_90_9-cata2_2,[C:0]([C:1]([C:3]([O:9][H:15])([H:20])[H:21])([O:7][H:13])[H:18])([C:5]([C:2]([C:4]([O:10][H:16])([H:22])[H:23])([O:8][H:14])[H:19])=[O:11])([O:6][H:12])[H:17].[O:24]([H:25])[H:26],[C:0](\[C:1]([C:3]([O:9][H:15])([H:20])[H:21])([O:7][H:13])[H:18])(=[C:5](/[C:2]([C:4]([O:10][H:16])([H:22])[H:23])([O:8][H:14])[H:19])[O:11][H:25])[O:6][H:12].[H:17][O:24][H:26],35.7981619560769,44.724484593440735,-0.26720841300189724
MOJQURDISZNTIY_100_0-cata_0,[C:0]([C:1]([C:2]([O:9][H:14])([H:17])[H:18])([O:7][H:12])[H:16])([C:3]([C:4](=[C:5]([H:19])[H:20])[O:8][H:13])=[O:10])([O:6][H:11])[H:15].[O:21]([H:22])[H:23],[C:0](/[C:1](=[C:2](\[O:9][H:14])[H:18])[H:16])([C:3]([C:4](=[C:5]([H:19])[H:20])[O:8][H:13])=[O:10])([O:6][H:11])[H:15].[H:17][O:21][H:23].[O:7]([H:12])[H:22],49.93093091499354,56.16837534501156,11.204827915869974
MOJQURDISZNTIY_100_0-cata_2,[C:0]([C:1]([C:2]([O:9][H:14])([H:17])[H:18])([O:7][H:12])[H:16])([C:3]([C:4](=[C:5]([H:19])[H:20])[O:8][H:13])=[O:10])([O:6][H:11])[H:15].[O:21]([H:22])[H:23],[C:0](/[C:1](=[C:2](\[O:9][H:14])[H:18])[H:16])([C:3]([C:4](=[C:5]([H:19])[H:20])[O:8][H:13])=[O:10])([O:6][H:11])[H:15].[H:17][O:21][H:23].[O:7]([H:12])[H:22],47.77480827301542,54.82111244848876,11.204827915869974
MOJQURDISZNTIY_104_1-cata_1,[C:0]([C:1]([C:2]([O:9][H:14])([H:17])[H:18])([O:7][H:12])[H:16])([C:3]([C:4](=[C:5]([H:19])[H:20])[O:8][H:13])=[O:10])([O:6][H:11])[H:15].[O:21]([H:22])[H:23],[C:0]1([O:6][H:11])([H:15])[C:1]([C:2]([O:9][H:14])([H:17])[H:18])([H:16])[O:7][C:3]1([C:4](=[C:5]([H:19])[H:20])[O:8][H:13])[O:10][H:22].[H:12][O:21][H:23],26.15522346945351,35.75737383846587,18.70434990439771
MOJQURDISZNTIY_104_1-cata_2,[C:0]([C:1]([C:2]([O:9][H:14])([H:17])[H:18])([O:7][H:12])[H:16])([C:3]([C:4](=[C:5]([H:19])[H:20])[O:8][H:13])=[O:10])([O:6][H:11])[H:15].[O:21]([H:22])[H:23],[C:0]1([O:6][H:11])([H:15])[C:1]([C:2]([O:9][H:14])([H:17])[H:18])([H:16])[O:7][C:3]1([C:4](=[C:5]([H:19])[H:20])[O:8][H:13])[O:10][H:22].[H:12][O:21][H:23],23.36092366601716,33.54226530349399,18.70434990439771
MOJQURDISZNTIY_104_1-cata_3,[C:0]([C:1]([C:2]([O:9][H:14])([H:17])[H:18])([O:7][H:12])[H:16])([C:3]([C:4](=[C:5]([H:19])[H:20])[O:8][H:13])=[O:10])([O:6][H:11])[H:15].[O:21]([H:22])[H:23],[C:0]1([O:6][H:11])([H:15])[C:1]([C:2]([O:9][H:14])([H:17])[H:18])([H:16])[O:7][C:3]1([C:4](=[C:5]([H:19])[H:20])[O:8][H:13])[O:10][H:22].[H:12][O:21][H:23],19.704425809546127,31.70428997799736,18.70434990439771
MOJQURDISZNTIY_115_0-cata_2,[C:0]([C:1]([C:2]([O:9][H:14])([H:17])[H:18])([O:7][H:12])[H:16])([C:3]([C:4](=[C:5]([H:19])[H:20])[O:8][H:13])=[O:10])([O:6][H:11])[H:15].[O:21]([H:22])[H:23],[C:0]([C:1](=[C:2]([H:17])[H:18])[O:7][H:12])([C:3]([C:4](=[C:5]([H:19])[H:20])[O:8][H:13])=[O:10])([O:6][H:11])[H:15].[H:16][O:21][H:23].[O:9]([H:14])[H:22],54.930299101498456,61.49906854746468,8.728489483747605
MOJQURDISZNTIY_120_0-cata_3,[C:0]([C:1]([C:2]([O:9][H:14])([H:17])[H:18])([O:7][H:12])[H:16])([C:3]([C:4](=[C:5]([H:19])[H:20])[O:8][H:13])=[O:10])([O:6][H:11])[H:15].[O:21]([H:22])[H:23],[C:0]1([O:6][H:11])([H:15])[C:1]([C:2]([O:9][H:14])([H:17])[H:18])([O:7][H:12])[C:3]1([C:4](=[C:5]([H:19])[H:20])[O:8][H:13])[O:10][H:22].[H:16][O:21][H:23],54.076886181512926,63.105492867475206,16.943355640535362
MOJQURDISZNTIY_134_1-cata_0,[C:0]([C:1]([C:2]([O:9][H:14])([H:17])[H:18])([O:7][H:12])[H:16])([C:3]([C:4](=[C:5]([H:19])[H:20])[O:8][H:13])=[O:10])([O:6][H:11])[H:15].[O:21]([H:22])[H:23],[C:0]1([O:6][H:11])([H:15])[C:1]([O:7][H:12])([H:16])[C:2]([H:17])([H:18])[O:9][C:3]1([C:4](=[C:5]([H:19])[H:20])[O:8][H:13])[O:10][H:22].[H:14][O:21][H:23],12.105913274040184,23.13753028401046,-1.4101338432122588
MOJQURDISZNTIY_134_1-cata_2,[C:0]([C:1]([C:2]([O:9][H:14])([H:17])[H:18])([O:7][H:12])[H:16])([C:3]([C:4](=[C:5]([H:19])[H:20])[O:8][H:13])=[O:10])([O:6][H:11])[H:15].[O:21]([H:22])[H:23],[C:0]1([O:6][H:11])([H:15])[C:1]([O:7][H:12])([H:16])[C:2]([H:17])([H:18])[O:9][C:3]1([C:4](=[C:5]([H:19])[H:20])[O:8][H:13])[O:10][H:22].[H:14][O:21][H:23],14.683722300023742,26.0290940599866,-1.4101338432122588
MOJQURDISZNTIY_134_1-cata_3,[C:0]([C:1]([C:2]([O:9][H:14])([H:17])[H:18])([O:7][H:12])[H:16])([C:3]([C:4](=[C:5]([H:19])[H:20])[O:8][H:13])=[O:10])([O:6][H:11])[H:15].[O:21]([H:22])[H:23],[C:0]1([O:6][H:11])([H:15])[C:1]([O:7][H:12])([H:16])[C:2]([H:17])([H:18])[O:9][C:3]1([C:4](=[C:5]([H:19])[H:20])[O:8][H:13])[O:10][H:22].[H:14][O:21][H:23],18.381008273963136,27.393927222465027,-1.4101338432122588
MOJQURDISZNTIY_134_1-cata_4,[C:0]([C:1]([C:2]([O:9][H:14])([H:17])[H:18])([O:7][H:12])[H:16])([C:3]([C:4](=[C:5]([H:19])[H:20])[O:8][H:13])=[O:10])([O:6][H:11])[H:15].[O:21]([H:22])[H:23],[C:0]1([O:6][H:11])([H:15])[C:1]([O:7][H:12])([H:16])[C:2]([H:17])([H:18])[O:9][C:3]1([C:4](=[C:5]([H:19])[H:20])[O:8][H:13])[O:10][H:22].[H:14][O:21][H:23],12.93736336150982,23.757509670014635,-1.4101338432122588
MOJQURDISZNTIY_141_1-cata_1,[C:0]([C:1]([C:2]([O:9][H:14])([H:17])[H:18])([O:7][H:12])[H:16])([C:3]([C:4](=[C:5]([H:19])[H:20])[O:8][H:13])=[O:10])([O:6][H:11])[H:15].[O:21]([H:22])[H:23],[C:0]1([O:6][H:11])([H:15])[C:1]([O:7][H:12])([H:16])[C:2]([H:17])([H:18])[O:9][C:4](=[C:5]([H:19])[H:20])[C:3]1=[O:10].[H:14][O:21][H:23].[O:8]([H:13])[H:22],55.636874798498006,67.10272838251338,6.392447418738017
MOJQURDISZNTIY_144_1-cata1_0,[C:0]([C:1]([C:2]([O:9][H:14])([H:17])[H:18])([O:7][H:12])[H:16])([C:3]([C:4](=[C:5]([H:19])[H:20])[O:8][H:13])=[O:10])([O:6][H:11])[H:15].[O:21]([H:22])[H:23],[C:0]([C:1]([C:2](=[O:9])[H:18])([O:7][H:12])[H:16])([C:3]([C:4](=[C:5]([H:19])[H:20])[O:8][H:13])([O:10][H:22])[H:17])([O:6][H:11])[H:15].[H:14][O:21][H:23],43.80079060948997,51.18469489596704,0.9510038240917882
MOJQURDISZNTIY_144_1-cata1_1,[C:0]([C:1]([C:2]([O:9][H:14])([H:17])[H:18])([O:7][H:12])[H:16])([C:3]([C:4](=[C:5]([H:19])[H:20])[O:8][H:13])=[O:10])([O:6][H:11])[H:15].[O:21]([H:22])[H:23],[C:0]([C:1]([C:2](=[O:9])[H:18])([O:7][H:12])[H:16])([C:3]([C:4](=[C:5]([H:19])[H:20])[O:8][H:13])([O:10][H:22])[H:17])([O:6][H:11])[H:15].[H:14][O:21][H:23],36.94838686952645,44.96607575097283,0.9510038240917882
MOJQURDISZNTIY_144_1-cata1_3,[C:0]([C:1]([C:2]([O:9][H:14])([H:17])[H:18])([O:7][H:12])[H:16])([C:3]([C:4](=[C:5]([H:19])[H:20])[O:8][H:13])=[O:10])([O:6][H:11])[H:15].[O:21]([H:22])[H:23],[C:0]([C:1]([C:2](=[O:9])[H:18])([O:7][H:12])[H:16])([C:3]([C:4](=[C:5]([H:19])[H:20])[O:8][H:13])([O:10][H:22])[H:17])([O:6][H:11])[H:15].[H:14][O:21][H:23],39.84371570256442,49.47033894201499,0.9510038240917882
MOJQURDISZNTIY_144_2-cata1_3,[C:0]([C:1]([C:2]([O:9][H:14])([H:17])[H:18])([O:7][H:12])[H:16])([C:3]([C:4](=[C:5]([H:19])[H:20])[O:8][H:13])=[O:10])([O:6][H:11])[H:15].[O:21]([H:22])[H:23],[C:0]([C:1]([C:2](=[O:9])[H:18])([O:7][H:12])[H:16])([C:3]([C:4](=[C:5]([H:19])[H:20])[O:8][H:13])([O:10][H:22])[H:17])([O:6][H:11])[H:15].[H:14][O:21][H:23],45.95879577996334,53.1218167224987,0.9510038240917882
MOJQURDISZNTIY_177_0-cata_0,[C:0]([C:1]([C:2]([O:9][H:14])([H:17])[H:18])([O:7][H:12])[H:16])([C:3]([C:4](=[C:5]([H:19])[H:20])[O:8][H:13])=[O:10])([O:6][H:11])[H:15].[O:21]([H:22])[H:23],[C:0]1([O:6][H:11])([H:15])[C:1]([C:2]([O:9][H:14])([H:17])[H:18])([H:16])[O:7][C:5]([H:19])([H:20])[C:4]([O:8][H:13])([H:22])[C:3]1=[O:10].[H:12][O:21][H:23],41.78523009551366,53.13938698845434,-2.8998565965583265
MOJQURDISZNTIY_178_0-cata_1,[C:0]([C:1]([C:2]([O:9][H:14])([H:17])[H:18])([O:7][H:12])[H:16])([C:3]([C:4](=[C:5]([H:19])[H:20])[O:8][H:13])=[O:10])([O:6][H:11])[H:15].[O:21]([H:22])[H:23],[C:0]([C:1]([C:2]([O:9][H:14])([H:17])[H:18])([O:7][H:12])[H:16])([C:3]([C:4]([C:5]([H:19])([H:20])[H:22])=[O:8])=[O:10])([O:6][H:11])[H:15].[H:13][O:21][H:23],28.216592177028183,36.0491657560139,-9.791108986615708
MOJQURDISZNTIY_178_0-cata_3,[C:0]([C:1]([C:2]([O:9][H:14])([H:17])[H:18])([O:7][H:12])[H:16])([C:3]([C:4](=[C:5]([H:19])[H:20])[O:8][H:13])=[O:10])([O:6][H:11])[H:15].[O:21]([H:22])[H:23],[C:0]([C:1]([C:2]([O:9][H:14])([H:17])[H:18])([O:7][H:12])[H:16])([C:3]([C:4]([C:5]([H:19])([H:20])[H:22])=[O:8])=[O:10])([O:6][H:11])[H:15].[H:13][O:21][H:23],26.998596237535725,35.24971865296346,-9.791108986615708
MOJQURDISZNTIY_178_1-cata1_0,[C:0]([C:1]([C:2]([O:9][H:14])([H:17])[H:18])([O:7][H:12])[H:16])([C:3]([C:4](=[C:5]([H:19])[H:20])[O:8][H:13])=[O:10])([O:6][H:11])[H:15].[O:21]([H:22])[H:23],[C:0]([C:1]([C:2]([O:9][H:14])([H:17])[H:18])([O:7][H:12])[H:16])([C:3]([C:4]([C:5]([H:19])([H:20])[H:22])=[O:8])=[O:10])([O:6][H:11])[H:15].[H:13][O:21][H:23],14.794163972030262,27.53762689795892,-9.791108986615708
MOJQURDISZNTIY_178_5-cata2_0,[C:0]([C:1]([C:2]([O:9][H:14])([H:17])[H:18])([O:7][H:12])[H:16])([C:3]([C:4](=[C:5]([H:19])[H:20])[O:8][H:13])=[O:10])([O:6][H:11])[H:15].[O:21]([H:22])[H:23],[C:0]([C:1]([C:2]([O:9][H:14])([H:17])[H:18])([O:7][H:12])[H:16])([C:3]([C:4]([C:5]([H:19])([H:20])[H:22])=[O:8])=[O:10])([O:6][H:11])[H:15].[H:13][O:21][H:23],24.07126442000721,32.78862639397058,-9.791108986615708
MOJQURDISZNTIY_178_6-cata2_0,[C:0]([C:1]([C:2]([O:9][H:14])([H:17])[H:18])([O:7][H:12])[H:16])([C:3]([C:4](=[C:5]([H:19])[H:20])[O:8][H:13])=[O:10])([O:6][H:11])[H:15].[O:21]([H:22])[H:23],[C:0]([C:1]([C:2]([O:9][H:13])([H:17])[H:18])([O:7][H:12])[H:16])([C:3]([C:4]([C:5]([H:19])([H:20])[H:22])=[O:8])=[O:10])([O:6][H:11])[H:15].[H:14][O:21][H:23],13.822779266057228,25.387779350964955,-9.791108986615708
MOJQURDISZNTIY_17_0-cata_0,[C:0]([C:1]([C:2]([O:9][H:14])([H:17])[H:18])([O:7][H:12])[H:16])([C:3]([C:4](=[C:5]([H:19])[H:20])[O:8][H:13])=[O:10])([O:6][H:11])[H:15].[O:21]([H:22])[H:23],[C:0]([C:3]([C:4](=[C:5]([H:19])[H:20])[O:8][H:13])=[O:10])([O:6][H:11])([H:15])[H:22].[C:1]([C:2]([O:9][H:14])([H:17])[H:18])(=[O:7])[H:16].[H:12][O:21][H:23],55.85022802853006,64.17351403648962,18.51171128107074
MOJQURDISZNTIY_180_0-cata_1,[C:0]([C:1]([C:2]([O:9][H:14])([H:17])[H:18])([O:7][H:12])[H:16])([C:3]([C:4](=[C:5]([H:19])[H:20])[O:8][H:13])=[O:10])([O:6][H:11])[H:15].[O:21]([H:22])[H:23],[C:0]1([O:6][H:11])([H:15])[C:1]([O:7][H:12])([H:16])[C:2]([H:17])([H:18])[O:9][C:4]([C:5]([H:19])([H:20])[H:22])([O:8][H:13])[C:3]1=[O:10].[H:14][O:21][H:23],27.03310925994859,35.56284589345763,-14.859942638623322
MOJQURDISZNTIY_180_0-cata_2,[C:0]([C:1]([C:2]([O:9][H:14])([H:17])[H:18])([O:7][H:12])[H:16])([C:3]([C:4](=[C:5]([H:19])[H:20])[O:8][H:13])=[O:10])([O:6][H:11])[H:15].[O:21]([H:22])[H:23],[C:0]1([O:6][H:11])([H:15])[C:1]([O:7][H:12])([H:16])[C:2]([H:17])([H:18])[O:9][C:4]([C:5]([H:19])([H:20])[H:22])([O:8][H:13])[C:3]1=[O:10].[H:14][O:21][H:23],22.35690846598383,33.11618635299964,-14.859942638623322
MOJQURDISZNTIY_29_1-cata_4,[C:0]([C:1]([C:2]([O:9][H:14])([H:17])[H:18])([O:7][H:12])[H:16])([C:3]([C:4](=[C:5]([H:19])[H:20])[O:8][H:13])=[O:10])([O:6][H:11])[H:15].[O:21]([H:22])[H:23],[C:0]([C:1]([C:2]([O:9][H:14])([H:17])[H:18])([O:7][H:12])[H:16])([C:3]1([O:10][H:22])[C:4](=[O:8])[C:5]1([H:19])[H:20])([O:6][H:11])[H:15].[H:13][O:21][H:23],23.629497732052474,35.77117904750235,-2.4244741873804982
MOJQURDISZNTIY_34_0-cata_2,[C:0]([C:1]([C:2]([O:9][H:14])([H:17])[H:18])([O:7][H:12])[H:16])([C:3]([C:4](=[C:5]([H:19])[H:20])[O:8][H:13])=[O:10])([O:6][H:11])[H:15].[O:21]([H:22])[H:23],[C:0]([C:1]([C:2]([O:9][H:14])([H:17])[H:18])([O:7][H:12])[H:16])(=[O:6])[H:15].[C:3]([C:4](=[C:5]([H:19])[H:20])[O:8][H:13])(=[O:10])[H:22].[H:11][O:21][H:23],57.52567839350899,65.8006461700192,18.611854684512444
MOJQURDISZNTIY_34_0-cata_3,[C:0]([C:1]([C:2]([O:9][H:14])([H:17])[H:18])([O:7][H:12])[H:16])([C:3]([C:4](=[C:5]([H:19])[H:20])[O:8][H:13])=[O:10])([O:6][H:11])[H:15].[O:21]([H:22])[H:23],[C:0]([C:1]([C:2]([O:9][H:14])([H:17])[H:18])([O:7][H:12])[H:16])(=[O:6])[H:15].[C:3]([C:4](=[C:5]([H:19])[H:20])[O:8][H:13])(=[O:10])[H:22].[H:11][O:21][H:23],61.35160381505164,68.83402709299398,18.611854684512444
MOJQURDISZNTIY_34_0-cata_4,[C:0]([C:1]([C:2]([O:9][H:14])([H:17])[H:18])([O:7][H:12])[H:16])([C:3]([C:4](=[C:5]([H:19])[H:20])[O:8][H:13])=[O:10])([O:6][H:11])[H:15].[O:21]([H:22])[H:23],[C:0]([C:1]([C:2]([O:9][H:14])([H:17])[H:18])([O:7][H:12])[H:16])(=[O:6])[H:15].[C:3]([C:4](=[C:5]([H:19])[H:20])[O:8][H:13])(=[O:10])[H:22].[H:11][O:21][H:23],60.00120337103677,67.03307482797521,18.611854684512444
MOJQURDISZNTIY_370_0-cata_0,[C:0]([C:1]([C:2]([O:9][H:14])([H:17])[H:18])([O:7][H:12])[H:16])([C:3]([C:4](=[C:5]([H:19])[H:20])[O:8][H:13])=[O:10])([O:6][H:11])[H:15].[O:21]([H:22])[H:23],[C:0]1([O:6][H:11])([H:15])[C:1]([O:7][H:12])([H:16])[C:2]([H:17])([H:18])[O:9][C:5]([H:19])([H:20])[C:4]([O:8][H:13])=[C:3]1[O:10][H:22].[H:14][O:21][H:23],40.28736491901441,52.48677710846121,-1.9694072657743806
MOJQURDISZNTIY_43_0-cata_0,[C:0]([C:1]([C:2]([O:9][H:14])([H:17])[H:18])([O:7][H:12])[H:16])([C:3]([C:4](=[C:5]([H:19])[H:20])[O:8][H:13])=[O:10])([O:6][H:11])[H:15].[O:21]([H:22])[H:23],[C:0](=[C:1](\[C:2]([O:9][H:14])([H:17])[H:18])[O:7][H:12])(\[C:3]([C:4](=[C:5]([H:19])[H:20])[O:8][H:13])=[O:10])[H:15].[H:16][O:21][H:23].[O:6]([H:11])[H:22],52.7528411365742,59.036721269474974,5.6751912045888835
MOJQURDISZNTIY_43_0-cata_4,[C:0]([C:1]([C:2]([O:9][H:14])([H:17])[H:18])([O:7][H:12])[H:16])([C:3]([C:4](=[C:5]([H:19])[H:20])[O:8][H:13])=[O:10])([O:6][H:11])[H:15].[O:21]([H:22])[H:23],[C:0](=[C:1](\[C:2]([O:9][H:14])([H:17])[H:18])[O:7][H:12])(\[C:3]([C:4](=[C:5]([H:19])[H:20])[O:8][H:13])=[O:10])[H:15].[H:16][O:21][H:23].[O:6]([H:11])[H:22],49.67114198200738,55.88913361750318,5.6751912045888835
MOJQURDISZNTIY_5_1-cata1_3,[C:0]([C:1]([C:2]([O:9][H:14])([H:17])[H:18])([O:7][H:12])[H:16])([C:3]([C:4](=[C:5]([H:19])[H:20])[O:8][H:13])=[O:10])([O:6][H:11])[H:15].[O:21]([H:22])[H:23],[C:0]([C:1]([C:2]([O:9][H:14])([H:17])[H:18])([O:7][H:12])[H:16])([C:3]([C:4](=[C:5]([H:19])[H:20])[O:8][H:13])([O:10][H:22])[H:15])=[O:6].[H:11][O:21][H:23],33.41927344151916,42.24582206849221,1.729445506692131
MOJQURDISZNTIY_5_1-cata1_4,[C:0]([C:1]([C:2]([O:9][H:14])([H:17])[H:18])([O:7][H:12])[H:16])([C:3]([C:4](=[C:5]([H:19])[H:20])[O:8][H:13])=[O:10])([O:6][H:11])[H:15].[O:21]([H:22])[H:23],[C:0]([C:1]([C:2]([O:9][H:14])([H:17])[H:18])([O:7][H:12])[H:16])([C:3]([C:4](=[C:5]([H:19])[H:20])[O:8][H:13])([O:10][H:22])[H:15])=[O:6].[H:11][O:21][H:23],37.54263836602424,46.76200794000427,1.729445506692131
MOJQURDISZNTIY_5_2-cata1_1,[C:0]([C:1]([C:2]([O:9][H:14])([H:17])[H:18])([O:7][H:12])[H:16])([C:3]([C:4](=[C:5]([H:19])[H:20])[O:8][H:13])=[O:10])([O:6][H:11])[H:15].[O:21]([H:22])[H:23],[C:0]([C:1]([C:2]([O:9][H:14])([H:17])[H:18])([O:7][H:12])[H:16])([C:3]([C:4](=[C:5]([H:19])[H:20])[O:8][H:13])([O:10][H:22])[H:15])=[O:6].[H:11][O:21][H:23],37.68759306051496,44.718209498456574,1.729445506692131
MOJQURDISZNTIY_71_0-cata_0,[C:0]([C:1]([C:2]([O:9][H:14])([H:17])[H:18])([O:7][H:12])[H:16])([C:3]([C:4](=[C:5]([H:19])[H:20])[O:8][H:13])=[O:10])([O:6][H:11])[H:15].[O:21]([H:22])[H:23],[C:0](\[C:1]([C:2]([O:9][H:14])([H:17])[H:18])([O:7][H:12])[H:16])(=[C:3](\[C:4](=[C:5]([H:19])[H:20])[O:8][H:13])[O:10][H:22])[O:6][H:11].[H:15][O:21][H:23],41.75573714901678,50.94373124800469,-2.9151529636711557
MOJQURDISZNTIY_71_0-cata_1,[C:0]([C:1]([C:2]([O:9][H:14])([H:17])[H:18])([O:7][H:12])[H:16])([C:3]([C:4](=[C:5]([H:19])[H:20])[O:8][H:13])=[O:10])([O:6][H:11])[H:15].[O:21]([H:22])[H:23],[C:0](\[C:1]([C:2]([O:9][H:14])([H:17])[H:18])([O:7][H:12])[H:16])(=[C:3](\[C:4](=[C:5]([H:19])[H:20])[O:8][H:13])[O:10][H:22])[O:6][H:11].[H:15][O:21][H:23],43.74305973549305,52.57274590995818,-2.9151529636711557
MOJQURDISZNTIY_71_0-cata_2,[C:0]([C:1]([C:2]([O:9][H:14])([H:17])[H:18])([O:7][H:12])[H:16])([C:3]([C:4](=[C:5]([H:19])[H:20])[O:8][H:13])=[O:10])([O:6][H:11])[H:15].[O:21]([H:22])[H:23],[C:0](\[C:1]([C:2]([O:9][H:14])([H:17])[H:18])([O:7][H:12])[H:16])(=[C:3](/[C:4](=[C:5]([H:19])[H:20])[O:8][H:13])[O:10][H:22])[O:6][H:11].[H:15][O:21][H:23],33.8290371450547,43.15131827698892,-2.9151529636711557
MOJQURDISZNTIY_71_0-cata_4,[C:0]([C:1]([C:2]([O:9][H:14])([H:17])[H:18])([O:7][H:12])[H:16])([C:3]([C:4](=[C:5]([H:19])[H:20])[O:8][H:13])=[O:10])([O:6][H:11])[H:15].[O:21]([H:22])[H:23],[C:0](\[C:1]([C:2]([O:9][H:14])([H:17])[H:18])([O:7][H:12])[H:16])(=[C:3](\[C:4](=[C:5]([H:19])[H:20])[O:8][H:13])[O:10][H:22])[O:6][H:11].[H:15][O:21][H:23],39.86003094952323,49.31659911447511,-2.9151529636711557
MOJQURDISZNTIY_71_1-cata1_2,[C:0]([C:1]([C:2]([O:9][H:14])([H:17])[H:18])([O:7][H:12])[H:16])([C:3]([C:4](=[C:5]([H:19])[H:20])[O:8][H:13])=[O:10])([O:6][H:11])[H:15].[O:21]([H:22])[H:23],[C:0](\[C:1]([C:2]([O:9][H:14])([H:17])[H:18])([O:7][H:12])[H:16])(=[C:3](/[C:4](=[C:5]([H:19])[H:20])[O:8][H:13])[O:10][H:22])[O:6][H:11].[H:15][O:21][H:23],35.22210823503317,43.88048431600278,-2.9151529636711557
MOJQURDISZNTIY_71_1-cata1_3,[C:0]([C:1]([C:2]([O:9][H:14])([H:17])[H:18])([O:7][H:12])[H:16])([C:3]([C:4](=[C:5]([H:19])[H:20])[O:8][H:13])=[O:10])([O:6][H:11])[H:15].[O:21]([H:22])[H:23],[C:0](\[C:1]([C:2]([O:9][H:14])([H:17])[H:18])([O:7][H:12])[H:16])(=[C:3](/[C:4](=[C:5]([H:19])[H:20])[O:8][H:13])[O:10][H:22])[O:6][H:11].[H:15][O:21][H:23],31.65534423697826,41.396174205497175,-2.9151529636711557
MOJQURDISZNTIY_71_2-cata1_2,[C:0]([C:1]([C:2]([O:9][H:14])([H:17])[H:18])([O:7][H:12])[H:16])([C:3]([C:4](=[C:5]([H:19])[H:20])[O:8][H:13])=[O:10])([O:6][H:11])[H:15].[O:21]([H:22])[H:23],[C:0](\[C:1]([C:2]([O:9][H:14])([H:17])[H:18])([O:7][H:12])[H:16])(=[C:3](/[C:4](=[C:5]([H:19])[H:20])[O:8][H:13])[O:10][H:22])[O:6][H:11].[H:15][O:21][H:23],36.716835863969,46.30706355251146,-2.9151529636711557
MOJQURDISZNTIY_71_4-cata1_2,[C:0]([C:1]([C:2]([O:9][H:14])([H:17])[H:18])([O:7][H:12])[H:16])([C:3]([C:4](=[C:5]([H:19])[H:20])[O:8][H:13])=[O:10])([O:6][H:11])[H:15].[O:21]([H:22])[H:23],[C:0](\[C:1]([C:2]([O:9][H:14])([H:17])[H:18])([O:7][H:12])[H:16])(=[C:3](/[C:4](=[C:5]([H:19])[H:20])[O:8][H:13])[O:10][H:15])[O:6][H:22].[H:11][O:21][H:23],38.04966604202823,46.94712324246493,-2.9151529636711557
MOJQURDISZNTIY_71_4-cata2_4,[C:0]([C:1]([C:2]([O:9][H:14])([H:17])[H:18])([O:7][H:12])[H:16])([C:3]([C:4](=[C:5]([H:19])[H:20])[O:8][H:13])=[O:10])([O:6][H:11])[H:15].[O:21]([H:22])[H:23],[C:0](\[C:1]([C:2]([O:9][H:14])([H:17])[H:18])([O:7][H:12])[H:16])(=[C:3](\[C:4](=[C:5]([H:19])[H:20])[O:8][H:13])[O:10][H:22])[O:6][H:11].[H:15][O:21][H:23],43.10927514052373,51.95590407151742,-2.9151529636711557
MOJQURDISZNTIY_71_5-cata2_0,[C:0]([C:1]([C:2]([O:9][H:14])([H:17])[H:18])([O:7][H:12])[H:16])([C:3]([C:4](=[C:5]([H:19])[H:20])[O:8][H:13])=[O:10])([O:6][H:11])[H:15].[O:21]([H:22])[H:23],[C:0](\[C:1]([C:2]([O:9][H:14])([H:17])[H:18])([O:7][H:12])[H:16])(=[C:3](/[C:4](=[C:5]([H:19])[H:20])[O:8][H:13])[O:10][H:22])[O:6][H:11].[H:15][O:21][H:23],30.50888438051921,40.75297696798029,-2.9151529636711557
MOJQURDISZNTIY_71_5-cata2_4,[C:0]([C:1]([C:2]([O:9][H:14])([H:17])[H:18])([O:7][H:12])[H:16])([C:3]([C:4](=[C:5]([H:19])[H:20])[O:8][H:13])=[O:10])([O:6][H:11])[H:15].[O:21]([H:22])[H:23],[C:0](\[C:1]([C:2]([O:9][H:14])([H:17])[H:18])([O:7][H:12])[H:16])(=[C:3](/[C:4](=[C:5]([H:19])[H:20])[O:8][H:13])[O:10][H:22])[O:6][H:11].[H:15][O:21][H:23],39.25762182954604,47.5627100619802,-2.9151529636711557
MOJQURDISZNTIY_71_7-cata2_1,[C:0]([C:1]([C:2]([O:9][H:14])([H:17])[H:18])([O:7][H:12])[H:16])([C:3]([C:4](=[C:5]([H:19])[H:20])[O:8][H:13])=[O:10])([O:6][H:11])[H:15].[O:21]([H:22])[H:23],[C:0](\[C:1]([C:2]([O:9][H:14])([H:17])[H:18])([O:7][H:12])[H:16])(=[C:3](\[C:4](=[C:5]([H:19])[H:20])[O:8][H:13])[O:10][H:22])[O:6][H:11].[H:15][O:21][H:23],40.53083860504175,49.97924914651423,-2.9151529636711557
MOJQURDISZNTIY_98_0-cata_1,[C:0]([C:1]([C:2]([O:9][H:14])([H:17])[H:18])([O:7][H:12])[H:16])([C:3]([C:4](=[C:5]([H:19])[H:20])[O:8][H:13])=[O:10])([O:6][H:11])[H:15].[O:21]([H:22])[H:23],[C:0]([C:1]([O:7][H:12])([H:16])[H:22])([C:3]([C:4](=[C:5]([H:19])[H:20])[O:8][H:13])=[O:10])([O:6][H:11])[H:15].[C:2](=[O:9])([H:17])[H:18].[H:14][O:21][H:23],66.2210775350278,72.66748262851762,18.240200764818358
YFPLIJPMOFVJPV_113_2-cata1_1,[C:0]([C:2]([O:9][H:14])([H:18])[H:19])(/[C:5](=[C:4](/[C:3]([C:1]([O:8][H:13])([H:16])[H:17])=[O:10])[O:6][H:11])[H:20])([O:7][H:12])[H:15].[O:21]([H:22])[H:23],[C:0]([C:2]([O:9][H:14])([H:18])[H:19])(/[C:5](=[C:4]([C:3](=[C:1](\[O:8][H:13])[H:17])/[O:10][H:22])\[O:6][H:11])[H:20])([O:7][H:12])[H:15].[H:16][O:21][H:23],37.75222653899446,46.64215362545018,4.3874282982791515
YFPLIJPMOFVJPV_113_2-cata1_3,[C:0]([C:2]([O:9][H:14])([H:18])[H:19])(/[C:5](=[C:4](/[C:3]([C:1]([O:8][H:13])([H:16])[H:17])=[O:10])[O:6][H:11])[H:20])([O:7][H:12])[H:15].[O:21]([H:22])[H:23],[C:0]([C:2]([O:9][H:14])([H:18])[H:19])(/[C:5](=[C:4]([C:3](=[C:1](\[O:8][H:13])[H:17])/[O:10][H:22])\[O:6][H:11])[H:20])([O:7][H:12])[H:15].[H:16][O:21][H:23],34.72637573000066,43.84785382201383,4.3874282982791515
YFPLIJPMOFVJPV_113_5-cata2_2,[C:0]([C:2]([O:9][H:14])([H:18])[H:19])(/[C:5](=[C:4](/[C:3]([C:1]([O:8][H:13])([H:16])[H:17])=[O:10])[O:6][H:11])[H:20])([O:7][H:12])[H:15].[O:21]([H:22])[H:23],[C:0]([C:2]([O:9][H:14])([H:18])[H:19])(/[C:5](=[C:4]([C:3](=[C:1](\[O:8][H:13])[H:17])/[O:10][H:22])\[O:6][H:11])[H:20])([O:7][H:12])[H:15].[H:16][O:21][H:23],36.9929400439853,45.95001064698552,4.3874282982791515
YFPLIJPMOFVJPV_127_1-cata_0,[C:0]([C:2]([O:9][H:14])([H:18])[H:19])(/[C:5](=[C:4](\[C:3]([C:1]([O:8][H:13])([H:16])[H:17])=[O:10])[O:6][H:11])[H:20])([O:7][H:12])[H:15].[O:21]([H:22])[H:23],[C:0]1([O:7][H:12])([H:15])[C:2]([H:18])([H:19])[O:9][C:3]([C:1]([O:8][H:13])([H:16])[H:17])([O:10][H:22])[C:4]([O:6][H:11])=[C:5]1[H:20].[H:14][O:21][H:23],19.821142576536804,31.89379784694694,-15.741395793499063
YFPLIJPMOFVJPV_127_1-cata_1,[C:0]([C:2]([O:9][H:14])([H:18])[H:19])(/[C:5](=[C:4](\[C:3]([C:1]([O:8][H:13])([H:16])[H:17])=[O:10])[O:6][H:11])[H:20])([O:7][H:12])[H:15].[O:21]([H:22])[H:23],[C:0]1([O:7][H:12])([H:15])[C:2]([H:18])([H:19])[O:9][C:3]([C:1]([O:8][H:13])([H:16])[H:17])([O:10][H:22])[C:4]([O:6][H:11])=[C:5]1[H:20].[H:14][O:21][H:23],16.04102534852118,28.932580516503972,-15.741395793499063
YFPLIJPMOFVJPV_127_1-cata_2,[C:0]([C:2]([O:9][H:14])([H:18])[H:19])(/[C:5](=[C:4](\[C:3]([C:1]([O:8][H:13])([H:16])[H:17])=[O:10])[O:6][H:11])[H:20])([O:7][H:12])[H:15].[O:21]([H:22])[H:23],[C:0]1([O:7][H:12])([H:15])[C:2]([H:18])([H:19])[O:9][C:3]([C:1]([O:8][H:13])([H:16])[H:17])([O:10][H:22])[C:4]([O:6][H:11])=[C:5]1[H:20].[H:14][O:21][H:23],18.64518977350954,31.260013251977615,-15.741395793499063
YFPLIJPMOFVJPV_127_1-cata_3,[C:0]([C:2]([O:9][H:14])([H:18])[H:19])(/[C:5](=[C:4](\[C:3]([C:1]([O:8][H:13])([H:16])[H:17])=[O:10])[O:6][H:11])[H:20])([O:7][H:12])[H:15].[O:21]([H:22])[H:23],[C:0]1([O:7][H:12])([H:15])[C:2]([H:18])([H:19])[O:9][C:3]([C:1]([O:8][H:13])([H:16])[H:17])([O:10][H:22])[C:4]([O:6][H:11])=[C:5]1[H:20].[H:14][O:21][H:23],14.918410853001928,27.96998094350876,-15.741395793499063
YFPLIJPMOFVJPV_127_1-cata_4,[C:0]([C:2]([O:9][H:14])([H:18])[H:19])(/[C:5](=[C:4](\[C:3]([C:1]([O:8][H:13])([H:16])[H:17])=[O:10])[O:6][H:11])[H:20])([O:7][H:12])[H:15].[O:21]([H:22])[H:23],[C:0]1([O:7][H:12])([H:15])[C:2]([H:18])([H:19])[O:9][C:3]([C:1]([O:8][H:13])([H:16])[H:17])([O:10][H:22])[C:4]([O:6][H:11])=[C:5]1[H:20].[H:14][O:21][H:23],17.189995242973893,29.43772566401272,-15.741395793499063
YFPLIJPMOFVJPV_139_0-cata_3,[C:0]([C:2]([O:9][H:14])([H:18])[H:19])(/[C:5](=[C:4](\[C:3]([C:1]([O:8][H:13])([H:16])[H:17])=[O:10])[O:6][H:11])[H:20])([O:7][H:12])[H:15].[O:21]([H:22])[H:23],[C:0]1([O:7][H:12])([H:15])[C:2]([O:9][H:14])([H:19])[C:3]([C:1]([O:8][H:13])([H:16])[H:17])([O:10][H:22])[C:4]([O:6][H:11])=[C:5]1[H:20].[H:18][O:21][H:23],62.49116106695678,73.0646961420135,-22.093451242829847
YFPLIJPMOFVJPV_166_0-cata_4,[C:0]([C:2]([O:9][H:14])([H:18])[H:19])(/[C:5](=[C:4](/[C:3]([C:1]([O:8][H:13])([H:16])[H:17])=[O:10])[O:6][H:11])[H:20])([O:7][H:12])[H:15].[O:21]([H:22])[H:23],[C:0]([C:2]([O:9][H:14])([H:18])[H:19])([C:5]([C:4]([C:3]([C:1]([O:8][H:13])([H:16])[H:17])=[O:10])=[O:6])([H:20])[H:22])([O:7][H:12])[H:15].[H:11][O:21][H:23],29.964833643966013,41.47335787401633,-13.28824091778207
YFPLIJPMOFVJPV_166_1-cata1_3,[C:0]([C:2]([O:9][H:14])([H:18])[H:19])(/[C:5](=[C:4](/[C:3]([C:1]([O:8][H:13])([H:16])[H:17])=[O:10])[O:6][H:11])[H:20])([O:7][H:12])[H:15].[O:21]([H:22])[H:23],[C:0]([C:2]([O:9][H:14])([H:18])[H:19])([C:5]([C:4]([C:3]([C:1]([O:8][H:13])([H:16])[H:17])=[O:10])=[O:6])([H:20])[H:22])([O:7][H:12])[H:15].[H:11][O:21][H:23],24.83243344351161,34.54439797496074,-13.28824091778207
YFPLIJPMOFVJPV_166_2-cata1_1,[C:0]([C:2]([O:9][H:14])([H:18])[H:19])(/[C:5](=[C:4](/[C:3]([C:1]([O:8][H:13])([H:16])[H:17])=[O:10])[O:6][H:11])[H:20])([O:7][H:12])[H:15].[O:21]([H:22])[H:23],[C:0]([C:2]([O:9][H:14])([H:18])[H:19])([C:5]([C:4]([C:3]([C:1]([O:8][H:13])([H:16])[H:17])=[O:10])=[O:6])([H:20])[H:22])([O:7][H:12])[H:15].[H:11][O:21][H:23],33.04025770354867,40.74858440149138,-13.28824091778207
YFPLIJPMOFVJPV_166_2-cata1_4,[C:0]([C:2]([O:9][H:14])([H:18])[H:19])(/[C:5](=[C:4](\[C:3]([C:1]([O:8][H:13])([H:16])[H:17])=[O:10])[O:6][H:11])[H:20])([O:7][H:12])[H:15].[O:21]([H:22])[H:23],[C:0]([C:2]([O:9][H:14])([H:18])[H:19])([C:5]([C:4]([C:3]([C:1]([O:8][H:13])([H:16])[H:17])=[O:10])=[O:6])([H:20])[H:22])([O:7][H:12])[H:15].[H:11][O:21][H:23],30.43609327856031,38.31447505100171,-13.28824091778207
YFPLIJPMOFVJPV_166_6-cata1_1,[C:0]([C:2]([O:9][H:14])([H:18])[H:19])(/[C:5](=[C:4](/[C:3]([C:1]([O:8][H:13])([H:16])[H:17])=[O:10])[O:6][H:11])[H:20])([O:7][H:12])[H:15].[O:21]([H:22])[H:23],[C:0]([C:2]([O:9][H:22])([H:18])[H:19])([C:5]([C:4]([C:3]([C:1]([O:8][H:13])([H:16])[H:17])=[O:10])=[O:6])([H:14])[H:20])([O:7][H:12])[H:15].[H:11][O:21][H:23],18.76253404999863,30.20077721601237,-13.28824091778207
YFPLIJPMOFVJPV_166_6-cata2_1,[C:0]([C:2]([O:9][H:14])([H:18])[H:19])(/[C:5](=[C:4](/[C:3]([C:1]([O:8][H:13])([H:16])[H:17])=[O:10])[O:6][H:11])[H:20])([O:7][H:12])[H:15].[O:21]([H:22])[H:23],[C:0]([C:2]([O:9][H:11])([H:18])[H:19])([C:5]([C:4]([C:3]([C:1]([O:8][H:13])([H:16])[H:17])=[O:10])=[O:6])([H:20])[H:22])([O:7][H:12])[H:15].[H:14][O:21][H:23],26.03850670246284,35.24846363396663,-13.28824091778207
YFPLIJPMOFVJPV_166_6-cata2_2,[C:0]([C:2]([O:9][H:14])([H:18])[H:19])(/[C:5](=[C:4](/[C:3]([C:1]([O:8][H:13])([H:16])[H:17])=[O:10])[O:6][H:11])[H:20])([O:7][H:12])[H:15].[O:21]([H:22])[H:23],[C:0]([C:2]([O:9][H:11])([H:18])[H:19])([C:5]([C:4]([C:3]([C:1]([O:8][H:13])([H:16])[H:17])=[O:10])=[O:6])([H:20])[H:22])([O:7][H:12])[H:15].[H:14][O:21][H:23],24.89455688399745,33.57426828798453,-13.28824091778207
YFPLIJPMOFVJPV_166_6-cata2_3,[C:0]([C:2]([O:9][H:14])([H:18])[H:19])(/[C:5](=[C:4](/[C:3]([C:1]([O:8][H:13])([H:16])[H:17])=[O:10])[O:6][H:11])[H:20])([O:7][H:12])[H:15].[O:21]([H:22])[H:23],[C:0]([C:2]([O:9][H:11])([H:18])[H:19])([C:5]([C:4]([C:3]([C:1]([O:8][H:13])([H:16])[H:17])=[O:10])=[O:6])([H:20])[H:22])([O:7][H:12])[H:15].[H:14][O:21][H:23],14.899585567978116,25.175053630502656,-13.28824091778207
YFPLIJPMOFVJPV_170_0-cata_3,[C:0]([C:2]([O:9][H:14])([H:18])[H:19])(/[C:5](=[C:4](/[C:3]([C:1]([O:8][H:13])([H:16])[H:17])=[O:10])[O:6][H:11])[H:20])([O:7][H:12])[H:15].[O:21]([H:22])[H:23],[C:0]([C:2]([O:9][H:14])([H:18])[H:19])([C:5]([C:4]1([O:6][H:11])[C:3](=[O:10])[C:1]([H:16])([H:17])[O:8]1)([H:20])[H:22])([O:7][H:12])[H:15].[H:13][O:21][H:23],38.14818503349351,47.12847348800645,6.317160611854667
YFPLIJPMOFVJPV_217_0-cata_0,[C:0]([C:2]([O:9][H:14])([H:18])[H:19])(/[C:5](=[C:4](/[C:3]([C:1]([O:8][H:13])([H:16])[H:17])=[O:10])[O:6][H:11])[H:20])([O:7][H:12])[H:15].[O:21]([H:22])[H:23],[C:0](=[C:5](/[C:4]([C:3]([C:1]([O:8][H:13])([H:16])[H:17])=[O:10])([O:6][H:11])[H:22])[H:20])(\[O:7][H:12])[H:15].[C:2](=[O:9])([H:18])[H:19].[H:14][O:21][H:23],44.92152257644264,52.65243961647099,16.366395793499038
YFPLIJPMOFVJPV_217_0-cata_1,[C:0]([C:2]([O:9][H:14])([H:18])[H:19])(/[C:5](=[C:4](/[C:3]([C:1]([O:8][H:13])([H:16])[H:17])=[O:10])[O:6][H:11])[H:20])([O:7][H:12])[H:15].[O:21]([H:22])[H:23],[C:0](=[C:5](/[C:4]([C:3]([C:1]([O:8][H:13])([H:16])[H:17])=[O:10])([O:6][H:11])[H:22])[H:20])(\[O:7][H:12])[H:15].[C:2](=[O:9])([H:18])[H:19].[H:14][O:21][H:23],45.990798764525216,51.71431291398533,16.366395793499038
YFPLIJPMOFVJPV_217_0-cata_2,[C:0]([C:2]([O:9][H:14])([H:18])[H:19])(/[C:5](=[C:4](/[C:3]([C:1]([O:8][H:13])([H:16])[H:17])=[O:10])[O:6][H:11])[H:20])([O:7][H:12])[H:15].[O:21]([H:22])[H:23],[C:0](=[C:5](\[C:4]([C:3]([C:1]([O:8][H:13])([H:16])[H:17])=[O:10])([O:6][H:11])[H:22])[H:20])(\[O:7][H:12])[H:15].[C:2](=[O:9])([H:18])[H:19].[H:14][O:21][H:23],42.79050031454382,49.055555162492126,16.366395793499038
YFPLIJPMOFVJPV_217_0-cata_3,[C:0]([C:2]([O:9][H:14])([H:18])[H:19])(/[C:5](=[C:4](/[C:3]([C:1]([O:8][H:13])([H:16])[H:17])=[O:10])[O:6][H:11])[H:20])([O:7][H:12])[H:15].[O:21]([H:22])[H:23],[C:0](=[C:5](\[C:4]([C:3]([C:1]([O:8][H:13])([H:16])[H:17])=[O:10])([O:6][H:11])[H:22])[H:20])(\[O:7][H:12])[H:15].[C:2](=[O:9])([H:18])[H:19].[H:14][O:21][H:23],40.57162672251011,47.506861716478525,16.366395793499038
YFPLIJPMOFVJPV_34_0-cata_0,[C:0]([C:2]([O:9][H:14])([H:18])[H:19])(/[C:5](=[C:4](/[C:3]([C:1]([O:8][H:13])([H:16])[H:17])=[O:10])[O:6][H:11])[H:20])([O:7][H:12])[H:15].[O:21]([H:22])[H:23],[C:0]([C:2]([O:9][H:14])([H:18])[H:19])(=[O:7])[H:15].[C:1]([C:3]([C:4](=[C:5]([H:20])[H:22])[O:6][H:11])=[O:10])([O:8][H:13])([H:16])[H:17].[H:12][O:21][H:23],50.86843010798079,59.16096815044664,13.30234225621413
YFPLIJPMOFVJPV_34_0-cata_2,[C:0]([C:2]([O:9][H:14])([H:18])[H:19])(/[C:5](=[C:4](/[C:3]([C:1]([O:8][H:13])([H:16])[H:17])=[O:10])[O:6][H:11])[H:20])([O:7][H:12])[H:15].[O:21]([H:22])[H:23],[C:0]([C:2]([O:9][H:14])([H:18])[H:19])(=[O:7])[H:15].[C:1]([C:3]([C:4](=[C:5]([H:20])[H:22])[O:6][H:11])=[O:10])([O:8][H:13])([H:16])[H:17].[H:12][O:21][H:23],47.35500441750523,55.575378867510594,13.30234225621413
YFPLIJPMOFVJPV_34_0-cata_3,[C:0]([C:2]([O:9][H:14])([H:18])[H:19])(/[C:5](=[C:4](/[C:3]([C:1]([O:8][H:13])([H:16])[H:17])=[O:10])[O:6][H:11])[H:20])([O:7][H:12])[H:15].[O:21]([H:22])[H:23],[C:0]([C:2]([O:9][H:14])([H:18])[H:19])(=[O:7])[H:15].[C:1]([C:3]([C:4](=[C:5]([H:20])[H:22])[O:6][H:11])=[O:10])([O:8][H:13])([H:16])[H:17].[H:12][O:21][H:23],50.54400769651514,58.09482950999881,13.30234225621413
YFPLIJPMOFVJPV_34_0-cata_4,[C:0]([C:2]([O:9][H:14])([H:18])[H:19])(/[C:5](=[C:4](/[C:3]([C:1]([O:8][H:13])([H:16])[H:17])=[O:10])[O:6][H:11])[H:20])([O:7][H:12])[H:15].[O:21]([H:22])[H:23],[C:0]([C:2]([O:9][H:14])([H:18])[H:19])(=[O:7])[H:15].[C:1]([C:3]([C:4](=[C:5]([H:20])[H:22])[O:6][H:11])=[O:10])([O:8][H:13])([H:16])[H:17].[H:12][O:21][H:23],17.73404597952709,26.83418874845144,13.30234225621413
YFPLIJPMOFVJPV_356_0-cata_4,[C:0]([C:2]([O:9][H:14])([H:18])[H:19])(/[C:5](=[C:4](/[C:3]([C:1]([O:8][H:13])([H:16])[H:17])=[O:10])[O:6][H:11])[H:20])([O:7][H:12])[H:15].[O:21]([H:22])[H:23],[C:0]([C:2]([O:9][H:14])([H:18])[H:19])([C:5]1([H:20])[C:4]([O:6][H:11])=[C:3]([O:10][H:22])[C:1]([H:16])([H:17])[O:8]1)([O:7][H:12])[H:15].[H:13][O:21][H:23],51.10249115153189,64.45903085898215,-11.381931166348009
YFPLIJPMOFVJPV_37_0-cata_0,[C:0]([C:2]([O:9][H:14])([H:18])[H:19])(/[C:5](=[C:4](/[C:3]([C:1]([O:8][H:13])([H:16])[H:17])=[O:10])[O:6][H:11])[H:20])([O:7][H:12])[H:15].[O:21]([H:22])[H:23],[C:0]([C:2]([O:9][H:14])([H:18])[H:19])([O:7][H:12])([H:15])[H:22].[C:1]1([H:16])([H:17])[C:3](=[O:10])[C:4]([O:6][H:11])=[C:5]([H:20])[O:8]1.[H:13][O:21][H:23],84.95160860053589,94.15780047497786,14.539913957935
YFPLIJPMOFVJPV_48_1-cata_0,[C:0]([C:2]([O:9][H:14])([H:18])[H:19])(/[C:5](=[C:4](\[C:3]([C:1]([O:8][H:13])([H:16])[H:17])=[O:10])[O:6][H:11])[H:20])([O:7][H:12])[H:15].[O:21]([H:22])[H:23],[C:0]1([C:2]([O:9][H:14])([H:18])[H:19])([H:15])[C:5]([H:20])=[C:4]([O:6][H:11])[C:3]([C:1]([O:8][H:13])([H:16])[H:17])([O:10][H:22])[O:7]1.[H:12][O:21][H:23],18.00262004549106,28.91626526947383,-9.420411089866201
YFPLIJPMOFVJPV_48_1-cata_1,[C:0]([C:2]([O:9][H:14])([H:18])[H:19])(/[C:5](=[C:4](\[C:3]([C:1]([O:8][H:13])([H:16])[H:17])=[O:10])[O:6][H:11])[H:20])([O:7][H:12])[H:15].[O:21]([H:22])[H:23],[C:0]1([C:2]([O:9][H:14])([H:18])[H:19])([H:15])[C:5]([H:20])=[C:4]([O:6][H:11])[C:3]([C:1]([O:8][H:13])([H:16])[H:17])([O:10][H:22])[O:7]1.[H:12][O:21][H:23],19.19677062404372,30.20893483949177,-9.420411089866201
YFPLIJPMOFVJPV_48_1-cata_3,[C:0]([C:2]([O:9][H:14])([H:18])[H:19])(/[C:5](=[C:4](\[C:3]([C:1]([O:8][H:13])([H:16])[H:17])=[O:10])[O:6][H:11])[H:20])([O:7][H:12])[H:15].[O:21]([H:22])[H:23],[C:0]1([C:2]([O:9][H:14])([H:18])[H:19])([H:15])[C:5]([H:20])=[C:4]([O:6][H:11])[C:3]([C:1]([O:8][H:13])([H:16])[H:17])([O:10][H:22])[O:7]1.[H:12][O:21][H:23],15.601141188990349,28.348996681479253,-9.420411089866201
YFPLIJPMOFVJPV_63_0-cata_3,[C:0]([C:2]([O:9][H:14])([H:18])[H:19])(/[C:5](=[C:4](/[C:3]([C:1]([O:8][H:13])([H:16])[H:17])=[O:10])[O:6][H:11])[H:20])([O:7][H:12])[H:15].[O:21]([H:22])[H:23],[C:0](=[C:2]([H:18])[H:19])(/[C:5](=[C:4](/[C:3]([C:1]([O:8][H:13])([H:16])[H:17])=[O:10])[O:6][H:11])[H:20])[O:7][H:12].[H:15][O:21][H:23].[O:9]([H:14])[H:22],47.08643035146992,54.51677034097242,-4.107791586998117
YFPLIJPMOFVJPV_6_1-cata_4,[C:0]([C:2]([O:9][H:14])([H:18])[H:19])(/[C:5](=[C:4](/[C:3]([C:1]([O:8][H:13])([H:16])[H:17])=[O:10])[O:6][H:11])[H:20])([O:7][H:12])[H:15].[O:21]([H:22])[H:23],[C:0](\[C:2]([O:9][H:14])([H:18])[H:19])(=[C:5](/[C:4]([C:3]([C:1]([O:8][H:13])([H:16])[H:17])=[O:10])([O:6][H:11])[H:22])[H:20])[O:7][H:12].[H:15][O:21][H:23],48.99782428856654,57.89590899850166,0.1467495219884812
YFPLIJPMOFVJPV_6_3-cata1_3,[C:0]([C:2]([O:9][H:14])([H:18])[H:19])(/[C:5](=[C:4](/[C:3]([C:1]([O:8][H:13])([H:16])[H:17])=[O:10])[O:6][H:11])[H:20])([O:7][H:12])[H:15].[O:21]([H:22])[H:23],[C:0](\[C:2]([O:9][H:14])([H:18])[H:19])(=[C:5](\[C:4]([C:3]([C:1]([O:8][H:13])([H:16])[H:17])=[O:10])([O:6][H:11])[H:22])[H:20])[O:7][H:12].[H:15][O:21][H:23],54.2136832524529,63.23977990049286,0.1467495219884812
YFPLIJPMOFVJPV_6_5-cata2_4,[C:0]([C:2]([O:9][H:14])([H:18])[H:19])(/[C:5](=[C:4](/[C:3]([C:1]([O:8][H:13])([H:16])[H:17])=[O:10])[O:6][H:11])[H:20])([O:7][H:12])[H:15].[O:21]([H:22])[H:23],[C:0](\[C:2]([O:9][H:14])([H:18])[H:19])(=[C:5](\[C:4]([C:3]([C:1]([O:8][H:13])([H:16])[H:17])=[O:10])([O:6][H:11])[H:22])[H:20])[O:7][H:12].[H:15][O:21][H:23],62.526301599010736,71.89188088647832,0.1467495219884812
YFPLIJPMOFVJPV_87_0-cata_3,[C:0]([C:2]([O:9][H:14])([H:18])[H:19])(/[C:5](=[C:4](/[C:3]([C:1]([O:8][H:13])([H:16])[H:17])=[O:10])[O:6][H:11])[H:20])([O:7][H:12])[H:15].[O:21]([H:22])[H:23],[C:0]([C:2]([O:9][H:14])([H:18])[H:19])(/[C:5](=[C:4](/[C:3](=[O:10])[H:22])[O:6][H:11])[H:20])([O:7][H:12])[H:15].[C:1](=[O:8])([H:16])[H:17].[H:13][O:21][H:23],61.64151320403308,68.04650267048478,14.162762906309739
YSSNFXZGTOLNNX_107_1-cata_2,[C:0]([C:1]([O:7][H:11])([H:13])[H:14])(/[C:4](=[C:5](\[C:2]([C:3](=[O:9])[H:15])=[O:8])[H:17])[H:16])([O:6][H:10])[H:12].[O:18]([H:19])[H:20],[C:0]([C:1]([O:7][H:11])([H:13])[H:14])(/[C:4](=[C:5](\[C:2]1([H:19])[C:3](=[O:9])[O:8]1)[H:17])[H:16])([O:6][H:10])[H:12].[H:15][O:18][H:20],65.19698203097383,72.39765354348548,14.484225621414907
YSSNFXZGTOLNNX_115_0-cata_0,[C:0]([C:1]([O:7][H:11])([H:13])[H:14])(/[C:4](=[C:5](\[C:2]([C:3](=[O:9])[H:15])=[O:8])[H:17])[H:16])([O:6][H:10])[H:12].[O:18]([H:19])[H:20],[C:0]([C:1]([O:7][H:11])([H:13])[H:14])(/[C:4](=[C:5](\[C:2](=[C:3]=[O:9])[O:8][H:19])[H:17])[H:16])([O:6][H:10])[H:12].[H:15][O:18][H:20],40.35074337849707,51.23489565598297,15.808317399617575
YSSNFXZGTOLNNX_115_0-cata_2,[C:0]([C:1]([O:7][H:11])([H:13])[H:14])(/[C:4](=[C:5](\[C:2]([C:3](=[O:9])[H:15])=[O:8])[H:17])[H:16])([O:6][H:10])[H:12].[O:18]([H:19])[H:20],[C:0]([C:1]([O:7][H:11])([H:13])[H:14])(/[C:4](=[C:5](\[C:2](=[C:3]=[O:9])[O:8][H:19])[H:17])[H:16])([O:6][H:10])[H:12].[H:15][O:18][H:20],44.89642219650601,52.493052203445366,15.808317399617575
YSSNFXZGTOLNNX_115_6-cata2_4,[C:0]([C:1]([O:7][H:11])([H:13])[H:14])(/[C:4](=[C:5](\[C:2]([C:3](=[O:9])[H:15])=[O:8])[H:17])[H:16])([O:6][H:10])[H:12].[O:18]([H:19])[H:20],[C:0]([C:1]([O:7][H:11])([H:13])[H:14])(/[C:4](=[C:5](\[C:2](=[C:3]=[O:9])[O:8][H:19])[H:17])[H:16])([O:6][H:10])[H:12].[H:15][O:18][H:20],47.75849302598528,55.491920103935946,15.808317399617575
YSSNFXZGTOLNNX_115_7-cata2_3,[C:0]([C:1]([O:7][H:11])([H:13])[H:14])(/[C:4](=[C:5](\[C:2]([C:3](=[O:9])[H:15])=[O:8])[H:17])[H:16])([O:6][H:10])[H:12].[O:18]([H:19])[H:20],[C:0]([C:1]([O:7][H:11])([H:13])[H:14])(/[C:4](=[C:5](\[C:2](=[C:3]=[O:9])[O:8][H:19])[H:17])[H:16])([O:6][H:10])[H:12].[H:15][O:18][H:20],47.124708431015954,53.99279990843986,15.808317399617575
YSSNFXZGTOLNNX_134_0-cata_3,[C:0]([C:1]([O:7][H:11])([H:13])[H:14])(/[C:4](=[C:5](\[C:2]([C:3](=[O:9])[H:15])=[O:8])[H:17])[H:16])([O:6][H:10])[H:12].[O:18]([H:19])[H:20],[C:0]1([C:1]([O:7][H:11])([H:13])[H:14])([H:12])[C:4]([C:5]([C:2]([C:3](=[O:9])[H:15])=[O:8])([H:17])[H:19])([H:16])[O:6]1.[H:10][O:18][H:20],42.05129412355531,51.02844503043349,17.589866156787764
YSSNFXZGTOLNNX_174_0-cata_0,[C:0]([C:1]([O:7][H:11])([H:13])[H:14])(/[C:4](=[C:5](\[C:2]([C:3](=[O:9])[H:15])=[O:8])[H:17])[H:16])([O:6][H:10])[H:12].[O:18]([H:19])[H:20],[C:0](=[C:4](/[C:5]([C:2]([C:3](=[O:9])[H:15])=[O:8])([H:17])[H:19])[H:16])(\[O:6][H:10])[H:12].[C:1](=[O:7])([H:13])[H:14].[H:11][O:18][H:20],32.90973572752151,40.34070322645108,16.600382409177797
YSSNFXZGTOLNNX_250_0-cata_0,[C:0]([C:1]([O:7][H:11])([H:13])[H:14])(/[C:4](=[C:5](\[C:2]([C:3](=[O:9])[H:15])=[O:8])[H:17])[H:16])([O:6][H:10])[H:12].[O:18]([H:19])[H:20],[C:0](\[C:1]([O:7][H:11])([H:13])[H:14])(=[C:4]([C:5](=[C:2](\[C:3](=[O:9])[H:15])[O:8][H:19])\[H:17])/[H:16])[O:6][H:10].[H:12][O:18][H:20],26.09372753853744,34.34422244446675,-8.322896749521982
YSSNFXZGTOLNNX_250_0-cata_1,[C:0]([C:1]([O:7][H:11])([H:13])[H:14])(/[C:4](=[C:5](\[C:2]([C:3](=[O:9])[H:15])=[O:8])[H:17])[H:16])([O:6][H:10])[H:12].[O:18]([H:19])[H:20],[C:0](\[C:1]([O:7][H:11])([H:13])[H:14])(=[C:4]([C:5](=[C:2](\[C:3](=[O:9])[H:15])[O:8][H:19])\[H:17])/[H:16])[O:6][H:10].[H:12][O:18][H:20],25.4367250920554,33.693495092968874,-8.322896749521982
YSSNFXZGTOLNNX_255_0-cata1_0,[C:0]([C:1]([O:7][H:11])([H:13])[H:14])(/[C:4](=[C:5](\[C:2]([C:3](=[O:9])[H:15])=[O:8])[H:17])[H:16])([O:6][H:10])[H:12].[O:18]([H:19])[H:20],[C:0]([C:1]([O:7][H:11])([H:13])[H:14])(/[C:4](=[C:5](\[C:2]([C:3]([O:9][H:19])([H:12])[H:15])=[O:8])[H:17])[H:16])=[O:6].[H:10][O:18][H:20],36.52544546652418,45.74858009742336,-13.673996175908218
YSSNFXZGTOLNNX_255_0-cata1_1,[C:0]([C:1]([O:7][H:11])([H:13])[H:14])(/[C:4](=[C:5](\[C:2]([C:3](=[O:9])[H:15])=[O:8])[H:17])[H:16])([O:6][H:10])[H:12].[O:18]([H:19])[H:20],[C:0]([C:1]([O:7][H:11])([H:13])[H:14])(/[C:4](=[C:5](\[C:2]([C:3]([O:9][H:19])([H:12])[H:15])=[O:8])[H:17])[H:16])=[O:6].[H:10][O:18][H:20],26.78336047900843,34.26641126644919,-13.673996175908218
YSSNFXZGTOLNNX_255_0-cata1_4,[C:0]([C:1]([O:7][H:11])([H:13])[H:14])(/[C:4](=[C:5](\[C:2]([C:3](=[O:9])[H:15])=[O:8])[H:17])[H:16])([O:6][H:10])[H:12].[O:18]([H:19])[H:20],[C:0]([C:1]([O:7][H:11])([H:13])[H:14])(/[C:4](=[C:5](\[C:2]([C:3]([O:9][H:19])([H:12])[H:15])=[O:8])[H:17])[H:16])=[O:6].[H:10][O:18][H:20],24.770310003025784,32.82753198294369,-13.673996175908218
YSSNFXZGTOLNNX_280_0-cata1_0,[C:0]([C:1]([O:7][H:11])([H:13])[H:14])(/[C:4](=[C:5](\[C:2]([C:3](=[O:9])[H:15])=[O:8])[H:17])[H:16])([O:6][H:10])[H:12].[O:18]([H:19])[H:20],[C:0]([C:1](=[O:7])[H:14])(/[C:4](=[C:5](\[C:2]([C:3](=[O:9])[H:15])([O:8][H:19])[H:13])[H:17])[H:16])([O:6][H:10])[H:12].[H:11][O:18][H:20],29.809838797571977,37.56146365097671,1.4978489483747734
YSSNFXZGTOLNNX_280_0-cata1_1,[C:0]([C:1]([O:7][H:11])([H:13])[H:14])(/[C:4](=[C:5](\[C:2]([C:3](=[O:9])[H:15])=[O:8])[H:17])[H:16])([O:6][H:10])[H:12].[O:18]([H:19])[H:20],[C:0]([C:1](=[O:7])[H:14])(/[C:4](=[C:5](\[C:2]([C:3](=[O:9])[H:15])([O:8][H:19])[H:13])[H:17])[H:16])([O:6][H:10])[H:12].[H:11][O:18][H:20],32.7654085425292,39.20616605046193,1.4978489483747734
YSSNFXZGTOLNNX_297_0-cata_0,[C:0]([C:1]([O:7][H:11])([H:13])[H:14])(/[C:4](=[C:5](/[C:2]([C:3](=[O:9])[H:15])=[O:8])[H:17])[H:16])([O:6][H:10])[H:12].[O:18]([H:19])[H:20],[C:0]([C:1]([O:7][H:11])([H:13])[H:14])([C:4](=[C:5]=[C:2]1[C:3]([O:9][H:19])([H:15])[O:8]1)[H:16])([O:6][H:10])[H:12].[H:17][O:18][H:20],48.74493795999162,57.45978989596132,41.47394837476097
YSSNFXZGTOLNNX_297_0-cata_3,[C:0]([C:1]([O:7][H:11])([H:13])[H:14])(/[C:4](=[C:5](/[C:2]([C:3](=[O:9])[H:15])=[O:8])[H:17])[H:16])([O:6][H:10])[H:12].[O:18]([H:19])[H:20],[C:0]([C:1]([O:7][H:11])([H:13])[H:14])([C:4](=[C:5]=[C:2]1[C:3]([O:9][H:19])([H:15])[O:8]1)[H:16])([O:6][H:10])[H:12].[H:17][O:18][H:20],46.93206301450296,54.61340680394245,41.47394837476097
YSSNFXZGTOLNNX_2_1-cata1_0,[C:0]([C:1]([O:7][H:11])([H:13])[H:14])(/[C:4](=[C:5](\[C:2]([C:3](=[O:9])[H:15])=[O:8])[H:17])[H:16])([O:6][H:10])[H:12].[O:18]([H:19])[H:20],[C:0]([C:1]([O:7][H:11])([H:13])[H:14])(/[C:4](=[C:5](\[C:2]([C:3](=[O:9])[H:15])([O:8][H:19])[H:12])[H:17])[H:16])=[O:6].[H:10][O:18][H:20],32.87898776195646,39.24946420592396,-6.087954110898656
YSSNFXZGTOLNNX_2_1-cata1_2,[C:0]([C:1]([O:7][H:11])([H:13])[H:14])(/[C:4](=[C:5](\[C:2]([C:3](=[O:9])[H:15])=[O:8])[H:17])[H:16])([O:6][H:10])[H:12].[O:18]([H:19])[H:20],[C:0]([C:1]([O:7][H:11])([H:13])[H:14])(/[C:4](=[C:5](\[C:2]([C:3](=[O:9])[H:15])([O:8][H:19])[H:12])[H:17])[H:16])=[O:6].[H:10][O:18][H:20],33.383505399966786,40.416004366474986,-6.087954110898656
YSSNFXZGTOLNNX_2_1-cata1_3,[C:0]([C:1]([O:7][H:11])([H:13])[H:14])(/[C:4](=[C:5](\[C:2]([C:3](=[O:9])[H:15])=[O:8])[H:17])[H:16])([O:6][H:10])[H:12].[O:18]([H:19])[H:20],[C:0]([C:1]([O:7][H:11])([H:13])[H:14])(/[C:4](=[C:5](\[C:2]([C:3](=[O:9])[H:15])([O:8][H:19])[H:12])[H:17])[H:16])=[O:6].[H:10][O:18][H:20],35.85338279200882,42.0644718229507,-6.087954110898656
YSSNFXZGTOLNNX_313_0-cata_0,[C:0]([C:1]([O:7][H:11])([H:13])[H:14])(/[C:4](=[C:5](\[C:2]([C:3](=[O:9])[H:15])=[O:8])[H:17])[H:16])([O:6][H:10])[H:12].[O:18]([H:19])[H:20],[C:0]1([C:1]([O:7][H:11])([H:13])[H:14])([H:12])[C:4](/[C:5](=[C:2](/[C:3](=[O:9])[H:15])[O:8][H:19])[H:17])([H:16])[O:6]1.[H:10][O:18][H:20],31.405595456038096,40.70716877445326,17.602294455066925
YSSNFXZGTOLNNX_313_0-cata_4,[C:0]([C:1]([O:7][H:11])([H:13])[H:14])(/[C:4](=[C:5](\[C:2]([C:3](=[O:9])[H:15])=[O:8])[H:17])[H:16])([O:6][H:10])[H:12].[O:18]([H:19])[H:20],[C:0]1([C:1]([O:7][H:11])([H:13])[H:14])([H:12])[C:4](/[C:5](=[C:2](/[C:3](=[O:9])[H:15])[O:8][H:19])[H:17])([H:16])[O:6]1.[H:10][O:18][H:20],20.431081810494987,29.53185208898909,17.602294455066925
YSSNFXZGTOLNNX_315_0-cata_0,[C:0]([C:1]([O:7][H:11])([H:13])[H:14])(/[C:4](=[C:5](\[C:2]([C:3](=[O:9])[H:15])=[O:8])[H:17])[H:16])([O:6][H:10])[H:12].[O:18]([H:19])[H:20],[C:0]1([O:6][H:10])([H:12])[C:1]([H:13])([H:14])[O:7][C:4]1(/[C:5](=[C:2](\[C:3](=[O:9])[H:15])[O:8][H:19])[H:17])[H:16].[H:11][O:18][H:20],39.95854994105985,48.88738261648868,10.284416826003817
YSSNFXZGTOLNNX_315_0-cata_1,[C:0]([C:1]([O:7][H:11])([H:13])[H:14])(/[C:4](=[C:5](/[C:2]([C:3](=[O:9])[H:15])=[O:8])[H:17])[H:16])([O:6][H:10])[H:12].[O:18]([H:19])[H:20],[C:0]1([O:6][H:10])([H:12])[C:1]([H:13])([H:14])[O:7][C:4]1(/[C:5](=[C:2](/[C:3](=[O:9])[H:15])[O:8][H:19])[H:17])[H:16].[H:11][O:18][H:20],21.372973569971144,30.821384111443617,10.284416826003817
YSSNFXZGTOLNNX_315_0-cata_2,[C:0]([C:1]([O:7][H:11])([H:13])[H:14])(/[C:4](=[C:5](\[C:2]([C:3](=[O:9])[H:15])=[O:8])[H:17])[H:16])([O:6][H:10])[H:12].[O:18]([H:19])[H:20],[C:0]1([O:6][H:10])([H:12])[C:1]([H:13])([H:14])[O:7][C:4]1(/[C:5](=[C:2](/[C:3](=[O:9])[H:15])[O:8][H:19])[H:17])[H:16].[H:11][O:18][H:20],17.60728906056176,28.95077829195803,10.284416826003817
YSSNFXZGTOLNNX_315_0-cata_3,[C:0]([C:1]([O:7][H:11])([H:13])[H:14])(/[C:4](=[C:5](\[C:2]([C:3](=[O:9])[H:15])=[O:8])[H:17])[H:16])([O:6][H:10])[H:12].[O:18]([H:19])[H:20],[C:0]1([O:6][H:10])([H:12])[C:1]([H:13])([H:14])[O:7][C:4]1(/[C:5](=[C:2](/[C:3](=[O:9])[H:15])[O:8][H:19])[H:17])[H:16].[H:11][O:18][H:20],22.72902159954309,32.22324033447125,10.284416826003817
YSSNFXZGTOLNNX_31_0-cata_0,[C:0]([C:1]([O:7][H:11])([H:13])[H:14])(/[C:4](=[C:5](\[C:2]([C:3](=[O:9])[H:15])=[O:8])[H:17])[H:16])([O:6][H:10])[H:12].[O:18]([H:19])[H:20],[C:0]([C:1]([O:7][H:11])([H:13])[H:14])(=[O:6])[H:12].[C:2]([C:3](=[O:9])[H:15])([C:5](=[C:4]([H:16])[H:19])[H:17])=[O:8].[H:10][O:18][H:20],52.34935252802281,59.979240538449545,16.47060229445507
YSSNFXZGTOLNNX_31_0-cata_2,[C:0]([C:1]([O:7][H:11])([H:13])[H:14])(/[C:4](=[C:5](\[C:2]([C:3](=[O:9])[H:15])=[O:8])[H:17])[H:16])([O:6][H:10])[H:12].[O:18]([H:19])[H:20],[C:0]([C:1]([O:7][H:11])([H:13])[H:14])(=[O:6])[H:12].[C:2]([C:3](=[O:9])[H:15])([C:5](=[C:4]([H:16])[H:19])[H:17])=[O:8].[H:10][O:18][H:20],52.64930206905025,58.45627498194233,16.47060229445507
YSSNFXZGTOLNNX_35_0-cata_2,[C:0]([C:1]([O:7][H:11])([H:13])[H:14])(/[C:4](=[C:5](\[C:2]([C:3](=[O:9])[H:15])=[O:8])[H:17])[H:16])([O:6][H:10])[H:12].[O:18]([H:19])[H:20],[C:0](=[C:1](\[O:7][H:11])[H:14])(\[C:4](=[C:5](/[C:2]([C:3](=[O:9])[H:15])=[O:8])[H:17])[H:16])[H:12].[H:13][O:18][H:20].[O:6]([H:10])[H:19],48.123076045492205,52.50999495997393,2.591061185468453
YSSNFXZGTOLNNX_39_1-cata_0,[C:0]([C:1]([O:7][H:11])([H:13])[H:14])(/[C:4](=[C:5](\[C:2]([C:3](=[O:9])[H:15])=[O:8])[H:17])[H:16])([O:6][H:10])[H:12].[O:18]([H:19])[H:20],[C:0]1([C:1]([O:7][H:11])([H:13])[H:14])([H:12])[C:4]([H:16])=[C:5]([H:17])[C:2]([C:3](=[O:9])[H:15])([O:8][H:19])[O:6]1.[H:10][O:18][H:20],14.359299888486754,24.46847793343176,-3.5530592734225586
YSSNFXZGTOLNNX_39_1-cata_1,[C:0]([C:1]([O:7][H:11])([H:13])[H:14])(/[C:4](=[C:5](\[C:2]([C:3](=[O:9])[H:15])=[O:8])[H:17])[H:16])([O:6][H:10])[H:12].[O:18]([H:19])[H:20],[C:0]1([C:1]([O:7][H:11])([H:13])[H:14])([H:12])[C:4]([H:16])=[C:5]([H:17])[C:2]([C:3](=[O:9])[H:15])([O:8][H:19])[O:6]1.[H:10][O:18][H:20],17.291024272504178,25.846488795448256,-3.5530592734225586
YSSNFXZGTOLNNX_41_1-cata_0,[C:0]([C:1]([O:7][H:11])([H:13])[H:14])(/[C:4](=[C:5](\[C:2]([C:3](=[O:9])[H:15])=[O:8])[H:17])[H:16])([O:6][H:10])[H:12].[O:18]([H:19])[H:20],[C:0]1([C:1]([O:7][H:11])([H:13])[H:14])([H:12])[C:4]([H:16])=[C:5]([H:17])[C:2](=[O:8])[C:3]([O:9][H:19])([H:15])[O:6]1.[H:10][O:18][H:20],11.096877998019528,23.16827824943283,-12.06835564053538
YSSNFXZGTOLNNX_41_1-cata_1,[C:0]([C:1]([O:7][H:11])([H:13])[H:14])(/[C:4](=[C:5](\[C:2]([C:3](=[O:9])[H:15])=[O:8])[H:17])[H:16])([O:6][H:10])[H:12].[O:18]([H:19])[H:20],[C:0]1([C:1]([O:7][H:11])([H:13])[H:14])([H:12])[C:4]([H:16])=[C:5]([H:17])[C:2](=[O:8])[C:3]([O:9][H:19])([H:15])[O:6]1.[H:10][O:18][H:20],8.734304730491928,20.957562280949865,-12.06835564053538
YSSNFXZGTOLNNX_57_0-cata_1,[C:0]([C:1]([O:7][H:11])([H:13])[H:14])(/[C:4](=[C:5](\[C:2]([C:3](=[O:9])[H:15])=[O:8])[H:17])[H:16])([O:6][H:10])[H:12].[O:18]([H:19])[H:20],[C:0]1([C:1]([O:7][H:11])([H:13])[H:14])([O:6][H:10])[C:3]([O:9][H:19])([H:15])[C:2](=[O:8])[C:5]([H:17])=[C:4]1[H:16].[H:12][O:18][H:20],47.994436598031626,58.94886993948276,-19.279397705544923
YSSNFXZGTOLNNX_70_1-cata_0,[C:0]([C:1]([O:7][H:11])([H:13])[H:14])(/[C:4](=[C:5](\[C:2]([C:3](=[O:9])[H:15])=[O:8])[H:17])[H:16])([O:6][H:10])[H:12].[O:18]([H:19])[H:20],[C:0]1([O:6][H:10])([H:12])[C:1]([H:13])([H:14])[O:7][C:2]([C:3](=[O:9])[H:15])([O:8][H:19])[C:5]([H:17])=[C:4]1[H:16].[H:11][O:18][H:20],21.820387843482965,32.27846117047451,-5.263384321223721
YSSNFXZGTOLNNX_70_1-cata_1,[C:0]([C:1]([O:7][H:11])([H:13])[H:14])(/[C:4](=[C:5](\[C:2]([C:3](=[O:9])[H:15])=[O:8])[H:17])[H:16])([O:6][H:10])[H:12].[O:18]([H:19])[H:20],[C:0]1([O:6][H:10])([H:12])[C:1]([H:13])([H:14])[O:7][C:2]([C:3](=[O:9])[H:15])([O:8][H:19])[C:5]([H:17])=[C:4]1[H:16].[H:11][O:18][H:20],18.07101858103239,28.707932115429102,-5.263384321223721
YSSNFXZGTOLNNX_70_1-cata_2,[C:0]([C:1]([O:7][H:11])([H:13])[H:14])(/[C:4](=[C:5](\[C:2]([C:3](=[O:9])[H:15])=[O:8])[H:17])[H:16])([O:6][H:10])[H:12].[O:18]([H:19])[H:20],[C:0]1([O:6][H:10])([H:12])[C:1]([H:13])([H:14])[O:7][C:2]([C:3](=[O:9])[H:15])([O:8][H:19])[C:5]([H:17])=[C:4]1[H:16].[H:11][O:18][H:20],17.488689765004498,27.11029292846774,-5.263384321223721
YSSNFXZGTOLNNX_70_1-cata_3,[C:0]([C:1]([O:7][H:11])([H:13])[H:14])(/[C:4](=[C:5](\[C:2]([C:3](=[O:9])[H:15])=[O:8])[H:17])[H:16])([O:6][H:10])[H:12].[O:18]([H:19])[H:20],[C:0]1([O:6][H:10])([H:12])[C:1]([H:13])([H:14])[O:7][C:2]([C:3](=[O:9])[H:15])([O:8][H:19])[C:5]([H:17])=[C:4]1[H:16].[H:11][O:18][H:20],15.78688400102077,25.99081598044056,-5.263384321223721
YSSNFXZGTOLNNX_70_1-cata_4,[C:0]([C:1]([O:7][H:11])([H:13])[H:14])(/[C:4](=[C:5](\[C:2]([C:3](=[O:9])[H:15])=[O:8])[H:17])[H:16])([O:6][H:10])[H:12].[O:18]([H:19])[H:20],[C:0]1([O:6][H:10])([H:12])[C:1]([H:13])([H:14])[O:7][C:2]([C:3](=[O:9])[H:15])([O:8][H:19])[C:5]([H:17])=[C:4]1[H:16].[H:11][O:18][H:20],14.48480178852659,24.470987971425423,-5.263384321223721
YSSNFXZGTOLNNX_72_1-cata_0,[C:0]([C:1]([O:7][H:11])([H:13])[H:14])(/[C:4](=[C:5](\[C:2]([C:3](=[O:9])[H:15])=[O:8])[H:17])[H:16])([O:6][H:10])[H:12].[O:18]([H:19])[H:20],[C:0]1([O:6][H:10])([H:12])[C:1]([H:13])([H:14])[O:7][C:3]([O:9][H:19])([H:15])[C:2](=[O:8])[C:5]([H:17])=[C:4]1[H:16].[H:11][O:18][H:20],18.591851466001525,29.63601866594012,-10.102294455066929
YSSNFXZGTOLNNX_72_1-cata_1,[C:0]([C:1]([O:7][H:11])([H:13])[H:14])(/[C:4](=[C:5](\[C:2]([C:3](=[O:9])[H:15])=[O:8])[H:17])[H:16])([O:6][H:10])[H:12].[O:18]([H:19])[H:20],[C:0]1([O:6][H:10])([H:12])[C:1]([H:13])([H:14])[O:7][C:3]([O:9][H:19])([H:15])[C:2](=[O:8])[C:5]([H:17])=[C:4]1[H:16].[H:11][O:18][H:20],13.977146603024185,25.888531931984787,-10.102294455066929
YSSNFXZGTOLNNX_86_0-cata_0,[C:0]([C:1]([O:7][H:11])([H:13])[H:14])(/[C:4](=[C:5](\[C:2]([C:3](=[O:9])[H:15])=[O:8])[H:17])[H:16])([O:6][H:10])[H:12].[O:18]([H:19])[H:20],[C:0]1([O:6][H:10])([H:12])[C:1]([O:7][H:11])([H:14])[C:2]([C:3](=[O:9])[H:15])([O:8][H:19])[C:5]([H:17])=[C:4]1[H:16].[H:13][O:18][H:20],52.18682756750511,62.5225365419489,-11.009082217973233
YSSNFXZGTOLNNX_86_0-cata_1,[C:0]([C:1]([O:7][H:11])([H:13])[H:14])(/[C:4](=[C:5](\[C:2]([C:3](=[O:9])[H:15])=[O:8])[H:17])[H:16])([O:6][H:10])[H:12].[O:18]([H:19])[H:20],[C:0]1([O:6][H:10])([H:12])[C:1]([O:7][H:11])([H:14])[C:2]([C:3](=[O:9])[H:15])([O:8][H:19])[C:5]([H:17])=[C:4]1[H:16].[H:13][O:18][H:20],59.6692508455188,67.88586023846233,-11.009082217973233
YSSNFXZGTOLNNX_88_0-cata_4,[C:0]([C:1]([O:7][H:11])([H:13])[H:14])(/[C:4](=[C:5](\[C:2]([C:3](=[O:9])[H:15])=[O:8])[H:17])[H:16])([O:6][H:10])[H:12].[O:18]([H:19])[H:20],[C:0]1([O:6][H:10])([H:12])[C:1]([O:7][H:11])([H:14])[C:3]([O:9][H:19])([H:15])[C:2](=[O:8])[C:5]([H:17])=[C:4]1[H:16].[H:13][O:18][H:20],58.017645841551,67.79424385147962,-19.34775334608031
ZGCHLOWZNKRZSN_104_1-cata_2,[C:0]([C:1]([C:3]([C:4]([C:5](=[O:10])[H:20])=[O:9])([H:18])[H:19])([O:7][H:12])[H:15])([C:2]([O:8][H:13])([H:16])[H:17])([O:6][H:11])[H:14].[O:21]([H:22])[H:23],[C:0]([C:1]1([H:15])[C:3]([H:18])([H:19])[C:4]([C:5](=[O:10])[H:20])([O:9][H:22])[O:7]1)([C:2]([O:8][H:13])([H:16])[H:17])([O:6][H:11])[H:14].[H:12][O:21][H:23],19.36494317004716,28.87233960444205,13.494024856596573
ZGCHLOWZNKRZSN_104_1-cata_3,[C:0]([C:1]([C:3]([C:4]([C:5](=[O:10])[H:20])=[O:9])([H:18])[H:19])([O:7][H:12])[H:15])([C:2]([O:8][H:13])([H:16])[H:17])([O:6][H:11])[H:14].[O:21]([H:22])[H:23],[C:0]([C:1]1([H:15])[C:3]([H:18])([H:19])[C:4]([C:5](=[O:10])[H:20])([O:9][H:22])[O:7]1)([C:2]([O:8][H:13])([H:16])[H:17])([O:6][H:11])[H:14].[H:12][O:21][H:23],24.95479779605937,33.13814918544419,13.494024856596573
ZGCHLOWZNKRZSN_104_1-cata_4,[C:0]([C:1]([C:3]([C:4]([C:5](=[O:10])[H:20])=[O:9])([H:18])[H:19])([O:7][H:12])[H:15])([C:2]([O:8][H:13])([H:16])[H:17])([O:6][H:11])[H:14].[O:21]([H:22])[H:23],[C:0]([C:1]1([H:15])[C:3]([H:18])([H:19])[C:4]([C:5](=[O:10])[H:20])([O:9][H:22])[O:7]1)([C:2]([O:8][H:13])([H:16])[H:17])([O:6][H:11])[H:14].[H:12][O:21][H:23],25.830801058059205,33.96520670649626,13.494024856596573
ZGCHLOWZNKRZSN_106_1-cata_0,[C:0]([C:1]([C:3]([C:4]([C:5](=[O:10])[H:20])=[O:9])([H:18])[H:19])([O:7][H:12])[H:15])([C:2]([O:8][H:13])([H:16])[H:17])([O:6][H:11])[H:14].[O:21]([H:22])[H:23],[C:0]([C:1]1([H:15])[C:3]([H:18])([H:19])[C:4](=[O:9])[C:5]([O:10][H:22])([H:20])[O:7]1)([C:2]([O:8][H:13])([H:16])[H:17])([O:6][H:11])[H:14].[H:12][O:21][H:23],16.204177818537296,26.00964126546437,-5.449091778202671
ZGCHLOWZNKRZSN_106_1-cata_1,[C:0]([C:1]([C:3]([C:4]([C:5](=[O:10])[H:20])=[O:9])([H:18])[H:19])([O:7][H:12])[H:15])([C:2]([O:8][H:13])([H:16])[H:17])([O:6][H:11])[H:14].[O:21]([H:22])[H:23],[C:0]([C:1]1([H:15])[C:3]([H:18])([H:19])[C:4](=[O:9])[C:5]([O:10][H:22])([H:20])[O:7]1)([C:2]([O:8][H:13])([H:16])[H:17])([O:6][H:11])[H:14].[H:12][O:21][H:23],12.275340839040457,22.066371567432636,-5.449091778202671
ZGCHLOWZNKRZSN_106_1-cata_3,[C:0]([C:1]([C:3]([C:4]([C:5](=[O:10])[H:20])=[O:9])([H:18])[H:19])([O:7][H:12])[H:15])([C:2]([O:8][H:13])([H:16])[H:17])([O:6][H:11])[H:14].[O:21]([H:22])[H:23],[C:0]([C:1]1([H:15])[C:3]([H:18])([H:19])[C:4](=[O:9])[C:5]([O:10][H:22])([H:20])[O:7]1)([C:2]([O:8][H:13])([H:16])[H:17])([O:6][H:11])[H:14].[H:12][O:21][H:23],15.890423068544717,24.445887591488795,-5.449091778202671
ZGCHLOWZNKRZSN_134_1-cata_1,[C:0]([C:1]([C:3]([C:4]([C:5](=[O:10])[H:20])=[O:9])([H:18])[H:19])([O:7][H:12])[H:15])([C:2]([O:8][H:13])([H:16])[H:17])([O:6][H:11])[H:14].[O:21]([H:22])[H:23],[C:0]1([O:6][H:11])([H:14])[C:1]([O:7][H:12])([H:15])[C:3]([H:18])([H:19])[C:4]([C:5](=[O:10])[H:20])([O:9][H:22])[O:8][C:2]1([H:16])[H:17].[H:13][O:21][H:23],11.04416720000993,22.173048182448657,-5.020315487571728
ZGCHLOWZNKRZSN_134_1-cata_2,[C:0]([C:1]([C:3]([C:4]([C:5](=[O:10])[H:20])=[O:9])([H:18])[H:19])([O:7][H:12])[H:15])([C:2]([O:8][H:13])([H:16])[H:17])([O:6][H:11])[H:14].[O:21]([H:22])[H:23],[C:0]1([O:6][H:11])([H:14])[C:1]([O:7][H:12])([H:15])[C:3]([H:18])([H:19])[C:4]([C:5](=[O:10])[H:20])([O:9][H:22])[O:8][C:2]1([H:16])[H:17].[H:13][O:21][H:23],13.76567590155872,23.566746781996887,-5.020315487571728
ZGCHLOWZNKRZSN_134_1-cata_3,[C:0]([C:1]([C:3]([C:4]([C:5](=[O:10])[H:20])=[O:9])([H:18])[H:19])([O:7][H:12])[H:15])([C:2]([O:8][H:13])([H:16])[H:17])([O:6][H:11])[H:14].[O:21]([H:22])[H:23],[C:0]1([O:6][H:11])([H:14])[C:1]([O:7][H:12])([H:15])[C:3]([H:18])([H:19])[C:4]([C:5](=[O:10])[H:20])([O:9][H:22])[O:8][C:2]1([H:16])[H:17].[H:13][O:21][H:23],18.156359873030944,26.551181963952565,-5.020315487571728
ZGCHLOWZNKRZSN_136_1-cata_0,[C:0]([C:1]([C:3]([C:4]([C:5](=[O:10])[H:20])=[O:9])([H:18])[H:19])([O:7][H:12])[H:15])([C:2]([O:8][H:13])([H:16])[H:17])([O:6][H:11])[H:14].[O:21]([H:22])[H:23],[C:0]1([O:6][H:11])([H:14])[C:1]([O:7][H:12])([H:15])[C:3]([H:18])([H:19])[C:4](=[O:9])[C:5]([O:10][H:22])([H:20])[O:8][C:2]1([H:16])[H:17].[H:13][O:21][H:23],14.159124358064112,25.30996817294739,-6.960325047801164
ZGCHLOWZNKRZSN_136_1-cata_2,[C:0]([C:1]([C:3]([C:4]([C:5](=[O:10])[H:20])=[O:9])([H:18])[H:19])([O:7][H:12])[H:15])([C:2]([O:8][H:13])([H:16])[H:17])([O:6][H:11])[H:14].[O:21]([H:22])[H:23],[C:0]1([O:6][H:11])([H:14])[C:1]([O:7][H:12])([H:15])[C:3]([H:18])([H:19])[C:4](=[O:9])[C:5]([O:10][H:22])([H:20])[O:8][C:2]1([H:16])[H:17].[H:13][O:21][H:23],10.160006314530696,21.04290357294841,-6.960325047801164
ZGCHLOWZNKRZSN_165_0-cata_0,[C:0]([C:1]([C:3]([C:4]([C:5](=[O:10])[H:20])=[O:9])([H:18])[H:19])([O:7][H:12])[H:15])([C:2]([O:8][H:13])([H:16])[H:17])([O:6][H:11])[H:14].[O:21]([H:22])[H:23],[C:0]([C:1](/[C:3](=[C:4](\[C:5](=[O:10])[H:20])[O:9][H:22])[H:19])([O:7][H:12])[H:15])([C:2]([O:8][H:13])([H:16])[H:17])([O:6][H:11])[H:14].[H:18][O:21][H:23],32.59660848709868,40.83957327897567,4.704827915869967
ZGCHLOWZNKRZSN_165_0-cata_1,[C:0]([C:1]([C:3]([C:4]([C:5](=[O:10])[H:20])=[O:9])([H:18])[H:19])([O:7][H:12])[H:15])([C:2]([O:8][H:13])([H:16])[H:17])([O:6][H:11])[H:14].[O:21]([H:22])[H:23],[C:0]([C:1](/[C:3](=[C:4](\[C:5](=[O:10])[H:20])[O:9][H:22])[H:19])([O:7][H:12])[H:15])([C:2]([O:8][H:13])([H:16])[H:17])([O:6][H:11])[H:14].[H:18][O:21][H:23],31.448266102001703,39.39818395747651,4.704827915869967
ZGCHLOWZNKRZSN_165_0-cata_2,[C:0]([C:1]([C:3]([C:4]([C:5](=[O:10])[H:20])=[O:9])([H:18])[H:19])([O:7][H:12])[H:15])([C:2]([O:8][H:13])([H:16])[H:17])([O:6][H:11])[H:14].[O:21]([H:22])[H:23],[C:0]([C:1](/[C:3](=[C:4](\[C:5](=[O:10])[H:20])[O:9][H:22])[H:19])([O:7][H:12])[H:15])([C:2]([O:8][H:13])([H:16])[H:17])([O:6][H:11])[H:14].[H:18][O:21][H:23],30.80193131706407,38.785107175954906,4.704827915869967
ZGCHLOWZNKRZSN_165_0-cata_3,[C:0]([C:1]([C:3]([C:4]([C:5](=[O:10])[H:20])=[O:9])([H:18])[H:19])([O:7][H:12])[H:15])([C:2]([O:8][H:13])([H:16])[H:17])([O:6][H:11])[H:14].[O:21]([H:22])[H:23],[C:0]([C:1](/[C:3](=[C:4](\[C:5](=[O:10])[H:20])[O:9][H:22])[H:19])([O:7][H:12])[H:15])([C:2]([O:8][H:13])([H:16])[H:17])([O:6][H:11])[H:14].[H:18][O:21][H:23],30.279215903599688,38.04150841847749,4.704827915869967
ZGCHLOWZNKRZSN_165_5-cata2_0,[C:0]([C:1]([C:3]([C:4]([C:5](=[O:10])[H:20])=[O:9])([H:18])[H:19])([O:7][H:12])[H:15])([C:2]([O:8][H:13])([H:16])[H:17])([O:6][H:11])[H:14].[O:21]([H:22])[H:23],[C:0]([C:1](/[C:3](=[C:4](\[C:5](=[O:10])[H:20])[O:9][H:22])[H:19])([O:7][H:12])[H:15])([C:2]([O:8][H:13])([H:16])[H:17])([O:6][H:11])[H:14].[H:18][O:21][H:23],35.01628511905345,42.96055538897117,4.704827915869967
ZGCHLOWZNKRZSN_165_5-cata2_2,[C:0]([C:1]([C:3]([C:4]([C:5](=[O:10])[H:20])=[O:9])([H:18])[H:19])([O:7][H:12])[H:15])([C:2]([O:8][H:13])([H:16])[H:17])([O:6][H:11])[H:14].[O:21]([H:22])[H:23],[C:0]([C:1](/[C:3](=[C:4](\[C:5](=[O:10])[H:20])[O:9][H:22])[H:19])([O:7][H:12])[H:15])([C:2]([O:8][H:13])([H:16])[H:17])([O:6][H:11])[H:14].[H:18][O:21][H:23],33.54854039854949,41.90633942899325,4.704827915869967
ZGCHLOWZNKRZSN_165_5-cata2_4,[C:0]([C:1]([C:3]([C:4]([C:5](=[O:10])[H:20])=[O:9])([H:18])[H:19])([O:7][H:12])[H:15])([C:2]([O:8][H:13])([H:16])[H:17])([O:6][H:11])[H:14].[O:21]([H:22])[H:23],[C:0]([C:1](/[C:3](=[C:4](\[C:5](=[O:10])[H:20])[O:9][H:22])[H:19])([O:7][H:12])[H:15])([C:2]([O:8][H:13])([H:16])[H:17])([O:6][H:11])[H:14].[H:18][O:21][H:23],31.69236729752746,40.26916714348901,4.704827915869967
ZGCHLOWZNKRZSN_165_6-cata2_0,[C:0]([C:1]([C:3]([C:4]([C:5](=[O:10])[H:20])=[O:9])([H:18])[H:19])([O:7][H:12])[H:15])([C:2]([O:8][H:13])([H:16])[H:17])([O:6][H:11])[H:14].[O:21]([H:22])[H:23],[C:0]([C:1](/[C:3](=[C:4](/[C:5](=[O:10])[H:20])[O:9][H:22])[H:19])([O:7][H:12])[H:15])([C:2]([O:8][H:13])([H:16])[H:17])([O:6][H:11])[H:14].[H:18][O:21][H:23],35.955039331037526,45.00686386844119,4.704827915869967
ZGCHLOWZNKRZSN_165_6-cata2_4,[C:0]([C:1]([C:3]([C:4]([C:5](=[O:10])[H:20])=[O:9])([H:18])[H:19])([O:7][H:12])[H:15])([C:2]([O:8][H:13])([H:16])[H:17])([O:6][H:11])[H:14].[O:21]([H:22])[H:23],[C:0]([C:1](/[C:3](=[C:4](/[C:5](=[O:10])[H:20])[O:9][H:22])[H:19])([O:7][H:12])[H:15])([C:2]([O:8][H:13])([H:16])[H:17])([O:6][H:11])[H:14].[H:18][O:21][H:23],25.96132303408637,35.48691724393531,4.704827915869967
ZGCHLOWZNKRZSN_173_0-cata_1,[C:0]([C:1]([C:3]([C:4]([C:5](=[O:10])[H:20])=[O:9])([H:18])[H:19])([O:7][H:12])[H:15])([C:2]([O:8][H:13])([H:16])[H:17])([O:6][H:11])[H:14].[O:21]([H:22])[H:23],[C:0]([C:1]([C:3]([C:4](=[O:9])[H:22])([H:18])[H:19])([O:7][H:12])[H:15])([C:2]([O:8][H:13])([H:16])[H:17])([O:6][C:5](=[O:10])[H:20])[H:14].[H:11][O:21][H:23],58.25045186603394,66.323989092982,-7.405353728489465
ZGCHLOWZNKRZSN_259_0-cata_3,[C:0]([C:1]([C:3]([C:4]([C:5](=[O:10])[H:20])=[O:9])([H:18])[H:19])([O:7][H:12])[H:15])([C:2]([O:8][H:13])([H:16])[H:17])([O:6][H:11])[H:14].[O:21]([H:22])[H:23],[C:0](\[C:1]([C:3]([C:4]([C:5]([O:6][H:11])([O:10][H:22])[H:20])=[O:9])([H:18])[H:19])([O:7][H:12])[H:15])(=[C:2](/[O:8][H:13])[H:17])[H:14].[H:16][O:21][H:23],46.23301743155573,55.76802428395225,1.2045889101338345
ZGCHLOWZNKRZSN_292_0-cata1_2,[C:0]([C:1]([C:3]([C:4]([C:5](=[O:10])[H:20])=[O:9])([H:18])[H:19])([O:7][H:12])[H:15])([C:2]([O:8][H:13])([H:16])[H:17])([O:6][H:11])[H:14].[O:21]([H:22])[H:23],[C:0]([C:1]([C:3]([C:4]([C:5](=[O:10])[H:20])([O:9][H:22])[H:14])([H:18])[H:19])([O:7][H:12])[H:15])([C:2]([O:8][H:13])([H:16])[H:17])=[O:6].[H:11][O:21][H:23],27.93546792102456,35.27670156146667,-3.3580305927342144
ZGCHLOWZNKRZSN_292_0-cata1_4,[C:0]([C:1]([C:3]([C:4]([C:5](=[O:10])[H:20])=[O:9])([H:18])[H:19])([O:7][H:12])[H:15])([C:2]([O:8][H:13])([H:16])[H:17])([O:6][H:11])[H:14].[O:21]([H:22])[H:23],[C:0]([C:1]([C:3]([C:4]([C:5](=[O:10])[H:20])([O:9][H:22])[H:14])([H:18])[H:19])([O:7][H:12])[H:15])([C:2]([O:8][H:13])([H:16])[H:17])=[O:6].[H:11][O:21][H:23],27.707681972528945,34.467841815940005,-3.3580305927342144
ZGCHLOWZNKRZSN_293_0-cata1_1,[C:0]([C:1]([C:3]([C:4]([C:5](=[O:10])[H:20])=[O:9])([H:18])[H:19])([O:7][H:12])[H:15])([C:2]([O:8][H:13])([H:16])[H:17])([O:6][H:11])[H:14].[O:21]([H:22])[H:23],[C:0]([C:1]([C:3]([C:4]([C:5]([O:10][H:22])([H:14])[H:20])=[O:9])([H:18])[H:19])([O:7][H:12])[H:15])([C:2]([O:8][H:13])([H:16])[H:17])=[O:6].[H:11][O:21][H:23],30.19763966852029,37.30606728447947,-6.155831739961779
ZGCHLOWZNKRZSN_293_0-cata1_3,[C:0]([C:1]([C:3]([C:4]([C:5](=[O:10])[H:20])=[O:9])([H:18])[H:19])([O:7][H:12])[H:15])([C:2]([O:8][H:13])([H:16])[H:17])([O:6][H:11])[H:14].[O:21]([H:22])[H:23],[C:0]([C:1]([C:3]([C:4]([C:5]([O:10][H:22])([H:14])[H:20])=[O:9])([H:18])[H:19])([O:7][H:12])[H:15])([C:2]([O:8][H:13])([H:16])[H:17])=[O:6].[H:11][O:21][H:23],28.327033849034702,35.43295142692888,-6.155831739961779
ZGCHLOWZNKRZSN_293_0-cata1_4,[C:0]([C:1]([C:3]([C:4]([C:5](=[O:10])[H:20])=[O:9])([H:18])[H:19])([O:7][H:12])[H:15])([C:2]([O:8][H:13])([H:16])[H:17])([O:6][H:11])[H:14].[O:21]([H:22])[H:23],[C:0]([C:1]([C:3]([C:4]([C:5]([O:10][H:22])([H:14])[H:20])=[O:9])([H:18])[H:19])([O:7][H:12])[H:15])([C:2]([O:8][H:13])([H:16])[H:17])=[O:6].[H:11][O:21][H:23],27.385769599056964,33.194625040444286,-6.155831739961779
ZGCHLOWZNKRZSN_293_1-cata1_1,[C:0]([C:1]([C:3]([C:4]([C:5](=[O:10])[H:20])=[O:9])([H:18])[H:19])([O:7][H:12])[H:15])([C:2]([O:8][H:13])([H:16])[H:17])([O:6][H:11])[H:14].[O:21]([H:22])[H:23],[C:0]([C:1]([C:3]([C:4]([C:5]([O:10][H:22])([H:14])[H:20])=[O:9])([H:18])[H:19])([O:7][H:12])[H:15])([C:2]([O:8][H:13])([H:16])[H:17])=[O:6].[H:11][O:21][H:23],30.31686647357597,37.8105849224898,-6.155831739961779
ZGCHLOWZNKRZSN_29_1-cata1_0,[C:0]([C:1]([C:3]([C:4]([C:5](=[O:10])[H:20])=[O:9])([H:18])[H:19])([O:7][H:12])[H:15])([C:2]([O:8][H:13])([H:16])[H:17])([O:6][H:11])[H:14].[O:21]([H:22])[H:23],[C:0]([C:1]([C:3]([C:4]([C:5]([O:10][H:22])([H:16])[H:20])=[O:9])([H:18])[H:19])([O:7][H:12])[H:15])([C:2](=[O:8])[H:17])([O:6][H:11])[H:14].[H:13][O:21][H:23],25.73981218057491,34.1107889104854,-1.6290630975143476
ZGCHLOWZNKRZSN_29_1-cata1_2,[C:0]([C:1]([C:3]([C:4]([C:5](=[O:10])[H:20])=[O:9])([H:18])[H:19])([O:7][H:12])[H:15])([C:2]([O:8][H:13])([H:16])[H:17])([O:6][H:11])[H:14].[O:21]([H:22])[H:23],[C:0]([C:1]([C:3]([C:4]([C:5]([O:10][H:22])([H:16])[H:20])=[O:9])([H:18])[H:19])([O:7][H:12])[H:15])([C:2](=[O:8])[H:17])([O:6][H:11])[H:14].[H:13][O:21][H:23],27.722742200490924,34.89015570944385,-1.6290630975143476
ZGCHLOWZNKRZSN_29_2-cata1_3,[C:0]([C:1]([C:3]([C:4]([C:5](=[O:10])[H:20])=[O:9])([H:18])[H:19])([O:7][H:12])[H:15])([C:2]([O:8][H:13])([H:16])[H:17])([O:6][H:11])[H:14].[O:21]([H:22])[H:23],[C:0]([C:1]([C:3]([C:4]([C:5]([O:10][H:22])([H:16])[H:20])=[O:9])([H:18])[H:19])([O:7][H:12])[H:15])([C:2](=[O:8])[H:17])([O:6][H:11])[H:14].[H:13][O:21][H:23],29.21433228207736,37.03059061396159,-1.6290630975143476
ZGCHLOWZNKRZSN_29_2-cata1_4,[C:0]([C:1]([C:3]([C:4]([C:5](=[O:10])[H:20])=[O:9])([H:18])[H:19])([O:7][H:12])[H:15])([C:2]([O:8][H:13])([H:16])[H:17])([O:6][H:11])[H:14].[O:21]([H:22])[H:23],[C:0]([C:1]([C:3]([C:4]([C:5]([O:10][H:22])([H:16])[H:20])=[O:9])([H:18])[H:19])([O:7][H:12])[H:15])([C:2](=[O:8])[H:17])([O:6][H:11])[H:14].[H:13][O:21][H:23],31.208557473036198,38.32075014598586,-1.6290630975143476
ZGCHLOWZNKRZSN_328_0-cata1_0,[C:0]([C:1]([C:3]([C:4]([C:5](=[O:10])[H:20])=[O:9])([H:18])[H:19])([O:7][H:12])[H:15])([C:2]([O:8][H:13])([H:16])[H:17])([O:6][H:11])[H:14].[O:21]([H:22])[H:23],[C:0](/[C:1](=[C:3](/[C:4]([C:5](=[O:10])[H:20])([O:9][H:22])[H:18])[H:19])[O:7][H:12])([C:2]([O:8][H:13])([H:16])[H:17])([O:6][H:11])[H:14].[H:15][O:21][H:23],66.84795952551455,73.35146798343153,9.980162523900589
ZGCHLOWZNKRZSN_334_0-cata1_0,[C:0]([C:1]([C:3]([C:4]([C:5](=[O:10])[H:20])=[O:9])([H:18])[H:19])([O:7][H:12])[H:15])([C:2]([O:8][H:13])([H:16])[H:17])([O:6][H:11])[H:14].[O:21]([H:22])[H:23],[C:0]([C:1]([C:3]([C:4]([C:5]([O:10][H:22])([H:15])[H:20])=[O:9])([H:18])[H:19])=[O:7])([C:2]([O:8][H:13])([H:16])[H:17])([O:6][H:11])[H:14].[H:12][O:21][H:23],31.047915041013734,39.99620051096479,-2.0874760994263677
ZGCHLOWZNKRZSN_334_0-cata1_1,[C:0]([C:1]([C:3]([C:4]([C:5](=[O:10])[H:20])=[O:9])([H:18])[H:19])([O:7][H:12])[H:15])([C:2]([O:8][H:13])([H:16])[H:17])([O:6][H:11])[H:14].[O:21]([H:22])[H:23],[C:0]([C:1]([C:3]([C:4]([C:5]([O:10][H:22])([H:15])[H:20])=[O:9])([H:18])[H:19])=[O:7])([C:2]([O:8][H:13])([H:16])[H:17])([O:6][H:11])[H:14].[H:12][O:21][H:23],27.068877301572304,33.74934343847055,-2.0874760994263677
ZGCHLOWZNKRZSN_345_0-cata_3,[C:0]([C:1]([C:3]([C:4]([C:5](=[O:10])[H:20])=[O:9])([H:18])[H:19])([O:7][H:12])[H:15])([C:2]([O:8][H:13])([H:16])[H:17])([O:6][H:11])[H:14].[O:21]([H:22])[H:23],[C:0]1([O:6][H:11])([H:14])[C:1]([O:7][H:12])([H:15])[C:3]([H:18])([H:19])/[C:4](=[C:5](\[O:10][H:22])[H:20])[O:9][C:2]1([O:8][H:13])[H:17].[H:16][O:21][H:23],57.50936314655018,66.40180027092822,1.7956500956022752
ZGCHLOWZNKRZSN_348_0-cata1_0,[C:0]([C:1]([C:3]([C:4]([C:5](=[O:10])[H:20])=[O:9])([H:18])[H:19])([O:7][H:12])[H:15])([C:2]([O:8][H:13])([H:16])[H:17])([O:6][H:11])[H:14].[O:21]([H:22])[H:23],[C:0]([C:1]([C:3]([C:4]([C:5](=[O:10])[H:20])([O:9][H:22])[H:16])([H:18])[H:19])([O:7][H:12])[H:15])([C:2](=[O:8])[H:17])([O:6][H:11])[H:14].[H:13][O:21][H:23],35.559708346036885,45.835176408490085,1.1684990439770306
ZGCHLOWZNKRZSN_348_0-cata1_2,[C:0]([C:1]([C:3]([C:4]([C:5](=[O:10])[H:20])=[O:9])([H:18])[H:19])([O:7][H:12])[H:15])([C:2]([O:8][H:13])([H:16])[H:17])([O:6][H:11])[H:14].[O:21]([H:22])[H:23],[C:0]([C:1]([C:3]([C:4]([C:5](=[O:10])[H:20])([O:9][H:22])[H:16])([H:18])[H:19])([O:7][H:12])[H:15])([C:2](=[O:8])[H:17])([O:6][H:11])[H:14].[H:13][O:21][H:23],24.67116350206209,33.05469042194089,1.1684990439770306
ZGCHLOWZNKRZSN_44_0-cata_2,[C:0]([C:1]([C:3]([C:4]([C:5](=[O:10])[H:20])=[O:9])([H:18])[H:19])([O:7][H:12])[H:15])([C:2]([O:8][H:13])([H:16])[H:17])([O:6][H:11])[H:14].[O:21]([H:22])[H:23],[C:0](=[C:1](/[C:3]([C:4]([C:5](=[O:10])[H:20])=[O:9])([H:18])[H:19])[O:7][H:12])(\[C:2]([O:8][H:13])([H:16])[H:17])[H:14].[H:15][O:21][H:23].[O:6]([H:11])[H:22],46.70176702808502,51.330904609454585,14.194789674952217
ZGCHLOWZNKRZSN_53_1-cata_0,[C:0]([C:1]([C:3]([C:4]([C:5](=[O:10])[H:20])=[O:9])([H:18])[H:19])([O:7][H:12])[H:15])([C:2]([O:8][H:13])([H:16])[H:17])([O:6][H:11])[H:14].[O:21]([H:22])[H:23],[C:0]1([C:2]([O:8][H:13])([H:16])[H:17])([H:14])[C:1]([O:7][H:12])([H:15])[C:3]([H:18])([H:19])[C:4]([C:5](=[O:10])[H:20])([O:9][H:22])[O:6]1.[H:11][O:21][H:23],7.379511720059492,18.077293675945207,-0.9612810707456823
ZGCHLOWZNKRZSN_53_1-cata_2,[C:0]([C:1]([C:3]([C:4]([C:5](=[O:10])[H:20])=[O:9])([H:18])[H:19])([O:7][H:12])[H:15])([C:2]([O:8][H:13])([H:16])[H:17])([O:6][H:11])[H:14].[O:21]([H:22])[H:23],[C:0]1([C:2]([O:8][H:13])([H:16])[H:17])([H:14])[C:1]([O:7][H:12])([H:15])[C:3]([H:18])([H:19])[C:4]([C:5](=[O:10])[H:20])([O:9][H:22])[O:6]1.[H:11][O:21][H:23],6.7840052045648696,17.125989273992815,-0.9612810707456823
ZGCHLOWZNKRZSN_53_1-cata_4,[C:0]([C:1]([C:3]([C:4]([C:5](=[O:10])[H:20])=[O:9])([H:18])[H:19])([O:7][H:12])[H:15])([C:2]([O:8][H:13])([H:16])[H:17])([O:6][H:11])[H:14].[O:21]([H:22])[H:23],[C:0]1([C:2]([O:8][H:13])([H:16])[H:17])([H:14])[C:1]([O:7][H:12])([H:15])[C:3]([H:18])([H:19])[C:4]([C:5](=[O:10])[H:20])([O:9][H:22])[O:6]1.[H:11][O:21][H:23],10.117335668567089,19.007262754951466,-0.9612810707456823
ZGCHLOWZNKRZSN_55_1-cata_0,[C:0]([C:1]([C:3]([C:4]([C:5](=[O:10])[H:20])=[O:9])([H:18])[H:19])([O:7][H:12])[H:15])([C:2]([O:8][H:13])([H:16])[H:17])([O:6][H:11])[H:14].[O:21]([H:22])[H:23],[C:0]1([C:2]([O:8][H:13])([H:16])[H:17])([H:14])[C:1]([O:7][H:12])([H:15])[C:3]([H:18])([H:19])[C:4](=[O:9])[C:5]([O:10][H:22])([H:20])[O:6]1.[H:11][O:21][H:23],9.686236642085415,21.169660491985084,-2.833652007648182
ZGCHLOWZNKRZSN_55_1-cata_1,[C:0]([C:1]([C:3]([C:4]([C:5](=[O:10])[H:20])=[O:9])([H:18])[H:19])([O:7][H:12])[H:15])([C:2]([O:8][H:13])([H:16])[H:17])([O:6][H:11])[H:14].[O:21]([H:22])[H:23],[C:0]1([C:2]([O:8][H:13])([H:16])[H:17])([H:14])[C:1]([O:7][H:12])([H:15])[C:3]([H:18])([H:19])[C:4](=[O:9])[C:5]([O:10][H:22])([H:20])[O:6]1.[H:11][O:21][H:23],9.620348144537749,20.553446162971404,-2.833652007648182
ZGCHLOWZNKRZSN_55_1-cata_2,[C:0]([C:1]([C:3]([C:4]([C:5](=[O:10])[H:20])=[O:9])([H:18])[H:19])([O:7][H:12])[H:15])([C:2]([O:8][H:13])([H:16])[H:17])([O:6][H:11])[H:14].[O:21]([H:22])[H:23],[C:0]1([C:2]([O:8][H:13])([H:16])[H:17])([H:14])[C:1]([O:7][H:12])([H:15])[C:3]([H:18])([H:19])[C:4](=[O:9])[C:5]([O:10][H:22])([H:20])[O:6]1.[H:11][O:21][H:23],11.819141432550817,22.52006093592861,-2.833652007648182
ZGCHLOWZNKRZSN_55_1-cata_4,[C:0]([C:1]([C:3]([C:4]([C:5](=[O:10])[H:20])=[O:9])([H:18])[H:19])([O:7][H:12])[H:15])([C:2]([O:8][H:13])([H:16])[H:17])([O:6][H:11])[H:14].[O:21]([H:22])[H:23],[C:0]1([C:2]([O:8][H:13])([H:16])[H:17])([H:14])[C:1]([O:7][H:12])([H:15])[C:3]([H:18])([H:19])[C:4](=[O:9])[C:5]([O:10][H:22])([H:20])[O:6]1.[H:11][O:21][H:23],11.148961286530708,21.756381874430545,-2.833652007648182
BXMMDTDOWCVDIM_114_8-cata1_2,[C:0]1([O:7][H:11])([H:15])[C:4]([O:9][H:13])=[C:5]([H:20])[C:1]([C:2]([C:3]([O:10][H:22])([H:18])[H:19])([O:8][H:12])[H:17])([H:16])[O:6]1.[H:14][O:21][H:23],[C:0](/[C:4](=[C:5](\[C:1]([C:2]([C:3]([O:10][H:11])([H:18])[H:19])([O:8][H:12])[H:17])([O:6][H:22])[H:16])[H:20])[O:9][H:13])(=[O:7])[H:15].[H:14][O:21][H:23],19.83055521901304,27.983786152473908,1.1443594646271535
BXMMDTDOWCVDIM_145_7-cata1_1,[C:0]1([O:7][H:11])([H:15])[C:4]([O:9][H:13])=[C:5]([H:20])[C:1]([C:2]([C:3]([O:10][H:22])([H:18])[H:19])([O:8][H:12])[H:17])([H:16])[O:6]1.[H:14][O:21][H:23],[C:0](/[C:4](=[C:5](\[C:1]([C:2]([C:3]([O:10][H:22])([H:18])[H:19])([O:8][H:12])[H:17])([O:6][H:14])[H:16])[H:20])[O:9][H:13])(=[O:7])[H:15].[H:11][O:21][H:23],14.624736406958649,23.484543037419076,1.1443594646271535
BXMMDTDOWCVDIM_178_0-cata_1,[C:0]1([O:7][H:11])([H:15])[C:4]([O:9][H:13])=[C:5]([H:20])[C:1]([C:2]([C:3]([O:10][H:14])([H:18])[H:19])([O:8][H:12])[H:17])([H:16])[O:6]1.[O:21]([H:22])[H:23],[C:0](/[C:4](=[C:5](\[C:1]([C:2]([C:3]([O:10][H:11])([H:18])[H:19])([O:8][H:12])[H:17])([O:6][H:22])[H:16])[H:20])[O:9][H:13])(=[O:7])[H:15].[H:14][O:21][H:23],15.716602936984192,24.586449719419267,1.1443594646271535
BXMMDTDOWCVDIM_178_0-cata_3,[C:0]1([O:7][H:11])([H:15])[C:4]([O:9][H:13])=[C:5]([H:20])[C:1]([C:2]([C:3]([O:10][H:14])([H:18])[H:19])([O:8][H:12])[H:17])([H:16])[O:6]1.[O:21]([H:22])[H:23],[C:0](/[C:4](=[C:5](\[C:1]([C:2]([C:3]([O:10][H:11])([H:18])[H:19])([O:8][H:12])[H:17])([O:6][H:22])[H:16])[H:20])[O:9][H:13])(=[O:7])[H:15].[H:14][O:21][H:23],13.262413282545223,22.110924741962823,1.1443594646271535
BXMMDTDOWCVDIM_65_4-cata1_1,[C:0]1([O:7][H:22])([H:15])[C:4]([O:9][H:13])=[C:5]([H:20])[C:1]([C:2]([C:3]([O:10][H:14])([H:18])[H:19])([O:8][H:12])[H:17])([H:16])[O:6]1.[H:11][O:21][H:23],[C:0](/[C:4](=[C:5](\[C:1]([C:2]([C:3]([O:10][H:14])([H:18])[H:19])([O:8][H:12])[H:17])([O:6][H:23])[H:16])[H:20])[O:9][H:13])(=[O:7])[H:15].[H:11][O:21][H:22],18.02081782101645,25.395309464945942,1.1443594646271535
BXMMDTDOWCVDIM_145_6-cata1_3,[C:0]1([O:7][H:22])([H:15])[C:4]([O:9][H:13])=[C:5]([H:20])[C:1]([C:2]([C:3]([O:10][H:14])([H:18])[H:19])([O:8][H:11])[H:17])([H:16])[O:6]1.[H:12][O:21][H:23],[C:2]([C:3]([O:10][H:14])([H:18])[H:19])(=[O:8])[H:17].[H:12][O:21][H:23].[O:7]([H:11])[H:22].[c:0]1([H:15])[c:4]([O:9][H:13])[c:5]([H:20])[c:1]([H:16])[o:6]1,15.605533755550598,25.416017278465,14.534655831739986
BXMMDTDOWCVDIM_207_0-cata1_1,[C:0]1([O:7][H:11])([H:15])[C:4]([O:9][H:13])=[C:5]([H:20])[C:1]([C:2]([C:3]([O:10][H:14])([H:18])[H:19])([O:8][H:12])[H:17])([H:16])[O:6]1.[O:21]([H:22])[H:23],[C:0]12([H:15])[C:4]([O:9][H:13])([C:5]([H:20])([H:22])[C:1]([C:2]([C:3]([O:10][H:14])([H:18])[H:19])([O:8][H:12])[H:17])([H:16])[O:6]1)[O:7]2.[H:11][O:21][H:23],33.90120073751518,41.51100844392127,7.5831739961759235
BXMMDTDOWCVDIM_207_0-cata1_4,[C:0]1([O:7][H:11])([H:15])[C:4]([O:9][H:13])=[C:5]([H:20])[C:1]([C:2]([C:3]([O:10][H:14])([H:18])[H:19])([O:8][H:12])[H:17])([H:16])[O:6]1.[O:21]([H:22])[H:23],[C:0]12([H:15])[C:4]([O:9][H:13])([C:5]([H:20])([H:22])[C:1]([C:2]([C:3]([O:10][H:14])([H:18])[H:19])([O:8][H:12])[H:17])([H:16])[O:6]1)[O:7]2.[H:11][O:21][H:23],29.63852870400512,37.93483180346146,7.5831739961759235
BXMMDTDOWCVDIM_207_1-cata1_3,[C:0]1([O:7][H:11])([H:15])[C:4]([O:9][H:13])=[C:5]([H:20])[C:1]([C:2]([C:3]([O:10][H:14])([H:18])[H:19])([O:8][H:12])[H:17])([H:16])[O:6]1.[O:21]([H:22])[H:23],[C:0]12([H:15])[C:4]([O:9][H:13])([C:5]([H:20])([H:22])[C:1]([C:2]([C:3]([O:10][H:14])([H:18])[H:19])([O:8][H:12])[H:17])([H:16])[O:6]1)[O:7]2.[H:11][O:21][H:23],32.92040338899457,40.53083860497041,7.5831739961759235
BXMMDTDOWCVDIM_65_6-cata1_3,[C:0]1([O:7][H:11])([H:15])[C:4]([O:9][H:13])=[C:5]([H:20])[C:1]([C:2]([C:3]([O:10][H:14])([H:18])[H:19])([O:8][H:12])[H:17])([H:16])[O:6]1.[O:21]([H:22])[H:23],[C:0]1([H:15])[C:4](=[O:9])[C:5]([H:20])[C:1]([C:2]([C:3]([O:10][H:14])([H:18])[H:19])([O:8][H:12])[H:17])([H:16])[O:6]1.[O:21]([H:22])[H:23].[O:7]([H:11])[H:13],24.8845167320228,33.96897176348676,TCIT fails
DWJZKGYQNOQQEZ_13_6-cata1_0,[C:0]([C:1]([C:3]([O:9][H:15])([H:20])[H:21])([O:7][H:13])[H:18])([C:5]([C:2]([C:4]([O:10][H:16])([H:22])[H:23])([O:8][H:14])[H:19])=[O:11])([O:6][H:12])[H:17].[O:24]([H:25])[H:26],[C:0]([C:1]([C:3]([O:9][H:15])([H:20])[H:21])([O:7][H:13])[H:18])([C:5]([C:2]([C:4]([O:10][H:16])([H:22])[H:23])=[O:8])([O:11][H:25])[H:19])([O:6][H:12])[H:17].[H:14][O:24][H:26],28.710442153494107,35.62622435294029,-2.1469885277246528
DWJZKGYQNOQQEZ_13_6-cata2_1,[C:0]([C:1]([C:3]([O:9][H:15])([H:20])[H:21])([O:7][H:13])[H:18])([C:5]([C:2]([C:4]([O:10][H:16])([H:22])[H:23])([O:8][H:14])[H:19])=[O:11])([O:6][H:12])[H:17].[O:24]([H:25])[H:26],[C:0]([C:1]([C:3]([O:9][H:15])([H:20])[H:21])([O:7][H:13])[H:18])([C:5]([C:2]([C:4]([O:10][H:16])([H:22])[H:23])=[O:8])([O:11][H:14])[H:19])([O:6][H:12])[H:17].[O:24]([H:25])[H:26],34.47097936350342,40.99205808744738,-2.1469885277246528
DWJZKGYQNOQQEZ_13_7-cata1_4,[C:0]([C:1]([C:3]([O:9][H:15])([H:20])[H:21])([O:7][H:13])[H:18])([C:5]([C:2]([C:4]([O:10][H:16])([H:22])[H:23])([O:8][H:14])[H:19])=[O:11])([O:6][H:12])[H:17].[O:24]([H:25])[H:26],[C:0]([C:1]([C:3]([O:9][H:15])([H:20])[H:21])([O:7][H:13])[H:18])([C:5]1([O:11][H:25])[C:2]([C:4]([O:10][H:16])([H:22])[H:23])([H:19])[O:8]1)([O:6][H:12])[H:17].[H:14][O:24][H:26],30.793773693513327,39.07815411242843,18.392447418738037
DWJZKGYQNOQQEZ_173_0-cata_0,[C:0]([C:1]([C:3]([O:9][H:15])([H:20])[H:21])([O:7][H:13])[H:18])([C:5]([C:2]([C:4]([O:10][H:16])([H:22])[H:23])([O:8][H:25])[H:19])=[O:11])([O:6][H:12])[H:17].[H:14][O:24][H:26],[C:0]([C:1]([C:3]([O:9][H:15])([H:20])[H:21])([O:7][H:13])[H:18])([C:5]1([O:11][H:26])[C:2]([C:4]([O:10][H:16])([H:22])[H:23])([H:19])[O:8]1)([O:6][H:12])[H:17].[H:14][O:24][H:25],27.1335107800518,36.781469342448496,18.392447418738037
DWJZKGYQNOQQEZ_90_9-cata1_3,[C:0]([C:1]([C:3]([O:9][H:15])([H:20])[H:21])([O:7][H:13])[H:18])([C:5]([C:2]([C:4]([O:10][H:25])([H:22])[H:23])([O:8][H:14])[H:19])=[O:11])([O:6][H:12])[H:17].[H:16][O:24][H:26],[C:0]([C:1]([C:3]([O:9][H:15])([H:20])[H:21])([O:7][H:13])[H:18])([C:5]1([O:11][H:25])[C:2]([C:4]([O:10][H:16])([H:22])[H:23])([H:19])[O:8]1)([O:6][H:12])[H:17].[H:14][O:24][H:26],19.55131349150466,28.414257669457164,18.392447418738037
DWJZKGYQNOQQEZ_13_7-cata2_4,[C:0]([C:1]([C:3]([O:9][H:15])([H:20])[H:21])([O:7][H:13])[H:18])([C:5]([C:2]([C:4]([O:10][H:16])([H:22])[H:23])([O:8][H:14])[H:25])=[O:11])([O:6][H:12])[H:17].[H:19][O:24][H:26],[C:0](=[C:5](\[C:2]([C:4]([O:10][H:16])([H:22])[H:23])([O:8][H:14])[H:25])[O:11][H:15])(\[O:6][H:12])[H:17].[C:1]([C:3]([O:9][H:13])([H:20])[H:21])(=[O:7])[H:18].[H:19][O:24][H:26],31.88752275203412,40.70403122696119,27.017208413001956
DWJZKGYQNOQQEZ_161_0-cata_2,[C:0]([C:1]([C:3]([O:9][H:15])([H:20])[H:21])([O:7][H:13])[H:18])([C:5]([C:2]([C:4]([O:10][H:16])([H:22])[H:23])([O:8][H:25])[H:19])=[O:11])([O:6][H:12])[H:17].[H:14][O:24][H:26],[C:0]([C:1]([C:3]([O:9][H:15])([H:20])[H:21])([O:7][H:13])[H:18])(/[C:5](=[C:2](/[O:8][H:25])[H:19])[O:11][H:26])([O:6][H:12])[H:17].[C:4](=[O:10])([H:22])[H:23].[H:14][O:24][H:16],28.890537380038783,35.35953281547157,27.95004780114722
DWJZKGYQNOQQEZ_17_0-cata_1,[C:0]([C:1]([C:3]([O:9][H:15])([H:20])[H:21])([O:7][H:13])[H:18])([C:5]([C:2]([C:4]([O:10][H:16])([H:22])[H:23])([O:8][H:14])[H:19])=[O:11])([O:6][H:25])[H:17].[H:12][O:24][H:26],[C:0]([C:1]([C:3]([O:9][H:15])([H:20])[H:21])([O:7][H:13])[H:18])([C:5]([C:2]([C:4]([O:10][H:16])([H:22])[H:23])([O:8][H:14])[H:19])([O:11][H:25])[O:24][H:26])([O:6][H:12])[H:17],31.30770397399989,43.34898376948924,-11.628824091778196
DWJZKGYQNOQQEZ_193_0-cata_0,[C:0]([C:1]([C:3]([O:9][H:15])([H:20])[H:21])([O:7][H:13])[H:18])([C:5]([C:2]([C:4]([O:10][H:16])([H:22])[H:23])([O:8][H:14])[H:19])=[O:11])([O:6][H:12])[H:17].[O:24]([H:25])[H:26],[C:0]([C:1]([C:3]([O:9][H:15])([H:20])[H:21])[H:18])([C:5]([C:2]([C:4]([O:10][H:16])([H:22])[H:23])[O:8][H:14])=[O:11])([O:6][H:12])[H:17].[H:19][O:24][H:25].[O:7]([H:13])[H:26],36.6885979365403,43.833421103478926,TCIT fails
DWJZKGYQNOQQEZ_193_0-cata_4,[C:0]([C:1]([C:3]([O:9][H:15])([H:20])[H:21])([O:7][H:13])[H:18])([C:5]([C:2]([C:4]([O:10][H:16])([H:22])[H:23])([O:8][H:14])[H:25])=[O:11])([O:6][H:12])[H:17].[H:19][O:24][H:26],[C:0]([C:1]([C:3]([O:9][H:15])([H:20])[H:21])[H:18])([C:5]([C:2]([C:4]([O:10][H:16])([H:22])[H:23])[O:8][H:14])=[O:11])([O:6][H:12])[H:17].[O:24]([H:25])[H:26].[O:7]([H:13])[H:19],34.31786704560464,42.01238853443952,TCIT fails
DWJZKGYQNOQQEZ_196_2-cata1_4,[C:0]([C:1]([C:3]([O:9][H:15])([H:20])[H:21])([O:7][H:13])[H:18])([C:5]([C:2]([C:4]([O:10][H:16])([H:22])[H:23])([O:8][H:14])[H:19])=[O:11])([O:6][H:12])[H:17].[O:24]([H:25])[H:26],[C:0](\[C:1]([C:3]([O:9][H:15])([H:20])[H:21])([O:7][H:13])[H:18])(=[C:5](/[C:2]([C:4]([O:10][H:16])([H:22])[H:23])([O:8][H:14])[H:19])[O:11][H:25])[O:6][H:12].[H:17][O:24][H:26],34.13777181905995,42.75473227299145,-0.26720841300189724
DWJZKGYQNOQQEZ_65_1-cata_2,[C:0]([C:1]([C:3]([O:9][H:15])([H:20])[H:21])([O:7][H:13])[H:18])([C:5]([C:2]([C:4]([O:10][H:16])([H:22])[H:23])([O:8][H:14])[H:19])=[O:11])([O:6][H:12])[H:25].[H:17][O:24][H:26],[C:0](\[C:1]([C:3]([O:9][H:26])([H:20])[H:21])([O:7][H:13])[H:18])(=[C:5](/[C:2]([C:4]([O:10][H:16])([H:22])[H:23])([O:8][H:14])[H:19])[O:11][H:15])[O:6][H:12].[H:17][O:24][H:25],23.750607065532066,32.69387245942445,-0.26720841300189724
DWJZKGYQNOQQEZ_79_0-cata_2,[C:0]([C:1]([C:3]([O:9][H:15])([H:20])[H:21])([O:7][H:13])[H:18])([C:5]([C:2]([C:4]([O:10][H:16])([H:22])[H:23])([O:8][H:14])[H:19])=[O:11])([O:6][H:12])[H:25].[H:17][O:24][H:26],[C:0](\[C:1]([C:3]([O:9][H:15])([H:20])[H:21])([O:7][H:13])[H:18])(=[C:5](/[C:2]([C:4]([O:10][H:16])([H:22])[H:23])([O:8][H:14])[H:19])[O:11][H:26])[O:6][H:12].[H:17][O:24][H:25],28.6069030860415,38.45378215993535,-0.26720841300189724
DWJZKGYQNOQQEZ_90_0-cata_2,[C:0]([C:1]([C:3]([O:9][H:15])([H:20])[H:21])([O:7][H:13])[H:18])([C:5]([C:2]([C:4]([O:10][H:16])([H:22])[H:23])([O:8][H:14])[H:19])=[O:11])([O:6][H:12])[H:17].[O:24]([H:25])[H:26],[C:0](\[C:1]([C:3]([O:9][H:17])([H:20])[H:21])([O:7][H:13])[H:18])(=[C:5](/[C:2]([C:4]([O:10][H:16])([H:22])[H:23])([O:8][H:14])[H:19])[O:11][H:25])[O:6][H:12].[H:15][O:24][H:26],25.594229976514438,33.92818364594706,-0.26720841300189724
DWJZKGYQNOQQEZ_90_1-cata1_2,[C:0]([C:1]([C:3]([O:9][H:15])([H:20])[H:21])([O:7][H:13])[H:18])([C:5]([C:2]([C:4]([O:10][H:16])([H:22])[H:23])([O:8][H:14])[H:19])=[O:11])([O:6][H:12])[H:17].[O:24]([H:25])[H:26],[C:0](\[C:1]([C:3]([O:9][H:15])([H:20])[H:21])([O:7][H:13])[H:18])(=[C:5](/[C:2]([C:4]([O:10][H:16])([H:22])[H:23])([O:8][H:14])[H:19])[O:11][H:25])[O:6][H:12].[H:17][O:24][H:26],30.7805959940466,40.79815765193756,-0.26720841300189724
DWJZKGYQNOQQEZ_90_4-cata1_0,[C:0]([C:1]([C:3]([O:9][H:15])([H:20])[H:21])([O:7][H:13])[H:18])([C:5]([C:2]([C:4]([O:10][H:16])([H:22])[H:23])([O:8][H:14])[H:19])=[O:11])([O:6][H:12])[H:17].[O:24]([H:25])[H:26],[C:0](\[C:1]([C:3]([O:9][H:15])([H:20])[H:21])([O:7][H:13])[H:18])(=[C:5](/[C:2]([C:4]([O:10][H:16])([H:22])[H:23])([O:8][H:14])[H:19])[O:11][H:26])[O:6][H:12].[H:17][O:24][H:25],34.45215407855095,43.82338095143293,-0.26720841300189724
DWJZKGYQNOQQEZ_90_4-cata1_1,[C:0]([C:1]([C:3]([O:9][H:15])([H:20])[H:21])([O:7][H:13])[H:18])([C:5]([C:2]([C:4]([O:10][H:16])([H:22])[H:23])([O:8][H:14])[H:19])=[O:11])([O:6][H:12])[H:17].[O:24]([H:25])[H:26],[C:0](\[C:1]([C:3]([O:9][H:15])([H:20])[H:21])([O:7][H:13])[H:18])(=[C:5](/[C:2]([C:4]([O:10][H:16])([H:22])[H:23])([O:8][H:14])[H:19])[O:11][H:26])[O:6][H:12].[H:17][O:24][H:25],33.28435889907443,41.889396672464684,-0.26720841300189724
DWJZKGYQNOQQEZ_90_6-cata2_4,[C:0]([C:1]([C:3]([O:9][H:15])([H:20])[H:21])([O:7][H:13])[H:18])([C:5]([C:2]([C:4]([O:10][H:16])([H:22])[H:23])([O:8][H:14])[H:19])=[O:11])([O:6][H:12])[H:17].[O:24]([H:25])[H:26],[C:0](\[C:1]([C:3]([O:9][H:15])([H:20])[H:21])([O:7][H:13])[H:18])(=[C:5](/[C:2]([C:4]([O:10][H:16])([H:22])[H:23])([O:8][H:14])[H:19])[O:11][H:26])[O:6][H:12].[H:17][O:24][H:25],29.11204823355024,39.03360093796958,-0.26720841300189724
DWJZKGYQNOQQEZ_196_4-cata1_1,[C:0]([C:1]([C:3]([O:9][H:15])([H:20])[H:21])([O:7][H:13])[H:18])([C:5]([C:2]([C:4]([O:10][H:25])([H:22])[H:23])([O:8][H:14])[H:19])=[O:11])([O:6][H:12])[H:17].[H:16][O:24][H:26],[C:0]([C:1]([C:3]([O:9][H:15])([H:20])[H:21])([O:7][H:13])[H:18])(/[C:5](=[C:2](/[C:4]([O:10][H:16])([H:22])[H:23])[O:8][H:14])[O:11][H:25])([O:6][H:12])[H:17].[H:19][O:24][H:26],33.184584888612314,40.610532311483226,2.488288718929268
DWJZKGYQNOQQEZ_196_8-cata2_0,[C:0]([C:1]([C:3]([O:9][H:15])([H:20])[H:21])([O:7][H:13])[H:18])([C:5]([C:2]([C:4]([O:10][H:16])([H:22])[H:23])([O:8][H:14])[H:19])=[O:11])([O:6][H:12])[H:17].[O:24]([H:25])[H:26],[C:0]([C:1]([C:3]([O:9][H:15])([H:20])[H:21])([O:7][H:13])[H:18])(/[C:5](=[C:2](\[C:4]([O:10][H:16])([H:22])[H:23])[O:8][H:14])[O:11][H:25])([O:6][H:12])[H:17].[H:19][O:24][H:26],32.34685970601584,41.57752445096735,2.488288718929268
DWJZKGYQNOQQEZ_196_9-cata2_1,[C:0]([C:1]([C:3]([O:9][H:15])([H:20])[H:21])([O:7][H:13])[H:18])([C:5]([C:2]([C:4]([O:10][H:16])([H:22])[H:23])([O:8][H:14])[H:19])=[O:11])([O:6][H:12])[H:17].[O:24]([H:25])[H:26],[C:0]([C:1]([C:3]([O:9][H:25])([H:20])[H:21])([O:7][H:13])[H:18])(/[C:5](=[C:2](\[C:4]([O:10][H:16])([H:22])[H:23])[O:8][H:14])[O:11][H:15])([O:6][H:12])[H:17].[H:19][O:24][H:26],26.449525425066547,36.97348724946308,2.488288718929268
DWJZKGYQNOQQEZ_395_0-cata_2,[C:0]([C:1]([C:3]([O:9][H:25])([H:20])[H:21])([O:7][H:13])[H:18])([C:5]([C:2]([C:4]([O:10][H:16])([H:22])[H:23])([O:8][H:14])[H:19])=[O:11])([O:6][H:12])[H:17].[H:15][O:24][H:26],[C:0]([C:1]([C:3]([O:9][H:15])([H:20])[H:21])([O:7][H:13])[H:18])(/[C:5](=[C:2](\[C:4]([O:10][H:16])([H:22])[H:23])[O:8][H:14])[O:11][H:25])([O:6][H:12])[H:17].[H:19][O:24][H:26],29.54628480759533,39.79602498047081,2.488288718929268
DWJZKGYQNOQQEZ_196_7-cata1_4,[C:0]([C:1]([C:3]([O:9][H:15])([H:20])[H:21])([O:7][H:13])[H:18])([C:5]([C:2]([C:4]([O:10][H:16])([H:22])[H:23])([O:8][H:14])[H:19])=[O:11])([O:6][H:12])[H:17].[O:24]([H:25])[H:26],[C:0]([C:5]([C:1]([C:3]([O:9][H:15])([H:20])[H:21])([O:7][H:13])[H:18])([C:2]([C:4]([O:10][H:16])([H:22])[H:23])([O:8][H:14])[H:19])[O:11][H:12])(=[O:6])[H:17].[O:24]([H:25])[H:26],28.33079890609654,38.25862670542869,2.3138145315487666
DWJZKGYQNOQQEZ_269_1-cata_1,[C:0]([C:1]([C:3]([O:9][H:15])([H:20])[H:21])([O:7][H:13])[H:18])([C:5]([C:2]([C:4]([O:10][H:16])([H:22])[H:23])([O:8][H:14])[H:19])=[O:11])([O:6][H:12])[H:25].[H:17][O:24][H:26],[C:0]([C:1]([C:3]([O:9][H:15])([H:20])[H:21])([O:7][H:13])[H:18])([C:5]([C:2]([C:4]([O:10][H:16])([H:22])[H:23])[H:19])=[O:11])[O:6][H:12].[H:17][O:24][H:25].[O:8]([H:14])[H:26],35.476877092032,44.889519591952094,TCIT fails
DWJZKGYQNOQQEZ_65_1-cata_0,[C:0]([C:1]([C:3]([O:9][H:15])([H:20])[H:21])([O:7][H:13])[H:18])([C:5]([C:2]([C:4]([O:10][H:12])([H:22])[H:23])([O:8][H:14])[H:19])([O:11][H:16])[H:25])=[O:6].[H:17][O:24][H:26],[C:0]([C:1]([C:3]([O:9][H:15])([H:20])[H:21])([O:7][H:13])[H:18])([C:5]([C:2]([C:4]([O:10][H:16])([H:22])[H:23])([O:8][H:14])[H:19])([O:11][H:26])[H:25])([O:6][H:12])[O:24][H:17],27.14794349851536,38.67717554194205,-11.628824091778196
DWJZKGYQNOQQEZ_65_1-cata_1,[C:0]([C:1]([C:3]([O:9][H:15])([H:20])[H:21])([O:7][H:13])[H:18])([C:5]([C:2]([C:4]([O:10][H:16])([H:22])[H:23])([O:8][H:14])[H:19])=[O:11])([O:6][H:12])[H:17].[O:24]([H:25])[H:26],[C:0](=[C:1](\[C:3]([O:9][H:15])([H:20])[H:21])[H:18])(\[C:5]([C:2]([C:4]([O:10][H:16])([H:22])[H:23])([O:8][H:14])[H:19])=[O:11])[O:6][H:12].[H:17][O:24][H:25].[O:7]([H:13])[H:26],30.346359420001505,38.086689102434754,11.770315487571718
DWJZKGYQNOQQEZ_75_0-cata_0,[C:0]([C:1]([C:3]([O:9][H:15])([H:20])[H:21])([O:7][H:25])[H:18])([C:5]([C:2]([C:4]([O:10][H:16])([H:22])[H:23])([O:8][H:14])[H:19])=[O:11])([O:6][H:12])[H:17].[H:13][O:24][H:26],[C:0](=[C:1](/[C:3]([O:9][H:15])([H:20])[H:21])[H:18])(\[C:5]([C:2]([C:4]([O:10][H:16])([H:22])[H:23])([O:8][H:14])[H:19])=[O:11])[O:6][H:12].[H:17][O:24][H:26].[O:7]([H:13])[H:25],33.42429351757782,40.42478949945281,11.770315487571718
DWJZKGYQNOQQEZ_90_7-cata1_0,[C:0]([C:1]([C:3]([O:9][H:15])([H:20])[H:21])([O:7][H:13])[H:18])([C:5]([C:2]([C:4]([O:10][H:16])([H:22])[H:23])([O:8][H:25])[H:19])=[O:11])([O:6][H:12])[H:17].[H:14][O:24][H:26],[C:0]([C:1]([C:3]([O:9][H:15])([H:20])[H:21])([O:7][H:13])[H:18])([C:5]([C:2](=[O:8])[H:19])([C:4]([O:10][H:16])([H:22])[H:23])[O:11][H:26])([O:6][H:12])[H:17].[H:14][O:24][H:25],26.523571546093617,36.53297558043383,0.06763862332699071
MOJQURDISZNTIY_156_0-cata_1,[C:0]([C:1]([C:2]([O:9][H:14])([H:17])[H:18])([O:7][H:12])[H:16])([C:3]([C:4](=[C:5]([H:19])[H:20])[O:8][H:13])=[O:10])([O:6][H:11])[H:15].[O:21]([H:22])[H:23],[C:0]([C:1]([C:2]([O:9][H:14])([H:17])[H:18])([O:7][H:12])[H:16])([C:3]([C:4]([C:5]([H:19])([H:20])[H:22])=[O:8])=[O:10])([O:6][H:11])[H:15].[H:13][O:21][H:23],26.966593252973848,34.85062261097233,-9.791108986615708
MOJQURDISZNTIY_174_0-cata_2,[C:0]([C:1]([C:2]([O:9][H:14])([H:17])[H:18])([O:7][H:12])[H:16])([C:3]([C:4](=[C:5]([H:19])[H:20])[O:8][H:13])=[O:10])([O:6][H:11])[H:15].[O:21]([H:22])[H:23],[C:0]([C:1]([C:2]([O:9][H:13])([H:17])[H:18])([O:7][H:12])[H:16])([C:3]([C:4]([C:5]([H:19])([H:20])[H:22])=[O:8])=[O:10])([O:6][H:14])[H:15].[H:11][O:21][H:23],23.76629480299245,31.854892257973823,-9.791108986615708
MOJQURDISZNTIY_178_0-cata_0,[C:0]([C:1]([C:2]([O:9][H:14])([H:17])[H:18])([O:7][H:12])[H:16])([C:3]([C:4](=[C:5]([H:19])[H:20])[O:8][H:13])=[O:10])([O:6][H:11])[H:15].[O:21]([H:22])[H:23],[C:0]([C:1]([C:2]([O:9][H:14])([H:17])[H:18])([O:7][H:13])[H:16])([C:3]([C:4]([C:5]([H:19])([H:20])[H:22])=[O:8])=[O:10])([O:6][H:11])[H:15].[H:12][O:21][H:23],17.374483036007483,27.27344539848385,-9.791108986615708
MOJQURDISZNTIY_344_1-cata1_4,[C:0]([C:1]([C:2]([O:9][H:14])([H:17])[H:18])([O:7][H:12])[H:16])([C:3]([C:4](=[C:5]([H:19])[H:20])[O:8][H:13])=[O:10])([O:6][H:11])[H:15].[O:21]([H:22])[H:23],[C:0]([C:1]([C:2]([O:9][H:13])([H:17])[H:18])([O:7][H:12])[H:16])([C:3]([C:4]([C:5]([H:19])([H:20])[H:22])=[O:8])=[O:10])([O:6][H:11])[H:15].[H:14][O:21][H:23],13.97212652696552,23.447519977012547,-9.791108986615708
MOJQURDISZNTIY_15_0-cata_1,[C:0]([C:1]([C:2]([O:9][H:14])([H:17])[H:18])([O:7][H:12])[H:16])([C:3]([C:4](=[C:5]([H:19])[H:20])[O:8][H:13])=[O:10])([O:6][H:11])[H:15].[O:21]([H:22])[H:23],[C:0](=[C:3](/[C:4](=[C:5]([H:19])[H:20])[O:8][H:13])[O:10][H:22])(\[O:6][H:11])[H:15].[C:1]([C:2]([O:9][H:14])([H:17])[H:18])(=[O:7])[H:16].[H:12][O:21][H:23],24.03549637852618,32.33995710146193,22.89890057361376
MOJQURDISZNTIY_15_0-cata_3,[C:0]([C:1]([C:2]([O:9][H:12])([H:17])[H:18])([O:7][H:22])[H:16])([C:3]([C:4](=[C:5]([H:19])[H:20])[O:8][H:13])=[O:10])([O:6][H:11])[H:15].[H:14][O:21][H:23],[C:0](=[C:3](/[C:4](=[C:5]([H:19])[H:20])[O:8][H:13])[O:10][H:11])(\[O:6][H:23])[H:15].[C:1]([C:2]([O:9][H:12])([H:17])[H:18])(=[O:7])[H:16].[H:14][O:21][H:22],34.6975102930022,42.08957220295866,22.89890057361376
MOJQURDISZNTIY_16_0-cata_1,[C:0]([C:1]([C:2]([O:9][H:14])([H:17])[H:18])([O:7][H:22])[H:16])([C:3]([C:4](=[C:5]([H:19])[H:20])[O:8][H:13])=[O:10])([O:6][H:11])[H:15].[H:12][O:21][H:23],[C:0](=[C:3](/[C:4](=[C:5]([H:19])[H:20])[O:8][H:13])[O:10][H:11])(\[O:6][H:22])[H:15].[C:1]([C:2]([O:9][H:14])([H:17])[H:18])(=[O:7])[H:16].[H:12][O:21][H:23],30.99645926200097,37.74406891551505,22.89890057361376
MOJQURDISZNTIY_71_5-cata1_4,[C:0]([C:1]([C:2]([O:9][H:14])([H:17])[H:18])([O:7][H:12])[H:16])([C:3]([C:4](=[C:5]([H:19])[H:20])[O:8][H:13])=[O:10])([O:6][H:11])[H:15].[O:21]([H:22])[H:23],[C:0](=[C:3](\[C:4](=[C:5]([H:19])[H:20])[O:8][H:13])[O:10][H:22])(\[O:6][H:11])[H:15].[C:1]([C:2]([O:9][H:14])([H:17])[H:18])(=[O:7])[H:16].[H:12][O:21][H:23],24.01855362199762,33.47512178702083,22.89890057361376
MOJQURDISZNTIY_164_0-cata_3,[C:0]([C:1]([C:2]([O:9][H:14])([H:17])[H:18])([O:7][H:12])[H:16])([C:3]([C:4](=[C:5]([H:19])[H:20])[O:8][H:13])=[O:10])([O:6][H:11])[H:15].[O:21]([H:22])[H:23],[C:0]1([O:6][H:11])([H:15])[C:1]([O:7][H:12])([H:16])[C:2]([H:17])([H:18])[O:9][C:4]([C:5]([H:19])([H:20])[H:22])([O:8][H:13])[C:3]1=[O:10].[H:14][O:21][H:23],25.820760906013213,35.39467334745418,-14.859942638623322
MOJQURDISZNTIY_180_0-cata_0,[C:0]([C:1]([C:2]([O:9][H:14])([H:17])[H:18])([O:7][H:12])[H:16])([C:3]([C:4](=[C:5]([H:19])[H:20])[O:8][H:13])=[O:10])([O:6][H:11])[H:15].[O:21]([H:22])[H:23],[C:0]1([O:6][H:11])([H:15])[C:1]([O:7][H:12])([H:16])[C:2]([H:17])([H:18])[O:9][C:3]1([C:4]([C:5]([H:19])([H:20])[H:22])=[O:8])[O:10][H:13].[H:14][O:21][H:23],24.767172455533704,35.2616413335047,-21.834847036328863
MOJQURDISZNTIY_296_0-cata1_0,[C:0]([C:1]([C:2]([O:9][H:14])([H:17])[H:18])([O:7][H:12])[H:16])([C:3]([C:4](=[C:5]([H:19])[H:20])[O:8][H:13])=[O:10])([O:6][H:11])[H:15].[O:21]([H:22])[H:23],[C:0](=[C:1](/[C:2]([O:9][H:14])([H:17])[H:18])[H:16])(\[C:3]([C:4](=[C:5]([H:19])[H:20])[O:8][H:13])=[O:10])[O:6][H:11].[H:15][O:21][H:23].[O:7]([H:12])[H:22],28.817746278008546,38.29125719948899,16.50262906309752
MOJQURDISZNTIY_29_1-cata_0,[C:0]([C:1]([C:2]([O:9][H:14])([H:17])[H:18])([O:7][H:12])[H:16])([C:3]([C:4](=[C:5]([H:19])[H:20])[O:8][H:22])=[O:10])([O:6][H:11])[H:15].[H:13][O:21][H:23],[C:0]([C:1]([C:2]([O:9][H:14])([H:17])[H:18])([O:7][H:12])[H:16])([C:3]1([O:10][H:22])[C:4](=[O:8])[C:5]1([H:19])[H:20])([O:6][H:11])[H:15].[H:13][O:21][H:23],25.08594728151361,36.8103347795183,-2.4244741873804982
MOJQURDISZNTIY_314_1-cata1_0,[C:0]([C:1]([C:2]([O:9][H:14])([H:17])[H:18])([O:7][H:12])[H:16])([C:3]([C:4](=[C:5]([H:19])[H:20])[O:8][H:13])=[O:10])([O:6][H:11])[H:15].[O:21]([H:22])[H:23],[C:0]([C:1]([C:2]([O:9][H:14])([H:17])[H:18])([O:7][H:12])[H:16])([C:3]([C:4]([C:5]([H:19])([H:20])[H:22])[O:8][H:13])=[O:10])([O:6])[H:15].[H:11][O:21][H:23],36.93144411299789,44.89830472500125,TCIT fails
MOJQURDISZNTIY_321_0-cata_1,[C:0]([C:1]([C:2]([O:9][H:23])([H:17])[H:18])([O:7][H:12])[H:16])([C:3]([C:4](=[C:5]([H:19])[H:20])[O:8][H:13])=[O:10])([O:6][H:11])[H:15].[H:14][O:21][H:22],[C:0]1([O:6][H:11])([H:15])[C:1]([C:2]([O:9][H:12])([H:17])[H:18])([H:16])[O:7][C:5]([H:19])([H:20])[C:4]([O:8][H:13])=[C:3]1[O:10][H:22].[H:14][O:21][H:23],26.22864208098217,38.7989123849914,1.9710803059273048
MOJQURDISZNTIY_35_1-cata_4,[C:0]([C:1]([C:2]([O:9][H:14])([H:17])[H:18])([O:7][H:12])[H:16])([C:3]([C:4](=[C:5]([H:19])[H:20])[O:8][H:13])=[O:10])([O:6][H:11])[H:15].[O:21]([H:22])[H:23],[C:0]1([O:6][H:11])([H:15])[C:1]([O:7][H:12])([H:16])[C:2]([H:17])([H:18])[O:9][C:3]1([C:4](=[C:5]([H:19])[H:20])[O:8][H:13])[O:10][H:22].[H:14][O:21][H:23],15.7272705985286,24.164135825986754,-1.4101338432122588
MOJQURDISZNTIY_370_0-cata_3,[C:0]([C:1]([C:2]([O:9][H:14])([H:17])[H:18])([O:7][H:12])[H:16])([C:3]([C:4](=[C:5]([H:19])[H:20])[O:8][H:13])=[O:10])([O:6][H:11])[H:15].[O:21]([H:22])[H:23],[C:0]1([O:6][H:11])([H:15])[C:1]([O:7][H:12])([H:16])[C:2]([H:17])([H:18])[O:9][C:3]1([C:4](=[C:5]([H:19])[H:20])[O:8][H:13])[O:10][H:14].[O:21]([H:22])[H:23],30.04829240746932,40.16123550947616,-1.4101338432122588
MOJQURDISZNTIY_5_1-cata1_0,[C:0]([C:1]([C:2]([O:9][H:14])([H:17])[H:18])([O:7][H:12])[H:16])([C:3]([C:4](=[C:5]([H:19])[H:20])[O:8][H:13])=[O:10])([O:6][H:11])[H:15].[O:21]([H:22])[H:23],[C:0]([C:1]([C:2]([O:9][H:14])([H:17])[H:18])([O:7][H:12])[H:16])([C:3]([C:4](=[C:5]([H:19])[H:20])[O:8][H:13])([O:10][H:22])[H:15])=[O:6].[H:11][O:21][H:23],32.88024278095329,41.61078245445472,1.729445506692131
MOJQURDISZNTIY_5_1-cata1_1,[C:0]([C:1]([C:2]([O:9][H:14])([H:17])[H:18])([O:7][H:12])[H:16])([C:3]([C:4](=[C:5]([H:19])[H:20])[O:8][H:13])=[O:10])([O:6][H:11])[H:15].[O:21]([H:22])[H:23],[C:0]([C:1]([C:2]([O:9][H:14])([H:17])[H:18])([O:7][H:12])[H:16])([C:3]([C:4](=[C:5]([H:19])[H:20])[O:8][H:13])([O:10][H:22])[H:15])=[O:6].[H:11][O:21][H:23],34.38814810949853,43.4650730269815,1.729445506692131
MOJQURDISZNTIY_71_5-cata2_2,[C:0]([C:1]([C:2]([O:9][H:14])([H:17])[H:18])([O:7][H:12])[H:16])([C:3]([C:4](=[C:5]([H:19])[H:20])[O:8][H:13])=[O:10])([O:6][H:11])[H:15].[O:21]([H:22])[H:23],[C:0](\[C:1]([C:2]([O:9][H:14])([H:17])[H:18])([O:7][H:12])[H:16])(=[C:3](/[C:4](=[C:5]([H:19])[H:20])[O:8][H:13])[O:10][H:22])[O:6][H:11].[H:15][O:21][H:23],32.84510224904201,42.72210177900249,-2.9151529636711557
MOJQURDISZNTIY_71_7-cata2_4,[C:0]([C:1]([C:2]([O:9][H:14])([H:17])[H:18])([O:7][H:12])[H:16])([C:3]([C:4](=[C:5]([H:19])[H:20])[O:8][H:13])=[O:10])([O:6][H:11])[H:22].[H:15][O:21][H:23],[C:0]([C:1]([C:2]([O:9][H:15])([H:17])[H:18])([O:7][H:13])[H:16])([C:3]([C:4]([C:5]([H:19])[H:20])=[O:8])[O:10][H:11])([O:6][H:14])[H:22].[H:12][O:21][H:23],27.651833627027276,36.92203147052165,TCIT fails
YFPLIJPMOFVJPV_112_1-cata1_0,[C:0]([C:2]([O:9][H:14])([H:18])[H:19])(/[C:5](=[C:4](/[C:3]([C:1]([O:8][H:13])([H:16])[H:17])=[O:10])[O:6][H:11])[H:20])([O:7][H:12])[H:15].[O:21]([H:22])[H:23],[C:0]([C:2]([O:9][H:14])([H:18])[H:19])(/[C:5](=[C:4](/[C:3]([C:1](=[O:8])[H:17])([O:10][H:22])[H:16])[O:6][H:11])[H:20])([O:7][H:12])[H:15].[H:13][O:21][H:23],27.648696079463853,37.43407922251297,3.097036328871886
YFPLIJPMOFVJPV_112_1-cata1_2,[C:0]([C:2]([O:9][H:14])([H:18])[H:19])(/[C:5](=[C:4](/[C:3]([C:1]([O:8][H:13])([H:16])[H:17])=[O:10])[O:6][H:11])[H:20])([O:7][H:12])[H:15].[O:21]([H:22])[H:23],[C:0]([C:2]([O:9][H:14])([H:18])[H:19])(/[C:5](=[C:4](/[C:3]([C:1](=[O:8])[H:17])([O:10][H:22])[H:16])[O:6][H:11])[H:20])([O:7][H:12])[H:15].[H:13][O:21][H:23],29.17605420253132,38.46444982147976,3.097036328871886
YFPLIJPMOFVJPV_113_6-cata2_2,[C:0]([C:2]([O:9][H:11])([H:18])[H:19])(/[C:5](=[C:4](/[C:3]([C:1]([O:8][H:13])([H:16])[H:17])=[O:10])[O:6][H:22])[H:20])([O:7][H:12])[H:15].[H:14][O:21][H:23],[C:0]([C:2]([O:9][H:14])([H:18])[H:19])(/[C:5](=[C:4]([C:3](=[C:1](/[O:8][H:13])[H:17])/[O:10][H:22])\[O:6][H:11])[H:20])([O:7][H:12])[H:15].[H:16][O:21][H:23],33.53536269901142,44.01916391550935,4.3874282982791515
YFPLIJPMOFVJPV_156_0-cata_1,[C:0]([C:2]([O:9][H:22])([H:18])[H:19])(/[C:5](=[C:4](\[C:3]([C:1]([O:8][H:13])([H:16])[H:17])=[O:10])[O:6][H:11])[H:20])([O:7][H:12])[H:15].[H:14][O:21][H:23],[C:0]1([O:7][H:12])([H:15])[C:2]([H:18])([H:19])[O:9][C:3]([C:1]([O:8][H:13])([H:16])[H:17])([O:10][H:22])[C:4]([O:6][H:11])=[C:5]1[H:20].[H:14][O:21][H:23],31.20541992547277,43.13312050146352,-15.741395793499063
YFPLIJPMOFVJPV_166_0-cata_1,[C:0]([C:2]([O:9][H:22])([H:18])[H:19])(/[C:5](=[C:4](/[C:3]([C:1]([O:8][H:13])([H:16])[H:17])=[O:10])[O:6][H:11])[H:20])([O:7][H:12])[H:15].[H:14][O:21][H:23],[C:0]([C:2]([O:9][H:14])([H:18])[H:19])([C:5]([C:4]([C:3]([C:1]([O:8][H:13])([H:16])[H:17])=[O:10])=[O:6])([H:20])[H:22])([O:7][H:12])[H:15].[H:11][O:21][H:23],16.739443422041333,25.659490964492345,-13.28824091778207
YFPLIJPMOFVJPV_166_2-cata1_0,[C:0]([C:2]([O:9][H:14])([H:18])[H:19])(/[C:5](=[C:4](/[C:3]([C:1]([O:8][H:11])([H:16])[H:17])=[O:10])[O:6][H:13])[H:20])([O:7][H:12])[H:15].[O:21]([H:22])[H:23],[C:0]([C:2]([O:9][H:14])([H:18])[H:19])([C:5]([C:4]([C:3]([C:1]([O:8][H:13])([H:16])[H:17])=[O:10])=[O:6])([H:20])[H:22])([O:7][H:12])[H:15].[H:11][O:21][H:23],26.124475503959804,36.86430059645339,-13.28824091778207
YFPLIJPMOFVJPV_166_5-cata1_2,[C:0]([C:2]([O:9][H:14])([H:18])[H:19])(/[C:5](=[C:4](/[C:3]([C:1]([O:8][H:13])([H:16])[H:17])=[O:10])[O:6][H:11])[H:20])([O:7][H:12])[H:15].[O:21]([H:22])[H:23],[C:0]([C:2]([O:9][H:14])([H:18])[H:19])([C:5]([C:4]([C:3]([C:1]([O:8][H:22])([H:16])[H:17])=[O:10])=[O:6])([H:13])[H:20])([O:7][H:12])[H:15].[H:11][O:21][H:23],26.872466828068816,37.387643519487526,-13.28824091778207
YFPLIJPMOFVJPV_166_6-cata1_4,[C:0]([C:2]([O:9][H:14])([H:18])[H:19])(/[C:5](=[C:4](/[C:3]([C:1]([O:8][H:13])([H:16])[H:17])=[O:10])[O:6][H:11])[H:20])([O:7][H:12])[H:15].[O:21]([H:22])[H:23],[C:0]([C:2]([O:9][H:22])([H:18])[H:19])([C:5]([C:4]([C:3]([C:1]([O:8][H:13])([H:16])[H:17])=[O:10])=[O:6])([H:14])[H:20])([O:7][H:12])[H:15].[H:11][O:21][H:23],14.844364731974856,24.171038430469327,-13.28824091778207
YFPLIJPMOFVJPV_344_0-cata_2,[C:0]([C:2]([O:9][H:14])([H:18])[H:19])(/[C:5](=[C:4](\[C:3]([C:1]([O:8][H:13])([H:16])[H:17])=[O:10])[O:6][H:11])[H:20])([O:7][H:12])[H:15].[O:21]([H:22])[H:23],[C:0]([C:2]([O:9][H:14])([H:18])[H:19])([C:5]([C:4]([C:3]([C:1]([O:8][H:11])([H:16])[H:17])=[O:10])=[O:6])([H:20])[H:22])([O:7][H:12])[H:15].[H:13][O:21][H:23],21.997345522535568,34.16161717999975,-13.28824091778207
YFPLIJPMOFVJPV_166_1-cata1_0,[C:0]([C:2]([O:9][H:14])([H:18])[H:19])(/[C:5](=[C:4](/[C:3]([C:1]([O:8][H:13])([H:16])[H:17])=[O:10])[O:6][H:22])[H:20])([O:7][H:12])[H:15].[H:11][O:21][H:23],[C:0](\[C:2]([O:9][H:14])([H:18])[H:19])(=[C:5](\[C:4]([C:3]([C:1]([O:8][H:13])([H:16])[H:17])=[O:10])=[O:6])[H:20])[H:15].[H:11][O:21][H:23].[O:7]([H:12])[H:22],17.93986909550681,27.035619298013597,1.2839388145315114
YFPLIJPMOFVJPV_166_5-cata2_4,[C:0]([C:2]([O:9][H:14])([H:18])[H:19])(/[C:5](=[C:4](/[C:3]([C:1]([O:8][H:13])([H:16])[H:17])=[O:10])[O:6][H:11])[H:20])([O:7][H:12])[H:15].[O:21]([H:22])[H:23],[C:0](\[C:2]([O:9][H:14])([H:18])[H:19])(=[C:5](\[C:4]([C:3]([C:1]([O:8][H:11])([H:16])[H:17])=[O:10])=[O:6])[H:20])[H:15].[H:13][O:21][H:22].[O:7]([H:12])[H:23],8.896202181511214,20.8822611409973,1.2839388145315114
YFPLIJPMOFVJPV_167_0-cata_1,[C:0]([C:2]([O:9][H:14])([H:18])[H:19])(/[C:5](=[C:4](/[C:3]([C:1]([O:8][H:13])([H:16])[H:17])=[O:10])[O:6][H:22])[H:20])([O:7][H:12])[H:15].[H:11][O:21][H:23],[C:0](\[C:2]([O:9][H:14])([H:18])[H:19])(=[C:5](\[C:4]([C:3]([C:1]([O:8][H:13])([H:16])[H:17])=[O:10])=[O:6])[H:20])[O:7][H:12].[H:11][O:21][H:23].[H:15][H:22],39.69499595101187,44.81610098049478,12.286328871892913
YFPLIJPMOFVJPV_173_0-cata_1,[C:0]([C:2]([O:9][H:14])([H:18])[H:19])(/[C:5](=[C:4](\[C:3]([C:1]([O:8][H:13])([H:16])[H:17])=[O:10])[O:6][H:11])[H:20])([O:7][H:12])[H:15].[O:21]([H:22])[H:23],[C:0]1([O:7][H:12])([H:15])[C:2]([H:18])([H:19])[O:9][C:5]1(/[C:4](=[C:3](/[C:1]([O:8][H:13])([H:16])[H:17])[O:10][H:23])[O:6][H:11])[H:20].[H:14][O:21][H:22],34.4214061129859,43.13249299196511,16.83245697896747
YFPLIJPMOFVJPV_192_0-cata_3,[C:0]([C:2]([O:9][H:14])([H:18])[H:19])(/[C:5](=[C:4](/[C:3]([C:1]([O:8][H:13])([H:16])[H:17])=[O:10])[O:6][H:11])[H:20])([O:7][H:12])[H:15].[O:21]([H:22])[H:23],[C:0](=[C:5]([C:4](=[C:3](\[C:1]([O:8][H:13])([H:16])[H:17])[O:10][H:14])\[O:6][H:11])/[H:20])(\[O:7][H:12])[H:15].[C:2](=[O:9])([H:18])[H:19].[O:21]([H:22])[H:23],31.917015698531,41.200391241492106,16.55305927342257
YSSNFXZGTOLNNX_105_0-cata_0,[C:0]([C:1]([O:7][H:11])([H:13])[H:14])(/[C:4](=[C:5](\[C:2]([C:3](=[O:9])[H:15])=[O:8])[H:17])[H:16])([O:6][H:10])[H:12].[O:18]([H:19])[H:20],[C:0]1([O:6][H:10])([H:12])[C:1]([H:13])([H:14])[O:7][C:2]([C:3](=[O:9])[H:15])([O:8][H:19])[C:5]([H:17])=[C:4]1[H:16].[H:11][O:18][H:20],14.48480178852659,24.470987971425423,-5.263384321223721
YSSNFXZGTOLNNX_60_1-cata2_4,[C:0]([C:1]([O:7][H:19])([H:13])[H:14])(/[C:4](=[C:5](\[C:2]([C:3](=[O:9])[H:15])=[O:8])[H:17])[H:16])([O:6][H:10])[H:12].[H:11][O:18][H:20],[C:0]1([O:6][H:10])([H:12])[C:1]([H:13])([H:14])[O:7][C:2]([C:3](=[O:9])[H:15])([O:8][H:20])[C:5]([H:17])=[C:4]1[H:16].[H:11][O:18][H:19],16.696772776006387,26.34033877198552,-5.263384321223721
YSSNFXZGTOLNNX_112_0-cata_0,[C:0]([C:1]([O:7][H:19])([H:13])[H:14])(/[C:4](=[C:5](\[C:2]([C:3](=[O:9])[H:15])=[O:8])[H:17])[H:16])([O:6][H:10])[H:12].[H:11][O:18][H:20],[C:0]1([O:6][H:10])([H:12])[C:1]([H:13])([H:14])[O:7][C:2]2([C:3]([O:9][H:19])([H:15])[O:8]2)[C:5]([H:17])=[C:4]1[H:16].[H:11][O:18][H:20],24.35678124249975,36.438849155457454,TCIT fails
YSSNFXZGTOLNNX_136_0-cata_0,[C:0]([C:1]([O:7][H:11])([H:13])[H:14])(/[C:4](=[C:5](\[C:2]([C:3](=[O:9])[H:15])=[O:8])[H:17])[H:16])([O:6][H:10])[H:12].[O:18]([H:19])[H:20],[C:0]1([O:6][H:10])([H:12])[C:1]([H:13])([H:14])[O:7][C:4]1(/[C:5](=[C:2](/[C:3](=[O:9])[H:15])[O:8][H:20])[H:17])[H:16].[H:11][O:18][H:19],17.60728906056176,28.95077829195803,10.284416826003817
YSSNFXZGTOLNNX_172_0-cata_0,[C:0]([C:1]([O:7][H:19])([H:13])[H:14])(/[C:4](=[C:5](\[C:2]([C:3](=[O:9])[H:15])=[O:8])[H:17])[H:16])([O:6][H:10])[H:12].[H:11][O:18][H:20],[C:0](=[C:4]([C:5](=[C:2](/[C:3](=[O:9])[H:15])[O:8][H:19])/[H:17])\[H:16])(\[O:6][H:10])[H:12].[C:1](=[O:7])([H:13])[H:14].[H:11][O:18][H:20],17.580306152058547,25.56599204894305,10.228489483747595
YSSNFXZGTOLNNX_174_0-cata_1,[C:0]([C:1]([O:7][H:11])([H:13])[H:14])(/[C:4](=[C:5](\[C:2]([C:3](=[O:9])[H:15])=[O:8])[H:17])[H:16])([O:6][H:10])[H:12].[O:18]([H:19])[H:20],[C:0](=[C:4]([C:5](=[C:2](/[C:3](=[O:9])[H:15])[O:8][H:20])\[H:17])/[H:16])(\[O:6][H:10])[H:12].[C:1](=[O:7])([H:13])[H:14].[H:11][O:18][H:19],22.501235650976135,31.30331140743964,10.228489483747595
YSSNFXZGTOLNNX_18_0-cata_1,[C:0]([C:1]([O:7][H:19])([H:13])[H:14])(/[C:4](=[C:5](\[C:2]([C:3](=[O:9])[H:15])=[O:8])[H:17])[H:16])([O:6][H:10])[H:12].[H:11][O:18][H:20],[C:0](=[C:4]([C:5](=[C:2](/[C:3](=[O:9])[H:15])[O:8][H:20])/[H:17])\[H:16])(\[O:6][H:10])[H:12].[C:1](=[O:7])([H:13])[H:14].[H:11][O:18][H:19],20.224003675518432,26.851759014478414,10.228489483747595
YSSNFXZGTOLNNX_230_0-cata_3,[C:0]([C:1]([O:7][H:11])([H:13])[H:14])(/[C:4](=[C:5](\[C:2]([C:3](=[O:9])[H:15])=[O:8])[H:17])[H:16])([O:6][H:10])[H:12].[O:18]([H:19])[H:20],[C:0](\[C:1]([O:7][H:11])([H:13])[H:14])(=[C:4]([C:5](=[C:2](\[C:3](=[O:9])[H:15])[O:8][H:19])\[H:17])/[H:16])[O:6][H:10].[H:12][O:18][H:20],24.402589435955434,32.39015786147786,-8.322896749521982
YSSNFXZGTOLNNX_233_0-cata_0,[C:0]([C:1]([O:7][H:11])([H:13])[H:14])(/[C:4](=[C:5](\[C:2]([C:3](=[O:9])[H:15])=[O:8])[H:17])[H:16])([O:6][H:10])[H:12].[O:18]([H:19])[H:20],[C:0](\[C:1]([O:7][H:11])([H:13])[H:14])(=[C:4]([C:5](=[C:2](\[C:3](=[O:9])[H:15])[O:8][H:19])\[H:17])/[H:16])[O:6][H:10].[H:12][O:18][H:20],19.25826655503114,28.47198854345409,-8.322896749521982
YSSNFXZGTOLNNX_239_0-cata1_2,[C:0]([C:1]([O:7][H:11])([H:13])[H:14])(/[C:4](=[C:5](\[C:2]([C:3](=[O:9])[H:15])=[O:8])[H:17])[H:16])([O:6][H:10])[H:12].[O:18]([H:19])[H:20],[C:0](\[C:1]([O:7][H:11])([H:13])[H:14])(=[C:4]([C:5](=[C:2](/[C:3](=[O:9])[H:15])[O:8][H:12])/[H:17])\[H:16])[O:6][H:10].[O:18]([H:19])[H:20],22.900331692967278,29.82301649696737,-8.322896749521982
YSSNFXZGTOLNNX_239_0-cata1_3,[C:0]([C:1]([O:7][H:11])([H:13])[H:14])(/[C:4](=[C:5](\[C:2]([C:3](=[O:9])[H:15])=[O:8])[H:17])[H:16])([O:6][H:10])[H:12].[O:18]([H:19])[H:20],[C:0](\[C:1]([O:7][H:11])([H:13])[H:14])(=[C:4]([C:5](=[C:2](/[C:3](=[O:9])[H:15])[O:8][H:20])/[H:17])\[H:16])[O:6][H:10].[H:12][O:18][H:19],23.234166747051837,31.805319007456305,-8.322896749521982
YSSNFXZGTOLNNX_2_2-cata2_0,[C:0]([C:1]([O:7][H:11])([H:13])[H:14])(/[C:4](=[C:5](\[C:2]([C:3](=[O:9])[H:15])=[O:8])[H:17])[H:16])([O:6][H:10])[H:12].[O:18]([H:19])[H:20],[C:0](\[C:1]([O:7][H:11])([H:13])[H:14])(=[C:4]([C:5](=[C:2](/[C:3](=[O:9])[H:15])[O:8][H:19])/[H:17])\[H:16])[O:6][H:10].[H:12][O:18][H:20],17.26592389249621,26.57565483446212,-8.322896749521982
YSSNFXZGTOLNNX_2_2-cata2_4,[C:0]([C:1]([O:7][H:11])([H:13])[H:14])(/[C:4](=[C:5](\[C:2]([C:3](=[O:9])[H:15])=[O:8])[H:17])[H:16])([O:6][H:10])[H:12].[O:18]([H:19])[H:20],[C:0](\[C:1]([O:7][H:11])([H:13])[H:14])(=[C:4]([C:5](=[C:2](/[C:3](=[O:9])[H:15])[O:8][H:19])/[H:17])\[H:16])[O:6][H:10].[H:12][O:18][H:20],21.72877145650025,30.48315649094149,-8.322896749521982
YSSNFXZGTOLNNX_49_0-cata_3,[C:0]([C:1]([O:7][H:11])([H:13])[H:14])(/[C:4](=[C:5](\[C:2]([C:3](=[O:9])[H:15])=[O:8])[H:17])[H:16])([O:6][H:10])[H:12].[O:18]([H:19])[H:20],[C:0](\[C:1]([O:7][H:19])([H:13])[H:14])(=[C:4]([C:5](=[C:2](\[C:3](=[O:9])[H:15])[O:8][H:11])\[H:17])/[H:16])[O:6][H:10].[H:12][O:18][H:20],25.89857208403078,33.7292631344499,-8.322896749521982
YSSNFXZGTOLNNX_55_0-cata_2,[C:0]([C:1]([O:7][H:11])([H:13])[H:14])(/[C:4](=[C:5](\[C:2]([C:3](=[O:9])[H:15])=[O:8])[H:17])[H:16])([O:6][H:10])[H:12].[O:18]([H:19])[H:20],[C:0](\[C:1]([O:7][H:11])([H:13])[H:14])(=[C:4]([C:5](=[C:2](\[C:3](=[O:9])[H:15])[O:8][H:19])\[H:17])/[H:16])[O:6][H:10].[H:12][O:18][H:20],25.37836670848872,34.33920236847943,-8.322896749521982
YSSNFXZGTOLNNX_254_0-cata1_1,[C:0]([C:1]([O:7][H:11])([H:13])[H:14])(/[C:4](=[C:5](/[C:2]([C:3](=[O:9])[H:15])=[O:8])[H:17])[H:16])([O:6][H:10])[H:12].[O:18]([H:19])[H:20],[C:0](\[C:1]([O:7][H:11])([H:13])[H:14])(=[C:4]([C:5](=[C:2]1/[C:3]([O:9][H:19])([H:15])[O:8]1)\[H:17])/[H:16])[O:6][H:10].[H:12][O:18][H:20],33.99720969105814,42.668135961924726,21.05066921606119
YSSNFXZGTOLNNX_254_0-cata1_2,[C:0]([C:1]([O:7][H:11])([H:13])[H:14])(/[C:4](=[C:5](/[C:2]([C:3](=[O:9])[H:15])=[O:8])[H:17])[H:16])([O:6][H:10])[H:12].[O:18]([H:19])[H:20],[C:0](\[C:1]([O:7][H:11])([H:13])[H:14])(=[C:4]([C:5](=[C:2]1\[C:3]([O:9][H:19])([H:15])[O:8]1)/[H:17])\[H:16])[O:6][H:10].[H:12][O:18][H:20],33.74118581499114,41.84484349793449,21.05066921606119
YSSNFXZGTOLNNX_58_0-cata_0,[C:0]([C:1]([O:7][H:11])([H:13])[H:14])(/[C:4](=[C:5](\[C:2]([C:3](=[O:9])[H:15])=[O:8])[H:17])[H:16])([O:6][H:10])[H:12].[O:18]([H:19])[H:20],[C:0](\[C:1]([O:7][H:11])([H:13])[H:14])(=[C:4]([C:5](=[C:2]1/[C:3]([O:9][H:19])([H:15])[O:8]1)\[H:17])/[H:16])[O:6][H:10].[H:12][O:18][H:20],34.98239960599632,44.825513622971016,21.05066921606119
YSSNFXZGTOLNNX_258_0-cata1_0,[C:0]([C:1]([O:7][H:11])([H:13])[H:14])(/[C:4](=[C:5](\[C:2]([C:3](=[O:9])[H:15])=[O:8])[H:17])[H:16])([O:6][H:10])[H:12].[O:18]([H:19])[H:20],[C:0]([C:1]([O:7][H:11])([H:13])[H:14])([C:4](/[C:5](=[C:2](/[C:3](=[O:9])[H:15])[O:8][H:10])[H:17])([H:12])[H:16])=[O:6].[O:18]([H:19])[H:20],19.878873450533728,26.243702308944144,-11.700286806883353
YSSNFXZGTOLNNX_275_0-cata_4,[C:0]([C:1]([O:7][H:11])([H:13])[H:14])(/[C:4](=[C:5](\[C:2]([C:3](=[O:9])[H:15])=[O:8])[H:17])[H:16])([O:6][H:10])[H:12].[O:18]([H:19])[H:20],[C:0]([C:1](=[O:7])[H:13])(/[C:4](=[C:5](\[C:2]([C:3]([O:9][H:19])([H:14])[H:15])=[O:8])[H:17])[H:16])([O:6][H:10])[H:12].[H:11][O:18][H:20],31.591965777495595,40.51264082944502,-6.087954110898656
YSSNFXZGTOLNNX_280_0-cata1_3,[C:0]([C:1]([O:7][H:19])([H:13])[H:14])(/[C:4](=[C:5](\[C:2]([C:3](=[O:9])[H:15])=[O:8])[H:17])[H:16])([O:6][H:10])[H:12].[H:11][O:18][H:20],[C:0]([C:1](=[O:7])[H:14])(/[C:4](=[C:5](\[C:2]([C:3](=[O:9])[H:15])([O:8][H:19])[H:13])[H:17])[H:16])([O:6][H:10])[H:12].[H:11][O:18][H:20],29.40697769851901,35.49005479142739,1.4978489483747734
YSSNFXZGTOLNNX_281_1-cata1_1,[C:0]([C:1]([O:7][H:11])([H:13])[H:14])(/[C:4](=[C:5](\[C:2]([C:3](=[O:9])[H:15])=[O:8])[H:17])[H:16])([O:6][H:10])[H:12].[O:18]([H:19])[H:20],[C:0]([C:1](=[O:7])[H:14])([C:4](/[C:5](=[C:2](/[C:3](=[O:9])[H:15])[O:8][H:20])[H:17])([H:13])[H:16])([O:6][H:10])[H:12].[H:11][O:18][H:19],33.0841833685091,42.50812103947202,-13.428776290630983
YSSNFXZGTOLNNX_281_1-cata1_2,[C:0]([C:1]([O:7][H:19])([H:13])[H:14])(/[C:4](=[C:5](\[C:2]([C:3](=[O:9])[H:15])=[O:8])[H:17])[H:16])([O:6][H:10])[H:12].[H:11][O:18][H:20],[C:0](=[C:4](\[C:5]([C:2]([C:3](=[O:9])[H:15])=[O:8])([H:17])[H:19])[H:16])(\[O:6][H:10])[H:12].[C:1](=[O:7])([H:13])[H:14].[H:11][O:18][H:20],38.57865655054811,44.879479439977445,16.600382409177797
YSSNFXZGTOLNNX_294_0-cata_1,[C:0]([C:1]([O:7][H:11])([H:13])[H:14])(/[C:4](=[C:5](\[C:2]([C:3](=[O:9])[H:15])=[O:8])[H:17])[H:16])([O:6][H:10])[H:12].[O:18]([H:19])[H:20],[C:0]([C:1]([O:7][H:11])([H:13])[H:14])([C:4]1([H:16])[C:5]([H:17])[C:2](=[O:8])[C:3]([H:15])[O:9]1)([O:6][H:10])[H:12].[O:18]([H:19])[H:20],33.37346524799214,43.29941051897172,TCIT fails
YSSNFXZGTOLNNX_60_4-cata1_2,[C:0]([C:1]([O:7][H:11])([H:13])[H:14])(/[C:4](=[C:5](/[C:2]([C:3](=[O:9])[H:15])=[O:8])[H:17])[H:16])([O:6][H:19])[H:12].[H:10][O:18][H:20],[C:0]([C:1]([O:7][H:11])([H:13])[H:14])([C:4]([C:5]([C:2]([C:3](=[O:9])[H:15])=[O:8])[H:17])([H:12])[H:16])[O:6][H:19].[H:10][O:18][H:20],36.23051600148407,41.194116146436606,TCIT fails
YSSNFXZGTOLNNX_89_0-cata_3,[C:0]([C:1]([O:7][H:11])([H:13])[H:14])(/[C:4](=[C:5](\[C:2]([C:3](=[O:9])[H:15])=[O:8])[H:17])[H:16])([O:6][H:10])[H:12].[O:18]([H:19])[H:20],[C:0](=[C:1](/[O:7][H:11])[H:14])(\[C:4](=[C:5](/[C:2]([C:3]([O:9][H:13])([H:12])[H:15])=[O:8])[H:17])[H:16])[O:6][H:10].[O:18]([H:19])[H:20],28.57050753499071,39.54753121845614,-10.27151051625239
ZGCHLOWZNKRZSN_104_1-cata_1,[C:0]([C:1]([C:3]([C:4]([C:5](=[O:10])[H:20])=[O:9])([H:18])[H:19])([O:7][H:12])[H:15])([C:2]([O:8][H:13])([H:16])[H:17])([O:6][H:11])[H:14].[O:21]([H:22])[H:23],[C:0]([C:1]1([H:15])[C:3]([H:18])([H:19])[C:4]2([C:5]([O:10][H:12])([H:20])[O:9]2)[O:7]1)([C:2]([O:8][H:13])([H:16])[H:17])([O:6][H:11])[H:14].[O:21]([H:22])[H:23],32.9360911265263,43.06221192792853,TCIT fails
ZGCHLOWZNKRZSN_106_1-cata_4,[C:0]([C:1]([C:3]([C:4]([C:5](=[O:10])[H:20])=[O:9])([H:18])[H:19])([O:7][H:12])[H:15])([C:2]([O:8][H:13])([H:16])[H:17])([O:6][H:11])[H:14].[O:21]([H:22])[H:23],[C:0]([C:1]1([H:15])[C:3]([H:18])([H:19])[C:4](=[O:9])[C:5]([O:10][H:22])([H:20])[O:7]1)([C:2]([O:8][H:12])([H:16])[H:17])([O:6][H:11])[H:14].[H:13][O:21][H:23],7.978783292544607,17.585326227974534,-5.449091778202671
ZGCHLOWZNKRZSN_119_1-cata_1,[C:0]([C:1]([C:3]([C:4]([C:5](=[O:10])[H:20])=[O:9])([H:18])[H:19])([O:7][H:11])[H:15])([C:2]([O:8][H:13])([H:16])[H:17])([O:6][H:22])[H:14].[H:12][O:21][H:23],[C:0]([C:1]([C:3]([C:4]([C:5](=[O:10])[H:20])([O:9][H:22])[O:21][H:23])([H:18])[H:19])([O:7][H:12])[H:15])([C:2]([O:8][H:13])([H:16])[H:17])([O:6][H:11])[H:14],17.40711353006778,30.351379495988837,-9.55640535372847
ZGCHLOWZNKRZSN_165_7-cata2_4,[C:0]([C:1]([C:3]([C:4]([C:5](=[O:10])[H:20])=[O:9])([H:18])[H:19])([O:7][H:12])[H:15])([C:2]([O:8][H:13])([H:16])[H:17])([O:6][H:11])[H:14].[O:21]([H:22])[H:23],[C:0]([C:1]([C:3]([C:4]([C:5](=[O:10])[H:20])([O:9][H:22])[O:21][H:23])([H:18])[H:19])([O:7][H:12])[H:15])([C:2]([O:8][H:13])([H:16])[H:17])([O:6][H:11])[H:14],30.742317914571903,40.3676861349543,-9.55640535372847
ZGCHLOWZNKRZSN_165_1-cata1_2,[C:0]([C:1]([C:3]([C:4]([C:5](=[O:10])[H:20])=[O:9])([H:18])[H:19])([O:7][H:12])[H:15])([C:2]([O:8][H:13])([H:16])[H:17])([O:6][H:11])[H:14].[O:21]([H:22])[H:23],[C:0]([C:1]([C:3]([C:4]([C:5]([O:10][H:22])([H:20])[O:21][H:23])=[O:9])([H:18])[H:19])([O:7][H:12])[H:15])([C:2]([O:8][H:13])([H:16])[H:17])([O:6][H:11])[H:14],32.89718553755319,41.38236899646069,-9.455783938814555
ZGCHLOWZNKRZSN_165_7-cata1_0,[C:0]([C:1]([C:3]([C:4]([C:5](=[O:10])[H:20])=[O:9])([H:18])[H:19])([O:7][H:12])[H:15])([C:2]([O:8][H:22])([H:16])[H:17])([O:6][H:11])[H:14].[H:13][O:21][H:23],[C:0]([C:1]([C:3]([C:4]([C:5]([O:10][H:22])([H:20])[O:21][H:23])=[O:9])([H:18])[H:19])([O:7][H:12])[H:15])([C:2]([O:8][H:13])([H:16])[H:17])([O:6][H:11])[H:14],15.25914851156906,27.257757660952123,-9.455783938814555
ZGCHLOWZNKRZSN_165_7-cata2_3,[C:0]([C:1]([C:3]([C:4]([C:5](=[O:10])[H:20])=[O:9])([H:18])[H:19])([O:7][H:12])[H:15])([C:2]([O:8][H:13])([H:16])[H:17])([O:6][H:11])[H:14].[O:21]([H:22])[H:23],[C:0]([C:1]([C:3]([C:4]([C:5]([O:10][H:22])([H:20])[O:21][H:23])=[O:9])([H:18])[H:19])([O:7][H:12])[H:15])([C:2]([O:8][H:13])([H:16])[H:17])([O:6][H:11])[H:14],32.81498179304672,43.30317557596221,-9.455783938814555
ZGCHLOWZNKRZSN_165_6-cata1_3,[C:0]([C:1]([C:3]([C:4]([C:5](=[O:10])[H:20])=[O:9])([H:18])[H:19])([O:7][H:22])[H:15])([C:2]([O:8][H:13])([H:16])[H:17])([O:6][H:11])[H:14].[H:12][O:21][H:23],[C:0]1([C:2]([O:8][H:13])([H:16])[H:17])([H:14])[C:1]([O:7][H:22])([H:15])[C:3]([H:18])([H:19])[C:4](=[O:9])[C:5]([O:10][H:12])([H:20])[O:6]1.[H:11][O:21][H:23],17.000487374095655,27.26403275593628,-2.833652007648182
ZGCHLOWZNKRZSN_172_0-cata_0,[C:0]([C:1]([C:3]([C:4]([C:5](=[O:10])[H:20])=[O:9])([H:18])[H:19])([O:7][H:12])[H:15])([C:2]([O:8][H:13])([H:16])[H:17])([O:6][H:11])[H:14].[O:21]([H:22])[H:23],[C:0]1([C:2]([O:8][H:13])([H:16])[H:17])([H:14])[C:1]([O:7][H:12])([H:15])[C:3]([H:18])([H:19])[C:4](=[O:9])[C:5]([O:10][H:23])([H:20])[O:6]1.[H:11][O:21][H:22],9.765302839028472,20.648827606944607,-2.833652007648182
ZGCHLOWZNKRZSN_173_0-cata_4,[C:0]([C:1]([C:3]([C:4]([C:5](=[O:10])[H:20])=[O:9])([H:18])[H:19])([O:7][H:22])[H:15])([C:2]([O:8][H:13])([H:16])[H:17])([O:6][H:11])[H:14].[H:12][O:21][H:23],[C:0]1([C:2]([O:8][H:13])([H:16])[H:17])([H:14])[C:1]([O:7][H:22])([H:15])[C:3]([H:18])([H:19])[C:4](=[O:9])[C:5]([O:10][H:12])([H:20])[O:6]1.[H:11][O:21][H:23],13.1638942910086,23.431832239480816,-2.833652007648182
ZGCHLOWZNKRZSN_17_0-cata_3,[C:0]([C:1]([C:3]([C:4]([C:5](=[O:10])[H:20])=[O:9])([H:18])[H:19])([O:7][H:12])[H:15])([C:2]([O:8][H:13])([H:16])[H:17])([O:6][H:22])[H:14].[H:11][O:21][H:23],[C:0]1([C:2]([O:8][H:13])([H:16])[H:17])([H:14])[C:1]([O:7][H:12])([H:15])[C:3]([H:18])([H:19])[C:4]([C:5](=[O:10])[H:20])([O:9][H:11])[O:6]1.[O:21]([H:22])[H:23],11.295171000018264,19.67242282498425,-0.9612810707456823
ZGCHLOWZNKRZSN_37_0-cata_1,[C:0]([C:1]([C:3]([C:4]([C:5](=[O:10])[H:20])=[O:9])([H:18])[H:19])([O:7][H:12])[H:15])([C:2]([O:8][H:13])([H:16])[H:17])([O:6][H:22])[H:14].[H:11][O:21][H:23],[C:0]1([C:2]([O:8][H:13])([H:16])[H:17])([H:14])[C:1]([O:7][H:12])([H:15])[C:3]([H:18])([H:19])[C:4]([C:5](=[O:10])[H:20])([O:9][H:23])[O:6]1.[H:11][O:21][H:22],12.523834601055126,21.220488761428093,-0.9612810707456823
ZGCHLOWZNKRZSN_37_0-cata_4,[C:0]([C:1]([C:3]([C:4]([C:5](=[O:10])[H:20])=[O:9])([H:18])[H:19])([O:7][H:12])[H:15])([C:2]([O:8][H:13])([H:16])[H:17])([O:6][H:22])[H:14].[H:11][O:21][H:23],[C:0]1([C:2]([O:8][H:13])([H:16])[H:17])([H:14])[C:1]([O:7][H:23])([H:15])[C:3]([H:18])([H:19])[C:4]([C:5](=[O:10])[H:20])([O:9][H:12])[O:6]1.[H:11][O:21][H:22],16.495342226515575,28.121838242482056,-0.9612810707456823
ZGCHLOWZNKRZSN_18_0-cata_1,[C:0]([C:1]([C:3]([C:4]([C:5](=[O:10])[H:20])=[O:9])([H:18])[H:19])([O:7][H:22])[H:15])([C:2]([O:8][H:13])([H:16])[H:17])([O:6][H:11])[H:14].[H:12][O:21][H:23],[C:0]([C:1](=[O:7])[H:15])([C:2]([O:8][H:13])([H:16])[H:17])([O:6][H:11])[H:14].[C:3](=[C:4]([C:5](=[O:10])[H:20])[O:9][H:22])([H:18])[H:19].[H:12][O:21][H:23],23.85414613305601,29.92906560248498,23.06548757170174
ZGCHLOWZNKRZSN_334_0-cata1_3,[C:0]([C:1]([C:3]([C:4]([C:5](=[O:10])[H:20])=[O:9])([H:18])[H:19])([O:7][H:12])[H:15])([C:2]([O:8][H:13])([H:16])[H:17])([O:6][H:11])[H:14].[O:21]([H:22])[H:23],[C:0]([C:1](=[O:7])[H:15])([C:2]([O:8][H:13])([H:16])[H:17])([O:6][H:11])[H:14].[C:3](=[C:4]([C:5](=[O:10])[H:20])[O:9][H:22])([H:18])[H:19].[H:12][O:21][H:23],25.10100750954693,31.704917487495777,23.06548757170174
ZGCHLOWZNKRZSN_208_0-cata_2,[C:0]([C:1]([C:3]([C:4]([C:5](=[O:10])[H:20])=[O:9])([H:18])[H:19])([O:7][H:12])[H:15])([C:2]([O:8][H:13])([H:16])[H:17])([O:6][H:11])[H:14].[O:21]([H:22])[H:23],[C:0]([C:1]([C:3]([C:4]([C:5]([O:10][H:22])[H:20])=[O:9])[H:19])([O:7][H:12])[H:15])([C:2]([O:8][H:13])([H:16])[H:17])([O:6][H:11])[H:14].[H:18][O:21][H:23],25.297417983050416,34.841209968496095,TCIT fails
ZGCHLOWZNKRZSN_271_0-cata_2,[C:0]([C:1]([C:3]([C:4]([C:5](=[O:10])[H:20])=[O:9])([H:18])[H:19])([O:7][H:12])[H:15])([C:2]([O:8][H:13])([H:16])[H:17])([O:6][H:11])[H:14].[O:21]([H:22])[H:23],[C:0]1([O:6][H:11])([H:14])[C:1]([O:7][H:12])([H:15])[C:3]([H:18])([H:19])[C:4](=[O:9])[C:5]([O:10][H:23])([H:20])[O:8][C:2]1([H:16])[H:17].[H:13][O:21][H:22],15.592356056012528,25.62623296093363,-6.960325047801164
ZGCHLOWZNKRZSN_284_0-cata2_2,[C:0]([C:1]([C:3]([C:4]([C:5](=[O:10])[H:20])=[O:9])([H:18])[H:19])([O:7][H:12])[H:15])([C:2]([O:8][H:13])([H:16])[H:17])([O:6][H:11])[H:14].[O:21]([H:22])[H:23],[C:0]([C:1]([C:3]([C:4]([C:5]([O:10][H:22])([H:16])[H:20])=[O:9])([H:18])[H:19])([O:7][H:13])[H:15])([C:2](=[O:8])[H:17])([O:6][H:11])[H:14].[H:12][O:21][H:23],31.236167891037823,38.14567499542851,-1.6290630975143476
ZGCHLOWZNKRZSN_346_0-cata_1,[C:0]([C:1]([C:3]([C:4]([C:5](=[O:10])[H:20])=[O:9])([H:18])[H:19])([O:7][H:12])[H:15])([C:2]([O:8][H:13])([H:16])[H:17])([O:6][H:11])[H:14].[O:21]([H:22])[H:23],[C:0]([C:1]([C:3]([C:4]([C:5](=[O:10])[H:20])([O:9][H:22])[H:16])([H:18])[H:19])([O:7][H:12])[H:15])([C:2](=[O:8])[H:17])([O:6][H:11])[H:14].[H:13][O:21][H:23],28.20592451548378,34.8801155574692,1.1684990439770306
ZGCHLOWZNKRZSN_346_0-cata_4,[C:0]([C:1]([C:3]([C:4]([C:5](=[O:10])[H:20])=[O:9])([H:18])[H:19])([O:7][H:12])[H:15])([C:2]([O:8][H:13])([H:16])[H:17])([O:6][H:11])[H:14].[O:21]([H:22])[H:23],[C:0]([C:1]([C:3]([C:4]([C:5](=[O:10])[H:20])([O:9][H:22])[H:17])([H:18])[H:19])([O:7][H:12])[H:15])([C:2](=[O:8])[H:16])([O:6][H:11])[H:14].[H:13][O:21][H:23],33.50084967652722,43.00385354443319,1.1684990439770306
ZGCHLOWZNKRZSN_74_0-cata_4,[C:0]([C:1]([C:3]([C:4]([C:5](=[O:10])[H:20])=[O:9])([H:18])[H:19])([O:7][H:12])[H:15])([C:2]([O:8][H:13])([H:16])[H:17])([O:6][H:11])[H:14].[O:21]([H:22])[H:23],[C:0]([C:1](/[C:3](=[C:4]1\[C:5]([O:10][H:22])([H:20])[O:9]1)[H:19])([O:7][H:12])[H:15])([C:2]([O:8][H:13])([H:16])[H:17])([O:6][H:11])[H:14].[H:18][O:21][H:23],30.379617423560216,40.26916714348901,34.07815487571701
ZGCHLOWZNKRZSN_75_0-cata_0,[C:0]([C:1]([C:3]([C:4]([C:5](=[O:10])[H:20])=[O:9])([H:18])[H:19])([O:7][H:12])[H:15])([C:2]([O:8][H:13])([H:16])[H:17])([O:6][H:11])[H:14].[O:21]([H:22])[H:23],[C:0](=[C:1](\[O:7][H:12])[H:15])(\[C:2]([O:8][H:13])([H:16])[H:17])[O:6][H:11].[C:3](=[C:4]([C:5](=[O:10])[H:20])[O:9][H:14])([H:18])[H:19].[O:21]([H:22])[H:23],31.00147933805964,37.77481688093742,33.85277246653919
FUDDL-XLYOF_14_0-cata_0,[C:0]1([O:5][H:7])([H:8])[C:1]([H:9])([H:10])[O:4][C:3](=[O:6])[C:2]1([H:11])[H:12].[O:13]([H:14])[H:15].[O:16]([H:17])[H:18],[C:0]1([O:5][H:7])([H:8])[C:1]([H:9])([H:10])[O:4][C:3]([O:6][H:17])([O:13][H:15])[C:2]1([H:11])[H:12].[H:14][O:16][H:18],7.614827782464753,30.91990310298024,3.788240917782032
FUDDL-XLYOF_14_0-cata_1,[C:0]1([O:5][H:7])([H:8])[C:1]([H:9])([H:10])[O:4][C:3](=[O:6])[C:2]1([H:11])[H:12].[O:13]([H:14])[H:15].[O:16]([H:17])[H:18],[C:0]1([O:5][H:7])([H:8])[C:1]([H:9])([H:10])[O:4][C:3]([O:6][H:17])([O:13][H:15])[C:2]1([H:11])[H:12].[H:14][O:16][H:18],7.058854365512999,30.393422632454023,3.788240917782032
FUDDL-XLYOF_14_0-cata_4,[C:0]1([O:5][H:7])([H:8])[C:1]([H:9])([H:10])[O:4][C:3](=[O:6])[C:2]1([H:11])[H:12].[O:13]([H:14])[H:15].[O:16]([H:17])[H:18],[C:0]1([O:5][H:7])([H:8])[C:1]([H:9])([H:10])[O:4][C:3]([O:6][H:17])([O:13][H:15])[C:2]1([H:11])[H:12].[H:14][O:16][H:18],13.808974057020745,35.67893515094989,3.788240917782032
FUDDL-XLYOF_19_0-cata1_0,[C:0]1([O:5][H:7])([H:8])[C:1]([H:9])([H:10])[O:4][C:3](=[O:6])[C:2]1([H:11])[H:12].[O:13]([H:14])[H:15].[O:16]([H:17])[H:18],[C:0]1([O:5][H:7])([H:8])[C:1]([H:9])([H:10])[O:4][C:3]([O:6][H:14])=[C:2]1[H:12].[H:11][O:16][H:18].[O:13]([H:15])[H:17],14.592733422539448,32.72085536799901,18.099426386233283
FUDDL-XLYOF_19_0-cata2_0,[C:0]1([O:5][H:7])([H:8])[C:1]([H:9])([H:10])[O:4][C:3](=[O:6])[C:2]1([H:11])[H:12].[O:13]([H:14])[H:15].[O:16]([H:17])[H:18],[C:0]1([O:5][H:7])([H:8])[C:1]([H:9])([H:10])[O:4][C:3]([O:6][H:17])=[C:2]1[H:12].[H:11][O:13][H:15].[H:14][O:16][H:18],15.848379932008186,34.147184461464846,18.099426386233283
FUDDL-XLYOF_19_0-cata2_3,[C:0]1([O:5][H:7])([H:8])[C:1]([H:9])([H:10])[O:4][C:3](=[O:6])[C:2]1([H:11])[H:12].[O:13]([H:14])[H:15].[O:16]([H:17])[H:18],[C:0]1([O:5][H:7])([H:8])[C:1]([H:9])([H:10])[O:4][C:3]([O:6][H:17])=[C:2]1[H:12].[H:11][O:13][H:15].[H:14][O:16][H:18],17.327419823483627,35.168769927453816,18.099426386233283
FUDDLSHBRSNCBV_18_0-cata_0,[C:0]1([O:5][H:7])([H:8])[C:1]([H:9])([H:10])[O:4][C:3](=[O:6])[C:2]1([H:11])[H:12].[O:13]([H:14])[H:15],[C:0]1([H:8])=[C:1]([H:10])[O:4][C:3](=[O:6])[C:2]1([H:11])[H:12].[H:9][O:13][H:15].[O:5]([H:7])[H:14],48.27995342048849,53.89490842650867,14.810468451242826
FUDDLSHBRSNCBV_20_0-cata_0,[C:0]1([O:5][H:7])([H:8])[C:1]([H:9])([H:10])[O:4][C:3](=[O:6])[C:2]1([H:11])[H:12].[O:13]([H:14])[H:15],[C:0]1([H:8])=[C:2]([H:12])[C:3](=[O:6])[O:4][C:1]1([H:9])[H:10].[H:11][O:13][H:15].[O:5]([H:7])[H:14],38.94888715546944,45.65319865348583,6.622370936902505
FUDDLSHBRSNCBV_20_0-cata_2,[C:0]1([O:5][H:7])([H:8])[C:1]([H:9])([H:10])[O:4][C:3](=[O:6])[C:2]1([H:11])[H:12].[O:13]([H:14])[H:15],[C:0]1([H:8])=[C:2]([H:12])[C:3](=[O:6])[O:4][C:1]1([H:9])[H:10].[H:11][O:13][H:15].[O:5]([H:7])[H:14],37.450394469471775,44.34044877948291,6.622370936902505
FUDDLSHBRSNCBV_31_0-cata2_0,[C:0]1([O:5][H:7])([H:8])[C:1]([H:9])([H:10])[O:4][C:3](=[O:6])[C:2]1([H:11])[H:12].[O:13]([H:14])[H:15],[C:0]1(=[O:5])[C:1]([H:9])([H:10])[O:4][C:3](=[O:6])[C:2]1([H:11])[H:12].[H:7][O:13][H:15].[H:8][H:14],51.63210916947885,57.51124567500976,23.27939770554492
FUDDLSHBRSNCBV_42_0-cata_0,[C:0]1([O:5][H:7])([H:8])[C:1]([H:9])([H:10])[O:4][C:3](=[O:6])[C:2]1([H:11])[H:12].[O:13]([H:14])[H:15],[C:0]([C:1]([O:4][H:14])([H:9])[H:10])([C:2](=[C:3]=[O:6])[H:12])([O:5][H:7])[H:8].[H:11][O:13][H:15],48.699757275963016,56.84106552898965,28.98637667304015
FUDDLSHBRSNCBV_44_0-cata_0,[C:0]1([O:5][H:7])([H:8])[C:1]([H:9])([H:10])[O:4][C:3](=[O:6])[C:2]1([H:11])[H:12].[O:13]([H:14])[H:15],[C:0]1([O:5][H:7])([H:8])[C:1]([H:9])([H:10])[O:4][C:3]([O:6][H:14])=[C:2]1[H:12].[H:11][O:13][H:15],34.35614512500799,41.92892977100755,18.099426386233283
FUDDLSHBRSNCBV_44_0-cata_3,[C:0]1([O:5][H:7])([H:8])[C:1]([H:9])([H:10])[O:4][C:3](=[O:6])[C:2]1([H:11])[H:12].[O:13]([H:14])[H:15],[C:0]1([O:5][H:7])([H:8])[C:1]([H:9])([H:10])[O:4][C:3]([O:6][H:14])=[C:2]1[H:12].[H:11][O:13][H:15],35.45240422148677,43.82965604648843,18.099426386233283
FUDDLSHBRSNCBV_56_0-cata_0,[C:0]1([O:5][H:7])([H:8])[C:1]([H:9])([H:10])[O:4][C:3](=[O:6])[C:2]1([H:11])[H:12].[O:13]([H:14])[H:15],[C:0]([C:1]([O:4][C:3](=[C:2]([H:11])[H:12])[O:6][H:14])([H:9])[H:10])(=[O:5])[H:8].[H:7][O:13][H:15],36.73503363945873,45.71030201798434,29.407026768642442
FUDDLSHBRSNCBV_7_0-cata_2,[C:0]1([O:5][H:7])([H:8])[C:1]([H:9])([H:10])[O:4][C:3](=[O:6])[C:2]1([H:11])[H:12].[O:13]([H:14])[H:15],[C:0]([C:2]([C:3]([O:4][C:1]([H:9])([H:10])[H:14])=[O:6])([H:11])[H:12])(=[O:5])[H:8].[H:7][O:13][H:15],57.66624052147513,64.265130423508,6.318355640535381
LYINK-XLYOF_10_0-cata_0,[C:0]1([H:6])([H:7])[C:1](=[O:5])[C:3]([H:9])=[C:2]([H:8])[O:4]1.[O:10]([H:11])[H:12].[O:13]([H:14])[H:15],[C:0]1([H:6])([H:7])[C:1](=[O:5])[C:3]([H:9])([H:14])[C:2]([H:8])([O:10][H:12])[O:4]1.[H:11][O:13][H:15],24.95668032451895,45.21519702248592,-11.634321223709367
LYINK-XLYOF_10_0-cata_1,[C:0]1([H:6])([H:7])[C:1](=[O:5])[C:3]([H:9])=[C:2]([H:8])[O:4]1.[O:10]([H:11])[H:12].[O:13]([H:14])[H:15],[C:0]1([H:6])([H:7])[C:1](=[O:5])[C:3]([H:9])([H:14])[C:2]([H:8])([O:10][H:12])[O:4]1.[H:11][O:13][H:15],22.75976956500113,43.72799950745973,-11.634321223709367
LYINK-XLYOF_10_0-cata_2,[C:0]1([H:6])([H:7])[C:1](=[O:5])[C:3]([H:9])=[C:2]([H:8])[O:4]1.[O:10]([H:11])[H:12].[O:13]([H:14])[H:15],[C:0]1([H:6])([H:7])[C:1](=[O:5])[C:3]([H:9])([H:14])[C:2]([H:8])([O:10][H:12])[O:4]1.[H:11][O:13][H:15],23.70981894802803,44.619062997457206,-11.634321223709367
LYINK-XLYOF_11_0-cata_3,[C:0]1([H:6])([H:7])[C:1](=[O:5])[C:3]([H:9])=[C:2]([H:8])[O:4]1.[O:10]([H:11])[H:12].[O:13]([H:14])[H:15],[C:0]1([H:6])([H:7])[C:1](=[O:5])[C:3]([H:9])([O:10][H:12])[C:2]([H:8])([H:14])[O:4]1.[H:11][O:13][H:15],48.990921684048296,67.96304390698148,-9.61830783938813
LYINK-XLYOF_19_0-cata1_0,[C:0]1([H:6])([H:7])[C:1](=[O:5])[C:3]([H:9])=[C:2]([H:8])[O:4]1.[O:10]([H:11])[H:12].[O:13]([H:14])[H:15],[H:6][O:13][H:15].[O:10]([H:12])[H:14].[c:0]1([H:7])[c:1]([O:5][H:11])[c:3]([H:9])[c:2]([H:8])[o:4]1,8.69916419854498,26.928942682961896,-8.381453154875713
LYINK-XLYOF_8_0-cata_0,[C:0]1([H:6])([H:7])[C:1](=[O:5])[C:3]([H:9])=[C:2]([H:8])[O:4]1.[O:10]([H:11])[H:12].[O:13]([H:14])[H:15],[C:0]1([H:6])([H:7])[C:1]([O:5][H:14])([O:10][H:12])[C:3]([H:9])=[C:2]([H:8])[O:4]1.[H:11][O:13][H:15],15.94501639501389,37.23892376797064,-5.03035372848949
LYINK-XLYOF_8_0-cata_2,[C:0]1([H:6])([H:7])[C:1](=[O:5])[C:3]([H:9])=[C:2]([H:8])[O:4]1.[O:10]([H:11])[H:12].[O:13]([H:14])[H:15],[C:0]1([H:6])([H:7])[C:1]([O:5][H:14])([O:10][H:12])[C:3]([H:9])=[C:2]([H:8])[O:4]1.[H:11][O:13][H:15],14.651091806034788,35.99206239147972,-5.03035372848949
NOEGN-XLYOF_12_0-cata_0,[C:0]([c:1]1[c:4]([H:13])[c:5]([H:14])[c:2]([C:3](=[O:8])[H:12])[o:6]1)([O:7][H:9])([H:10])[H:11].[O:15]([H:16])[H:17].[O:18]([H:19])[H:20],[C:0]([C:1]1=[C:4]([H:13])[C:5]([H:14])([O:15][H:17])[C:2]([C:3](=[O:8])[H:12])([H:19])[O:6]1)([O:7][H:9])([H:10])[H:11].[H:16][O:18][H:20],37.67190532298323,57.62043232791244,14.214866156787767
NOEGN-XLYOF_12_0-cata_3,[C:0]([c:1]1[c:4]([H:13])[c:5]([H:14])[c:2]([C:3](=[O:8])[H:12])[o:6]1)([O:7][H:9])([H:10])[H:11].[O:15]([H:16])[H:17].[O:18]([H:19])[H:20],[C:0]([C:1]1=[C:4]([H:13])[C:5]([H:14])([O:15][H:17])[C:2]([C:3](=[O:8])[H:12])([H:19])[O:6]1)([O:7][H:9])([H:10])[H:11].[H:16][O:18][H:20],36.170275089564825,56.35725570446271,14.214866156787767
NOEGN-XLYOF_14_0-cata_0,[C:0]([c:1]1[c:4]([H:13])[c:5]([H:14])[c:2]([C:3](=[O:8])[H:12])[o:6]1)([O:7][H:9])([H:10])[H:11].[O:15]([H:16])[H:17].[O:18]([H:19])[H:20],[C:0]([c:1]1[c:4]([H:13])[c:5]([H:14])[c:2]([C:3]([O:8][H:19])([H:12])[O:15][H:17])[o:6]1)([O:7][H:9])([H:10])[H:11].[H:16][O:18][H:20],12.009904320568564,34.630366776457706,1.0826959847036535
NOEGN-XLYOF_14_0-cata_2,[C:0]([c:1]1[c:4]([H:13])[c:5]([H:14])[c:2]([C:3](=[O:8])[H:12])[o:6]1)([O:7][H:9])([H:10])[H:11].[O:15]([H:16])[H:17].[O:18]([H:19])[H:20],[C:0]([c:1]1[c:4]([H:13])[c:5]([H:14])[c:2]([C:3]([O:8][H:19])([H:12])[O:15][H:17])[o:6]1)([O:7][H:9])([H:10])[H:11].[H:16][O:18][H:20],11.615200844995,33.229138062928484,1.0826959847036535
NOEGN-XLYOF_24_0-cata1_0,[C:0]([c:1]1[c:4]([H:13])[c:5]([H:14])[c:2]([C:3](=[O:8])[H:12])[o:6]1)([O:7][H:9])([H:10])[H:11].[O:15]([H:16])[H:17].[O:18]([H:19])[H:20],[C:0](=[C:1]1/[C:4]([H:13])([H:16])[C:5]([H:14])=[C:2]([C:3](=[O:8])[H:12])[O:6]1)(\[O:7][H:9])[H:11].[H:10][O:18][H:20].[O:15]([H:17])[H:19],37.614801958484726,55.64565993147583,24.524378585086044
NOEGN-XLYOF_24_0-cata2_2,[C:0]([c:1]1[c:4]([H:13])[c:5]([H:14])[c:2]([C:3](=[O:8])[H:12])[o:6]1)([O:7][H:9])([H:10])[H:11].[O:15]([H:16])[H:17].[O:18]([H:19])[H:20],[C:0](=[C:1]1\[C:4]([H:13])([H:19])[C:5]([H:14])=[C:2]([C:3](=[O:8])[H:12])[O:6]1)(\[O:7][H:9])[H:11].[H:10][O:15][H:17].[H:16][O:18][H:20],38.63575991504661,57.993172970970114,24.524378585086044
NOEGN-XLYOF_27_0-cata_0,[C:0]([c:1]1[c:4]([H:13])[c:5]([H:14])[c:2]([C:3](=[O:8])[H:12])[o:6]1)([O:7][H:9])([H:10])[H:11].[O:15]([H:16])[H:17].[O:18]([H:19])[H:20],[C:0]([C:1]1([H:19])[C:4]([H:13])=[C:5]([H:14])[C:2]([C:3](=[O:8])[H:12])([O:15][H:17])[O:6]1)([O:7][H:9])([H:10])[H:11].[H:16][O:18][H:20],38.17328541350148,57.84068816242706,10.463910133843227
NOEGN-XLYOF_27_0-cata_2,[C:0]([c:1]1[c:4]([H:13])[c:5]([H:14])[c:2]([C:3](=[O:8])[H:12])[o:6]1)([O:7][H:9])([H:10])[H:11].[O:15]([H:16])[H:17].[O:18]([H:19])[H:20],[C:0]([C:1]1([H:19])[C:4]([H:13])=[C:5]([H:14])[C:2]([C:3](=[O:8])[H:12])([O:15][H:17])[O:6]1)([O:7][H:9])([H:10])[H:11].[H:16][O:18][H:20],39.45528732204636,59.13461275144184,10.463910133843227
NOEGN-XLYOF_27_0-cata_4,[C:0]([c:1]1[c:4]([H:13])[c:5]([H:14])[c:2]([C:3](=[O:8])[H:12])[o:6]1)([O:7][H:9])([H:10])[H:11].[O:15]([H:16])[H:17].[O:18]([H:19])[H:20],[C:0]([C:1]1([H:19])[C:4]([H:13])=[C:5]([H:14])[C:2]([C:3](=[O:8])[H:12])([O:15][H:17])[O:6]1)([O:7][H:9])([H:10])[H:11].[H:16][O:18][H:20],36.46143949747176,56.31395754892935,10.463910133843227
NOEGN-XLYOF_30_0-cata_0,[C:0]([c:1]1[c:4]([H:13])[c:5]([H:14])[c:2]([C:3](=[O:8])[H:12])[o:6]1)([O:7][H:9])([H:10])[H:11].[O:15]([H:16])[H:17].[O:18]([H:19])[H:20],[C:0]([C:1]1=[C:4]([H:13])[C:5]([H:14])([O:15][H:17])/[C:2](=[C:3](\[O:8][H:19])[H:12])[O:6]1)([O:7][H:9])([H:10])[H:11].[H:16][O:18][H:20],16.77081889696212,38.283099575938245,29.916586998087965
NOEGN-XLYOF_33_0-cata2_0,[C:0]([c:1]1[c:4]([H:13])[c:5]([H:14])[c:2]([C:3](=[O:8])[H:12])[o:6]1)([O:7][H:9])([H:10])[H:11].[O:15]([H:16])[H:17].[O:18]([H:19])[H:20],[C:0]([C:1]1=[C:4]([H:13])[C:5]([H:14])([H:19])[C:2](=[C:3]=[O:8])[O:6]1)([O:7][H:9])([H:10])[H:11].[H:12][O:15][H:17].[H:16][O:18][H:20],60.39025926098192,76.12380495442333,35.67232313575526
NOEGN-XLYOF_5_0-cata_1,[C:0]([c:1]1[c:4]([H:13])[c:5]([H:14])[c:2]([C:3](=[O:8])[H:12])[o:6]1)([O:7][H:9])([H:10])[H:11].[O:15]([H:16])[H:17].[O:18]([H:19])[H:20],[C:0]([C:1]1([O:15][H:17])[C:4]([H:13])([H:19])[C:5]([H:14])=[C:2]([C:3](=[O:8])[H:12])[O:6]1)([O:7][H:9])([H:10])[H:11].[H:16][O:18][H:20],32.54013263202725,53.21531563797666,-4.279158699808795
NOEGN-XLYOF_5_0-cata_2,[C:0]([c:1]1[c:4]([H:13])[c:5]([H:14])[c:2]([C:3](=[O:8])[H:12])[o:6]1)([O:7][H:9])([H:10])[H:11].[O:15]([H:16])[H:17].[O:18]([H:19])[H:20],[C:0]([C:1]1([O:15][H:17])[C:4]([H:13])([H:19])[C:5]([H:14])=[C:2]([C:3](=[O:8])[H:12])[O:6]1)([O:7][H:9])([H:10])[H:11].[H:16][O:18][H:20],35.424793803520814,56.59131674794248,-4.279158699808795
NOEGN-XLYOF_5_0-cata_3,[C:0]([c:1]1[c:4]([H:13])[c:5]([H:14])[c:2]([C:3](=[O:8])[H:12])[o:6]1)([O:7][H:9])([H:10])[H:11].[O:15]([H:16])[H:17].[O:18]([H:19])[H:20],[C:0]([C:1]1([O:15][H:17])[C:4]([H:13])([H:19])[C:5]([H:14])=[C:2]([C:3](=[O:8])[H:12])[O:6]1)([O:7][H:9])([H:10])[H:11].[H:16][O:18][H:20],32.130368928491706,54.342950209411896,-4.279158699808795
NOEGN-XLYOF_6_0-cata_0,[C:0]([c:1]1[c:4]([H:13])[c:5]([H:14])[c:2]([C:3](=[O:8])[H:12])[o:6]1)([O:7][H:9])([H:10])[H:11].[O:15]([H:16])[H:17].[O:18]([H:19])[H:20],[C:0]([C:1]1([H:19])[C:4]([H:13])([O:15][H:17])[C:5]([H:14])=[C:2]([C:3](=[O:8])[H:12])[O:6]1)([O:7][H:9])([H:10])[H:11].[H:16][O:18][H:20],43.11241268801581,62.597210172474384,11.528441682600386
NOEGN-XLYOF_6_0-cata_1,[C:0]([c:1]1[c:4]([H:13])[c:5]([H:14])[c:2]([C:3](=[O:8])[H:12])[o:6]1)([O:7][H:9])([H:10])[H:11].[O:15]([H:16])[H:17].[O:18]([H:19])[H:20],[C:0]([C:1]1([H:19])[C:4]([H:13])([O:15][H:17])[C:5]([H:14])=[C:2]([C:3](=[O:8])[H:12])[O:6]1)([O:7][H:9])([H:10])[H:11].[H:16][O:18][H:20],40.13111505355221,59.97171042446856,11.528441682600386
NOEGN-XLYOF_6_0-cata_3,[C:0]([c:1]1[c:4]([H:13])[c:5]([H:14])[c:2]([C:3](=[O:8])[H:12])[o:6]1)([O:7][H:9])([H:10])[H:11].[O:15]([H:16])[H:17].[O:18]([H:19])[H:20],[C:0]([C:1]1([H:19])[C:4]([H:13])([O:15][H:17])[C:5]([H:14])=[C:2]([C:3](=[O:8])[H:12])[O:6]1)([O:7][H:9])([H:10])[H:11].[H:16][O:18][H:20],41.529206219518,61.25433984244051,11.528441682600386
NOEGNKMFWQHSLB_17_1-cata_0,[C:0]([c:1]1[c:4]([H:13])[c:5]([H:14])[c:2]([C:3](=[O:8])[H:12])[o:6]1)([O:7][H:9])([H:10])[H:11].[O:15]([H:16])[H:17],[C:0](=[C:1]1\[C:4]([H:13])([H:16])[C:5]([H:14])=[C:2]([C:3](=[O:8])[H:12])[O:6]1)(\[O:7][H:9])[H:11].[H:10][O:15][H:17],57.52630590293607,64.92652543644327,24.524378585086044
NOEGNKMFWQHSLB_17_1-cata_1,[C:0]([c:1]1[c:4]([H:13])[c:5]([H:14])[c:2]([C:3](=[O:8])[H:12])[o:6]1)([O:7][H:9])([H:10])[H:11].[O:15]([H:16])[H:17],[C:0](=[C:1]1/[C:4]([H:13])([H:16])[C:5]([H:14])=[C:2]([C:3](=[O:8])[H:12])[O:6]1)(\[O:7][H:9])[H:11].[H:10][O:15][H:17],56.85549824748888,63.89050725199075,24.524378585086044
NOEGNKMFWQHSLB_25_0-cata1_0,[C:0]([c:1]1[c:4]([H:13])[c:5]([H:14])[c:2]([C:3](=[O:8])[H:12])[o:6]1)([O:7][H:9])([H:10])[H:11].[O:15]([H:16])[H:17],[C:0]([c:1]1[c:4]([H:13])[c:5]([H:14])[c:2]([C:3](=[O:8])[H:12])[o:6]1)(=[O:7])[H:11].[H:10][H:16].[H:9][O:15][H:17],51.291371510983055,57.24580915643086,16.56500956022944
NOEGNKMFWQHSLB_37_0-cata_1,[C:0]([c:1]1[c:4]([H:13])[c:5]([H:14])[c:2]([C:3](=[O:8])[H:12])[o:6]1)([O:7][H:9])([H:10])[H:11].[O:15]([H:16])[H:17],[C:0]([C:1]1=[C:4]([H:13])[C:5]([H:14])([H:16])[C:2](=[C:3]=[O:8])[O:6]1)([O:7][H:9])([H:10])[H:11].[H:12][O:15][H:17],75.68392079496384,81.4507330999573,35.67232313575526
NOEGNKMFWQHSLB_65_0-cata_0,[C:0]([c:1]1[c:4]([H:13])[c:5]([H:14])[c:2]([C:3](=[O:8])[H:12])[o:6]1)([O:7][H:9])([H:10])[H:11].[O:15]([H:16])[H:17],[C:0](=[C:1]1\[C:4]([H:13])=[C:5]([H:14])[C:2]([C:3](=[O:8])[H:12])([H:16])[O:6]1)(\[O:7][H:9])[H:11].[H:10][O:15][H:17],58.23727416649587,65.82323651196216,20.658938814531552
NOEGNKMFWQHSLB_65_0-cata_4,[C:0]([c:1]1[c:4]([H:13])[c:5]([H:14])[c:2]([C:3](=[O:8])[H:12])[o:6]1)([O:7][H:9])([H:10])[H:11].[O:15]([H:16])[H:17],[C:0](=[C:1]1/[C:4]([H:13])=[C:5]([H:14])[C:2]([C:3](=[O:8])[H:12])([H:16])[O:6]1)(\[O:7][H:9])[H:11].[H:10][O:15][H:17],56.2166935764609,64.45965836848058,20.658938814531552
NOEGNKMFWQHSLB_8_0-cata_0,[C:0]([c:1]1[c:4]([H:13])[c:5]([H:14])[c:2]([C:3](=[O:8])[H:12])[o:6]1)([O:7][H:9])([H:10])[H:11].[O:15]([H:16])[H:17],[C:0](=[O:7])([H:10])[H:11].[H:9][O:15][H:17].[c:1]1([H:16])[c:4]([H:13])[c:5]([H:14])[c:2]([C:3](=[O:8])[H:12])[o:6]1,50.04827519148263,56.981627656955794,20.6668260038241
NOEGNKMFWQHSLB_8_0-cata_2,[C:0]([c:1]1[c:4]([H:13])[c:5]([H:14])[c:2]([C:3](=[O:8])[H:12])[o:6]1)([O:7][H:9])([H:10])[H:11].[O:15]([H:16])[H:17],[C:0](=[O:7])([H:10])[H:11].[H:9][O:15][H:17].[c:1]1([H:16])[c:4]([H:13])[c:5]([H:14])[c:2]([C:3](=[O:8])[H:12])[o:6]1,48.31132889551628,55.45928960994699,20.6668260038241
VOLMS-XLYOF_15_0-cata_0,[C:0]1([O:8][H:11])([H:12])[C:1]([H:13])([H:14])[O:6][C:5]([C:2]([H:15])([H:16])[H:17])=[C:4]([O:7][H:10])[C:3]1=[O:9].[O:18]([H:19])[H:20].[O:21]([H:22])[H:23],[C:0]1([O:8][H:11])([H:12])[C:1]([H:13])([H:14])[O:6][C:5]([C:2]([H:15])([H:16])[H:17])=[C:4]([O:7][H:10])[C:3]1([O:9][H:22])[O:18][H:20].[H:19][O:21][H:23],13.426820771486833,36.36103797743989,-1.72323135755259
VOLMS-XLYOF_15_0-cata_4,[C:0]1([O:8][H:11])([H:12])[C:1]([H:13])([H:14])[O:6][C:5]([C:2]([H:15])([H:16])[H:17])=[C:4]([O:7][H:10])[C:3]1=[O:9].[O:18]([H:19])[H:20].[O:21]([H:22])[H:23],[C:0]1([O:8][H:11])([H:12])[C:1]([H:13])([H:14])[O:6][C:5]([C:2]([H:15])([H:16])[H:17])=[C:4]([O:7][H:10])[C:3]1([O:9][H:22])[O:18][H:20].[H:19][O:21][H:23],14.014169663573387,37.08330141197119,-1.72323135755259
VOLMS-XLYOF_18_0-cata_0,[C:0]1([O:8][H:11])([H:12])[C:1]([H:13])([H:14])[O:6][C:5]([C:2]([H:15])([H:16])[H:17])=[C:4]([O:7][H:10])[C:3]1=[O:9].[O:18]([H:19])[H:20].[O:21]([H:22])[H:23],[C:0]1([O:8][H:11])([H:12])[C:1]([H:13])([H:14])[O:6][C:5]([C:2]([H:15])([H:16])[H:17])([O:18][H:20])[C:4]([O:7][H:10])([H:22])[C:3]1=[O:9].[H:19][O:21][H:23],29.48729891453024,51.27631128294974,-7.739961759082221
VOLMS-XLYOF_18_0-cata_1,[C:0]1([O:8][H:11])([H:12])[C:1]([H:13])([H:14])[O:6][C:5]([C:2]([H:15])([H:16])[H:17])=[C:4]([O:7][H:10])[C:3]1=[O:9].[O:18]([H:19])[H:20].[O:21]([H:22])[H:23],[C:0]1([O:8][H:11])([H:12])[C:1]([H:13])([H:14])[O:6][C:5]([C:2]([H:15])([H:16])[H:17])([O:18][H:20])[C:4]([O:7][H:10])([H:22])[C:3]1=[O:9].[H:19][O:21][H:23],26.91011739804509,48.99782428842386,-7.739961759082221
VOLMS-XLYOF_29_0-cata1_0,[C:0]1([O:8][H:11])([H:12])[C:1]([H:13])([H:14])[O:6][C:5]([C:2]([H:15])([H:16])[H:17])=[C:4]([O:7][H:10])[C:3]1=[O:9].[O:18]([H:19])[H:20].[O:21]([H:22])[H:23],[C:0]1([O:8][H:11])=[C:3]([O:9][H:19])[C:4]([O:7][H:10])=[C:5]([C:2]([H:15])([H:16])[H:17])[O:6][C:1]1([H:13])[H:14].[H:12][O:21][H:23].[O:18]([H:20])[H:22],18.95706199500687,38.12308465348554,7.620219885277256
VOLMS-XLYOF_31_0-cata2_0,[C:0]1([O:8][H:11])([H:12])[C:1]([H:13])([H:14])[O:6][C:5]([C:2]([H:15])([H:16])[H:17])=[C:4]([O:7][H:10])[C:3]1=[O:9].[O:18]([H:19])[H:20].[O:21]([H:22])[H:23],[C:0]1([O:8][H:11])([H:12])[C:1]([H:13])([H:14])[O:6][C:5](=[C:2]([H:16])[H:17])[C:4]([O:7][H:10])([H:22])[C:3]1=[O:9].[H:15][O:18][H:20].[H:19][O:21][H:23],26.77457534603061,47.11843333596045,21.042304015296406
VOLMS-XLYOF_32_0-cata1_1,[C:0]1([O:8][H:11])([H:12])[C:1]([H:13])([H:14])[O:6][C:5]([C:2]([H:15])([H:16])[H:17])=[C:4]([O:7][H:10])[C:3]1=[O:9].[O:18]([H:19])[H:20].[O:21]([H:22])[H:23],[C:0]1([O:8][H:11])([H:12])[C:1]([H:13])([H:14])[O:6][C:5](=[C:2]([H:16])[H:17])[C:4]([O:7][H:10])([H:19])[C:3]1=[O:9].[H:15][O:21][H:23].[O:18]([H:20])[H:22],32.603511091509915,51.85173749442372,21.042304015296406
VOLMS-XLYOF_34_0-cata_4,[C:0]1([O:8][H:11])([H:12])[C:1]([H:13])([H:14])[O:6][C:5]([C:2]([H:15])([H:16])[H:17])=[C:4]([O:7][H:10])[C:3]1=[O:9].[O:18]([H:19])[H:20].[O:21]([H:22])[H:23],[C:0]1([O:8][H:11])([H:12])[C:1]([H:13])([H:14])[O:6][C:5]([C:2]([H:15])([H:16])[H:17])([O:18][H:20])[C:4]([O:7][H:10])=[C:3]1[O:9][H:22].[H:19][O:21][H:23],22.673173254041416,45.77619051542499,-0.4390535372848922
VOLMS-XLYOF_35_0-cata2_0,[C:0]1([O:8][H:11])([H:12])[C:1]([H:13])([H:14])[O:6][C:5]([C:2]([H:15])([H:16])[H:17])=[C:4]([O:7][H:10])[C:3]1=[O:9].[O:18]([H:19])[H:20].[O:21]([H:22])[H:23],[C:0]1([O:8][H:11])([H:12])[C:1]([H:13])([H:14])[O:6][C:5]([C:2]([H:15])([H:16])[H:17])([H:22])[C:4](=[O:7])[C:3]1=[O:9].[H:10][O:18][H:20].[H:19][O:21][H:23],24.169783411472498,42.653703243461166,1.9858986615678702
VOLMS-XLYOF_35_0-cata2_2,[C:0]1([O:8][H:11])([H:12])[C:1]([H:13])([H:14])[O:6][C:5]([C:2]([H:15])([H:16])[H:17])=[C:4]([O:7][H:10])[C:3]1=[O:9].[O:18]([H:19])[H:20].[O:21]([H:22])[H:23],[C:0]1([O:8][H:11])([H:12])[C:1]([H:13])([H:14])[O:6][C:5]([C:2]([H:15])([H:16])[H:17])([H:22])[C:4](=[O:7])[C:3]1=[O:9].[H:10][O:18][H:20].[H:19][O:21][H:23],17.798051948508167,38.10174933046808,1.9858986615678702
VOLMS-XLYOF_35_0-cata2_3,[C:0]1([O:8][H:11])([H:12])[C:1]([H:13])([H:14])[O:6][C:5]([C:2]([H:15])([H:16])[H:17])=[C:4]([O:7][H:10])[C:3]1=[O:9].[O:18]([H:19])[H:20].[O:21]([H:22])[H:23],[C:0]1([O:8][H:11])([H:12])[C:1]([H:13])([H:14])[O:6][C:5]([C:2]([H:15])([H:16])[H:17])([H:22])[C:4](=[O:7])[C:3]1=[O:9].[H:10][O:18][H:20].[H:19][O:21][H:23],21.06988648145163,39.6755431564183,1.9858986615678702
VOLMS-XLYOF_36_0-cata2_3,[C:0]1([O:8][H:11])([H:12])[C:1]([H:13])([H:14])[O:6][C:5]([C:2]([H:15])([H:16])[H:17])=[C:4]([O:7][H:10])[C:3]1=[O:9].[O:18]([H:19])[H:20].[O:21]([H:22])[H:23],[C:0]1([O:8][H:11])([H:12])[C:1]([H:13])([H:14])[O:6][C:5]([C:2]([H:15])([H:16])[H:17])([H:22])[C:4](=[O:7])[C:3]1=[O:9].[H:10][O:18][H:20].[H:19][O:21][H:23],21.70241605749546,40.83329818392017,1.9858986615678702
VOLMSPGWNYJHQQ_137_0-cata_1,[C:0]1([O:8][H:11])([H:12])[C:1]([H:13])([H:14])[O:6][C:5]([C:2]([H:15])([H:16])[H:17])=[C:4]([O:7][H:10])[C:3]1=[O:9].[O:18]([H:19])[H:20],[C:0]1([H:12])=[C:1]([H:14])[O:6][C:5]([C:2]([H:15])([H:16])[H:17])([O:8][H:11])[C:4]([O:7][H:10])([H:19])[C:3]1=[O:9].[H:13][O:18][H:20],59.82048063499368,65.84268930648439,-2.6061185468451233
VOLMSPGWNYJHQQ_168_0-cata2_1,[C:0]1([O:8][H:11])([H:12])[C:1]([H:13])([H:14])[O:6][C:5]([C:2]([H:15])([H:16])[H:17])=[C:4]([O:7][H:10])[C:3]1=[O:9].[O:18]([H:19])[H:20],[C:0]1([O:8][H:11])([H:12])[C:1]([H:13])([H:14])[O:6][C:5](=[C:2]([H:16])[H:17])[C:4]([O:7][H:10])([H:19])[C:3]1=[O:9].[H:15][O:18][H:20],48.79827626749964,58.09357449100198,21.04230401529638
VOLMSPGWNYJHQQ_74_0-cata_1,[C:0]1([O:8][H:11])([H:12])[C:1]([H:13])([H:14])[O:6][C:5]([C:2]([H:15])([H:16])[H:17])=[C:4]([O:7][H:10])[C:3]1=[O:9].[O:18]([H:19])[H:20],[C:0]1([O:8][H:11])([H:12])[C:1]([H:13])([H:14])[O:6][C:5](=[C:2]([H:16])[H:17])[C:4]([O:7][H:10])([H:19])[C:3]1=[O:9].[H:15][O:18][H:20],50.814464291045695,59.771534893974575,21.04230401529638
VOLMSPGWNYJHQQ_74_3-cata2_0,[C:0]1([O:8][H:11])([H:12])[C:1]([H:13])([H:14])[O:6][C:5]([C:2]([H:15])([H:16])[H:17])=[C:4]([O:7][H:10])[C:3]1=[O:9].[O:18]([H:19])[H:20],[C:0]1([O:8][H:11])([H:12])[C:1]([H:13])([H:14])[O:6][C:5](=[C:2]([H:16])[H:17])[C:4]([O:7][H:10])([H:19])[C:3]1=[O:9].[H:15][O:18][H:20],51.61202886552955,60.42477228346612,21.04230401529638
VOLMSPGWNYJHQQ_31_0-cata_0,[C:0]1([O:8][H:11])([H:12])[C:1]([H:13])([H:14])[O:6][C:5]([C:2]([H:15])([H:16])[H:17])=[C:4]([O:7][H:10])[C:3]1=[O:9].[O:18]([H:19])[H:20],[C:0]([C:1]([O:6]/[C:5]([C:2]([H:15])([H:16])[H:17])=[C:4](\[C:3](=[O:9])[H:19])[O:7][H:10])([H:13])[H:14])(=[O:8])[H:12].[H:11][O:18][H:20],65.0658325455196,72.06068094198018,24.76529636711282
VOLMSPGWNYJHQQ_31_0-cata_1,[C:0]1([O:8][H:11])([H:12])[C:1]([H:13])([H:14])[O:6][C:5]([C:2]([H:15])([H:16])[H:17])=[C:4]([O:7][H:10])[C:3]1=[O:9].[O:18]([H:19])[H:20],[C:0]([C:1]([O:6]/[C:5]([C:2]([H:15])([H:16])[H:17])=[C:4](\[C:3](=[O:9])[H:19])[O:7][H:10])([H:13])[H:14])(=[O:8])[H:12].[H:11][O:18][H:20],66.29512365598353,73.6564376004463,24.76529636711282
VOLMSPGWNYJHQQ_34_0-cata_0,[C:0]1([O:8][H:11])([H:12])[C:1]([H:13])([H:14])[O:6][C:5]([C:2]([H:15])([H:16])[H:17])=[C:4]([O:7][H:10])[C:3]1=[O:9].[O:18]([H:19])[H:20],[H:13][O:18][H:20].[O:8]([H:11])[H:19].[c:0]1([H:12])[c:1]([H:14])[o:6][c:5]([C:2]([H:15])([H:16])[H:17])[c:4]([O:7][H:10])[c:3]1=[O:9],45.35262160299565,50.77304866393624,12.974426386233262
VOLMSPGWNYJHQQ_49_0-cata_0,[C:0]1([O:8][H:11])([H:12])[C:1]([H:13])([H:14])[O:6][C:5]([C:2]([H:15])([H:16])[H:17])=[C:4]([O:7][H:10])[C:3]1=[O:9].[O:18]([H:19])[H:20],[C:0]1([O:8][H:11])=[C:3]([O:9][H:19])[C:4]([O:7][H:10])=[C:5]([C:2]([H:15])([H:16])[H:17])[O:6][C:1]1([H:13])[H:14].[H:12][O:18][H:20],40.88914652949319,49.01915961144134,7.620219885277256
VOLMSPGWNYJHQQ_49_0-cata_2,[C:0]1([O:8][H:11])([H:12])[C:1]([H:13])([H:14])[O:6][C:5]([C:2]([H:15])([H:16])[H:17])=[C:4]([O:7][H:10])[C:3]1=[O:9].[O:18]([H:19])[H:20],[C:0]1([O:8][H:11])=[C:3]([O:9][H:19])[C:4]([O:7][H:10])=[C:5]([C:2]([H:15])([H:16])[H:17])[O:6][C:1]1([H:13])[H:14].[H:12][O:18][H:20],41.57062184648478,49.5475226104628,7.620219885277256
VOLMSPGWNYJHQQ_49_1-cata1_4,[C:0]1([O:8][H:11])([H:12])[C:1]([H:13])([H:14])[O:6][C:5]([C:2]([H:15])([H:16])[H:17])=[C:4]([O:7][H:10])[C:3]1=[O:9].[O:18]([H:19])[H:20],[C:0]1([O:8][H:11])=[C:3]([O:9][H:19])[C:4]([O:7][H:10])=[C:5]([C:2]([H:15])([H:16])[H:17])[O:6][C:1]1([H:13])[H:14].[H:12][O:18][H:20],39.03109089997592,46.35977435044972,7.620219885277256
VOLMSPGWNYJHQQ_49_2-cata1_4,[C:0]1([O:8][H:11])([H:12])[C:1]([H:13])([H:14])[O:6][C:5]([C:2]([H:15])([H:16])[H:17])=[C:4]([O:7][H:10])[C:3]1=[O:9].[O:18]([H:19])[H:20],[C:0]1([O:8][H:11])=[C:3]([O:9][H:19])[C:4]([O:7][H:10])=[C:5]([C:2]([H:15])([H:16])[H:17])[O:6][C:1]1([H:13])[H:14].[H:12][O:18][H:20],43.56484703751495,51.43758122447061,7.620219885277256
VOLMSPGWNYJHQQ_53_0-cata1_0,[C:0]1([O:8][H:11])([H:12])[C:1]([H:13])([H:14])[O:6][C:5]([C:2]([H:15])([H:16])[H:17])=[C:4]([O:7][H:10])[C:3]1=[O:9].[O:18]([H:19])[H:20],[C:0]1(=[O:8])[C:1]([H:13])([H:14])[O:6][C:5]([C:2]([H:15])([H:16])[H:17])=[C:4]([O:7][H:10])[C:3]1=[O:9].[H:11][O:18][H:20].[H:12][H:19],51.903193273507824,58.51024079894876,23.898422562141487
VOLMSPGWNYJHQQ_6_1-cata1_1,[C:0]1([O:8][H:11])([H:12])[C:1]([H:13])([H:14])[O:6][C:5]([C:2]([H:15])([H:16])[H:17])=[C:4]([O:7][H:10])[C:3]1=[O:9].[O:18]([H:19])[H:20],[C:0]1(=[O:8])[C:1]([H:13])([H:14])[O:6][C:5]([C:2]([H:15])([H:16])[H:17])=[C:4]([O:7][H:10])[C:3]1([O:9][H:19])[H:12].[H:11][O:18][H:20],33.26678863297611,41.443237417949696,6.221797323135764
VOLMSPGWNYJHQQ_6_2-cata1_3,[C:0]1([O:8][H:11])([H:12])[C:1]([H:13])([H:14])[O:6][C:5]([C:2]([H:15])([H:16])[H:17])=[C:4]([O:7][H:10])[C:3]1=[O:9].[O:18]([H:19])[H:20],[C:0]1(=[O:8])[C:1]([H:13])([H:14])[O:6][C:5]([C:2]([H:15])([H:16])[H:17])=[C:4]([O:7][H:10])[C:3]1([O:9][H:19])[H:12].[H:11][O:18][H:20],35.34008002094934,43.97586575997598,6.221797323135764
VOLMSPGWNYJHQQ_76_0-cata_1,[C:0]1([O:8][H:11])([H:12])[C:1]([H:13])([H:14])[O:6][C:5]([C:2]([H:15])([H:16])[H:17])=[C:4]([O:7][H:10])[C:3]1=[O:9].[O:18]([H:19])[H:20],[C:0]([C:1]([O:6][H:19])([H:13])[H:14])([C:3]([C:4](=[C:5]=[C:2]([H:16])[H:17])[O:7][H:10])=[O:9])([O:8][H:11])[H:12].[H:15][O:18][H:20],52.71079799996633,61.85612145299063,39.56118546845124
VOLMSPGWNYJHQQ_83_0-cata_0,[C:0]1([O:8][H:11])([H:12])[C:1]([H:13])([H:14])[O:6][C:5]([C:2]([H:15])([H:16])[H:17])=[C:4]([O:7][H:10])[C:3]1=[O:9].[O:18]([H:19])[H:20],[C:0]1([O:8][H:11])([H:12])[C:1]([H:13])([H:14])[O:6][C:5]([C:2]([H:15])([H:16])[H:17])([H:19])[C:4](=[O:7])[C:3]1=[O:9].[H:10][O:18][H:20],43.04966173803156,51.3152168719942,1.9858986615678702
VOLMSPGWNYJHQQ_83_0-cata_2,[C:0]1([O:8][H:11])([H:12])[C:1]([H:13])([H:14])[O:6][C:5]([C:2]([H:15])([H:16])[H:17])=[C:4]([O:7][H:10])[C:3]1=[O:9].[O:18]([H:19])[H:20],[C:0]1([O:8][H:11])([H:12])[C:1]([H:13])([H:14])[O:6][C:5]([C:2]([H:15])([H:16])[H:17])([H:19])[C:4](=[O:7])[C:3]1=[O:9].[H:10][O:18][H:20],41.05292650900772,49.42013818199906,1.9858986615678702
VOLMSPGWNYJHQQ_83_4-cata1_0,[C:0]1([O:8][H:11])([H:12])[C:1]([H:13])([H:14])[O:6][C:5]([C:2]([H:15])([H:16])[H:17])=[C:4]([O:7][H:10])[C:3]1=[O:9].[O:18]([H:19])[H:20],[C:0]1([O:8][H:19])([H:12])[C:1]([H:13])([H:14])[O:6][C:5]([C:2]([H:15])([H:16])[H:17])([H:11])[C:4](=[O:7])[C:3]1=[O:9].[H:10][O:18][H:20],48.76313573551702,57.24267160893878,1.9858986615678702
FUDDL-XLYOF_11_0-cata_2,[C:0]1([O:5][H:7])([H:8])[C:1]([H:9])([H:10])[O:4][C:3](=[O:6])[C:2]1([H:11])[H:12].[O:13]([H:14])[H:15].[O:16]([H:17])[H:18],[C:0]1([O:5][H:7])([H:8])[C:1]([H:9])([H:10])[O:4][C:3]([O:6][H:14])([O:13][H:15])[C:2]1([H:11])[H:12].[O:16]([H:17])[H:18],24.336700938479108,45.54903207649914,3.788240917782032
FUDDLSHBRSNCBV_42_0-cata_1,[C:0]1([O:5][H:7])([H:8])[C:1]([H:9])([H:10])[O:4][C:3](=[O:6])[C:2]1([H:11])[H:12].[O:13]([H:14])[H:15],[C:0]1([H:8])=[C:2]([H:12])[C:3](=[O:6])[O:4][C:1]1([H:9])[H:10].[H:11][O:13][H:14].[O:5]([H:7])[H:15],38.80393246097872,45.54212947198089,6.622370936902505
FUDDLSHBRSNCBV_44_4-cata1_1,[C:0]1([O:5][H:7])([H:8])[C:1]([H:9])([H:10])[O:4][C:3](=[O:6])[C:2]1([H:11])[H:12].[O:13]([H:14])[H:15],[C:0]1([H:8])=[C:2]([H:12])[C:3](=[O:6])[O:4][C:1]1([H:9])[H:10].[H:11][O:13][H:15].[O:5]([H:7])[H:14],37.450394469471775,44.34044877948291,6.622370936902505
FUDDLSHBRSNCBV_42_0-cata_2,[C:0]1([O:5][H:7])([H:8])[C:1]([H:9])([H:10])[O:4][C:3](=[O:6])[C:2]1([H:11])[H:12].[O:13]([H:14])[H:15],[C:0]1([O:5][H:7])([H:8])[C:1]([H:9])([H:10])[O:4][C:3]([O:6][H:14])=[C:2]1[H:12].[H:11][O:13][H:15],33.89053307597077,41.71996910750008,18.099426386233283
FUDDLSHBRSNCBV_67_0-cata2_0,[C:0]1([O:5][H:7])([H:8])[C:1]([H:9])([H:10])[O:4][C:3](=[O:6])[C:2]1([H:11])[H:12].[O:13]([H:14])[H:15],[C:0]1([O:5][H:7])([H:8])[C:1]([H:9])([H:10])[O:4][C:3]([O:6][H:14])=[C:2]1[H:12].[H:11][O:13][H:15],36.53611312796158,44.38813950150519,18.099426386233283
NOEGN-XLYOF_6_0-cata_2,[C:0]([c:1]1[c:4]([H:13])[c:5]([H:14])[c:2]([C:3](=[O:8])[H:12])[o:6]1)([O:7][H:9])([H:10])[H:11].[H:16][O:18][H:20].[O:15]([H:17])[H:19],[C:0]([C:1]1([O:15][H:17])[C:4]([H:13])=[C:5]([H:14])/[C:2](=[C:3](/[O:8][H:20])[H:12])[O:6]1)([O:7][H:9])([H:10])[H:11].[H:16][O:18][H:19],14.562612966544156,37.57401384094502,13.080544933078404
VOLMS-XLYOF_23_0-cata_2,[C:0]1([O:8][H:11])([H:12])[C:1]([H:13])([H:14])[O:6][C:5]([C:2]([H:15])([H:16])[H:17])=[C:4]([O:7][H:10])[C:3]1=[O:9].[O:18]([H:19])[H:20].[O:21]([H:22])[H:23],[C:0]1([O:8][H:11])([H:12])[C:1]([H:13])([H:14])[O:6][C:5]([C:2]([H:15])([H:16])[H:17])([O:18][H:20])[C:4]([O:7][H:10])=[C:3]1[O:9][H:23].[H:19][O:21][H:22],22.686350953508143,46.411857638960896,-0.4390535372848922
VOLMS-XLYOF_31_0-cata2_3,[C:0]1([O:8][H:11])([H:12])[C:1]([H:13])([H:14])[O:6][C:5]([C:2]([H:15])([H:16])[H:17])=[C:4]([O:7][H:10])[C:3]1=[O:9].[O:18]([H:19])[H:20].[O:21]([H:22])[H:23],[C:0]1([O:8][H:11])([H:12])[C:1]([H:13])([H:14])[O:6][C:5](=[C:2]([H:16])[H:17])[C:4]([O:7][H:10])([H:22])[C:3]1=[O:9].[H:15][O:18][H:20].[H:19][O:21][H:23],27.093350172081852,48.39729769694191,21.042304015296406
VOLMS-XLYOF_35_0-cata1_3,[C:0]1([O:8][H:11])([H:12])[C:1]([H:13])([H:14])[O:6][C:5]([C:2]([H:15])([H:16])[H:17])=[C:4]([O:7][H:23])[C:3]1=[O:9].[H:10][O:21][H:22].[O:18]([H:19])[H:20],[C:0]1([O:8][H:11])([H:12])[C:1]([H:13])([H:14])[O:6][C:5]([C:2]([H:15])([H:16])[H:17])([H:19])[C:4](=[O:7])[C:3]1=[O:9].[H:10][O:21][H:23].[O:18]([H:20])[H:22],21.06988648145163,39.6755431564183,1.9858986615678702
VOLMSPGWNYJHQQ_167_0-cata_0,[C:0]1([O:8][H:11])([H:12])[C:1]([H:13])([H:14])[O:6][C:5]([C:2]([H:15])([H:16])[H:17])=[C:4]([O:7][H:10])[C:3]1=[O:9].[O:18]([H:19])[H:20],[C:0]1([O:8][H:11])([H:12])[C:1]([H:13])([H:14])[O:6][C:5]([C:2]([H:15])([H:16])[H:17])([H:19])[C:4](=[O:7])[C:3]1=[O:9].[H:10][O:18][H:20],41.372956353984456,49.87131751250137,1.9858986615678702
VOLMSPGWNYJHQQ_41_1-cata_1,[C:0]1([O:8][H:20])([H:12])[C:1]([H:13])([H:14])[O:6][C:5]([C:2]([H:15])([H:16])[H:17])=[C:4]([O:7][H:10])[C:3]1=[O:9].[H:11][O:18][H:19],[C:0]1(/[C:3](=[C:4](\[C:5]([C:2]([H:15])([H:16])[H:17])=[O:6])[O:7][H:10])[O:9][H:11])([H:12])[C:1]([H:13])([H:14])[O:8]1.[O:18]([H:19])[H:20],35.28485918494608,44.588315031999166,28.494980879541096
VOLMSPGWNYJHQQ_43_0-cata_4,[C:0]1([O:8][H:19])([H:12])[C:1]([H:13])([H:14])[O:6][C:5]([C:2]([H:15])([H:16])[H:17])=[C:4]([O:7][H:10])[C:3]1=[O:9].[H:11][O:18][H:20],[C:0]1([O:8][H:19])=[C:3]([O:9][H:20])[C:4]([O:7][H:10])=[C:5]([C:2]([H:15])([H:16])[H:17])[O:6][C:1]1([H:13])[H:14].[H:11][O:18][H:12],38.050921061025065,45.900437396468,7.620219885277256
VOLMSPGWNYJHQQ_48_0-cata_1,[C:0]1([O:8][H:11])([H:12])[C:1]([H:13])([H:14])[O:6][C:5]([C:2]([H:15])([H:16])[H:17])=[C:4]([O:7][H:10])[C:3]1=[O:9].[O:18]([H:19])[H:20],[C:0]1([O:8][H:11])=[C:3]([O:9][H:20])[C:4]([O:7][H:10])=[C:5]([C:2]([H:15])([H:16])[H:17])[O:6][C:1]1([H:13])[H:14].[H:12][O:18][H:19],41.57062184648478,49.5475226104628,7.620219885277256
VOLMSPGWNYJHQQ_49_3-cata1_3,[C:0]1([O:8][H:11])([H:12])[C:1]([H:13])([H:14])[O:6][C:5]([C:2]([H:15])([H:16])[H:17])=[C:4]([O:7][H:10])[C:3]1=[O:9].[O:18]([H:19])[H:20],[C:0]1([O:8][H:11])([H:12])[C:1]([H:13])([H:14])[O:6][C:5]([C:2]([H:15])([H:16])[H:17])[C:4](=[O:7])[C:3]1[O:9][H:19].[H:10][O:18][H:20],10.04893713302576,18.73053106543675,TCIT fails
VOLMSPGWNYJHQQ_74_0-cata_2,[C:0]1([O:8][H:11])([H:12])[C:1]([H:13])([H:14])[O:6][C:5]([C:2]([H:15])([H:16])[H:17])=[C:4]([O:7][H:10])[C:3]1=[O:9].[O:18]([H:19])[H:20],[C:0]1([O:8][H:11])([H:12])[C:1]([H:13])([H:14])[O:6][C:5](=[C:2]([H:16])[H:17])[C:4]([O:7][H:19])=[C:3]1[O:9][H:10].[H:15][O:18][H:20],39.171653027977726,48.80831641947429,11.73326959847036
CTGBNCQSXIBQHY_138_0-cata_1,[C:0]1([C:1]([O:8][H:11])([H:13])[H:14])([O:7][H:10])[C:4]([H:16])=[C:5]([H:17])/[C:2](=[C:3](/[O:9][H:12])[H:15])[O:6]1.[O:18]([H:19])[H:20],[C:0]([C:1]([O:8][H:11])([H:13])[H:14])(/[C:4](=[C:5](\[C:2]([C:3]([O:9][H:12])([H:15])[H:19])=[O:6])[H:17])[H:16])=[O:7].[H:10][O:18][H:20],28.09485533405018,35.45930682600502,-12.737571701720837
CTGBNCQSXIBQHY_138_0-cata_2,[C:0]1([C:1]([O:8][H:11])([H:13])[H:14])([O:7][H:10])[C:4]([H:16])=[C:5]([H:17])/[C:2](=[C:3](/[O:9][H:12])[H:15])[O:6]1.[O:18]([H:19])[H:20],[C:0]([C:1]([O:8][H:11])([H:13])[H:14])(/[C:4](=[C:5](\[C:2]([C:3]([O:9][H:12])([H:15])[H:19])=[O:6])[H:17])[H:16])=[O:7].[H:10][O:18][H:20],26.750729985019472,34.198640240477616,-12.737571701720837
CTGBNCQSXIBQHY_138_0-cata_4,[C:0]1([C:1]([O:8][H:11])([H:13])[H:14])([O:7][H:10])[C:4]([H:16])=[C:5]([H:17])/[C:2](=[C:3](/[O:9][H:12])[H:15])[O:6]1.[O:18]([H:19])[H:20],[C:0]([C:1]([O:8][H:11])([H:13])[H:14])(/[C:4](=[C:5](\[C:2]([C:3]([O:9][H:12])([H:15])[H:19])=[O:6])[H:17])[H:16])=[O:7].[H:10][O:18][H:20],25.90359216008944,33.09547853948059,-12.737571701720837
CTGBNCQSXIBQHY_169_0-cata_0,[C:0]1([C:1]([O:8][H:11])([H:13])[H:14])([O:7][H:10])[C:4]([H:16])=[C:5]([H:17])/[C:2](=[C:3](/[O:9][H:12])[H:15])[O:6]1.[O:18]([H:19])[H:20],[C:0]1([C:1]([O:8][H:11])([H:13])[H:14])([O:7][H:10])[C:4]([H:16])([H:19])[C:5]([H:17])=[C:2]([C:3](=[O:9])[H:15])[O:6]1.[H:12][O:18][H:20],34.20868039259494,43.886131901488525,-17.359703632887197
CTGBNCQSXIBQHY_169_0-cata_4,[C:0]1([C:1]([O:8][H:11])([H:13])[H:14])([O:7][H:10])[C:4]([H:16])=[C:5]([H:17])/[C:2](=[C:3](/[O:9][H:12])[H:15])[O:6]1.[O:18]([H:19])[H:20],[C:0]1([C:1]([O:8][H:11])([H:13])[H:14])([O:7][H:10])[C:4]([H:16])([H:19])[C:5]([H:17])=[C:2]([C:3](=[O:9])[H:15])[O:6]1.[H:12][O:18][H:20],35.2723089950491,45.34007141302734,-17.359703632887197
CTGBNCQSXIBQHY_26_0-cata_0,[C:0]1([C:1]([O:8][H:11])([H:13])[H:14])([O:7][H:10])[C:4]([H:16])=[C:5]([H:17])/[C:2](=[C:3](/[O:9][H:12])[H:15])[O:6]1.[O:18]([H:19])[H:20],[C:0]([C:1]([O:8][H:11])([H:13])[H:14])([O:6]/[C:2](=[C:3](\[O:9][H:12])[H:15])[C:5](=[C:4]([H:16])[H:19])[H:17])=[O:7].[H:10][O:18][H:20],32.941738712083385,40.19135596547145,0.23064053537285656
CTGBNCQSXIBQHY_26_0-cata_3,[C:0]1([C:1]([O:8][H:11])([H:13])[H:14])([O:7][H:10])[C:4]([H:16])=[C:5]([H:17])/[C:2](=[C:3](/[O:9][H:12])[H:15])[O:6]1.[O:18]([H:19])[H:20],[C:0]([C:1]([O:8][H:11])([H:13])[H:14])([O:6]/[C:2](=[C:3](\[O:9][H:12])[H:15])[C:5](=[C:4]([H:16])[H:19])[H:17])=[O:7].[H:10][O:18][H:20],33.727380606026,40.79251006652315,0.23064053537285656
CTGBNCQSXIBQHY_26_0-cata_4,[C:0]1([C:1]([O:8][H:11])([H:13])[H:14])([O:7][H:10])[C:4]([H:16])=[C:5]([H:17])/[C:2](=[C:3](/[O:9][H:12])[H:15])[O:6]1.[O:18]([H:19])[H:20],[C:0]([C:1]([O:8][H:11])([H:13])[H:14])([O:6]/[C:2](=[C:3](\[O:9][H:12])[H:15])[C:5](=[C:4]([H:16])[H:19])[H:17])=[O:7].[H:10][O:18][H:20],31.846107125067345,38.200268322004696,0.23064053537285656
CTGBNCQSXIBQHY_43_0-cata_0,[C:0]1([C:1]([O:8][H:11])([H:13])[H:14])([O:7][H:10])[C:4]([H:16])=[C:5]([H:17])/[C:2](=[C:3](/[O:9][H:12])[H:15])[O:6]1.[O:18]([H:19])[H:20],[C:0]([C:1]([O:8][H:11])([H:13])[H:14])(/[C:4](=[C:5]([C:2](=[C:3](\[O:9][H:12])[H:15])\[O:6][H:19])/[H:17])[H:16])=[O:7].[H:10][O:18][H:20],12.963091251087544,20.53524838751735,-9.335086042065008
CTGBNCQSXIBQHY_43_0-cata_1,[C:0]1([C:1]([O:8][H:11])([H:13])[H:14])([O:7][H:10])[C:4]([H:16])=[C:5]([H:17])/[C:2](=[C:3](/[O:9][H:12])[H:15])[O:6]1.[O:18]([H:19])[H:20],[C:0]([C:1]([O:8][H:11])([H:13])[H:14])(/[C:4](=[C:5]([C:2](=[C:3](\[O:9][H:12])[H:15])\[O:6][H:19])/[H:17])[H:16])=[O:7].[H:10][O:18][H:20],15.473756760526603,23.732409290006665,-9.335086042065008
CTGBNCQSXIBQHY_43_0-cata_4,[C:0]1([C:1]([O:8][H:11])([H:13])[H:14])([O:7][H:10])[C:4]([H:16])=[C:5]([H:17])/[C:2](=[C:3](/[O:9][H:12])[H:15])[O:6]1.[O:18]([H:19])[H:20],[C:0]([C:1]([O:8][H:11])([H:13])[H:14])(/[C:4](=[C:5]([C:2](=[C:3](\[O:9][H:12])[H:15])\[O:6][H:19])/[H:17])[H:16])=[O:7].[H:10][O:18][H:20],11.945898351587484,19.850008013535263,-9.335086042065008
CTGBNCQSXIBQHY_74_0-cata_0,[C:0]1([C:1]([O:8][H:11])([H:13])[H:14])([O:7][H:10])[C:4]([H:16])=[C:5]([H:17])/[C:2](=[C:3](/[O:9][H:12])[H:15])[O:6]1.[O:18]([H:19])[H:20],[C:0]1([C:1]([O:8][H:11])([H:13])[H:14])([O:7][H:10])[C:4]([H:16])=[C:5]([H:17])[C:2]([C:3](=[O:9])[H:15])([H:19])[O:6]1.[H:12][O:18][H:20],35.722233306554585,44.15596098652067,-4.8355640535372775
CTGBNCQSXIBQHY_74_0-cata_2,[C:0]1([C:1]([O:8][H:11])([H:13])[H:14])([O:7][H:10])[C:4]([H:16])=[C:5]([H:17])/[C:2](=[C:3](/[O:9][H:12])[H:15])[O:6]1.[O:18]([H:19])[H:20],[C:0]1([C:1]([O:8][H:11])([H:13])[H:14])([O:7][H:10])[C:4]([H:16])=[C:5]([H:17])[C:2]([C:3](=[O:9])[H:15])([H:19])[O:6]1.[H:12][O:18][H:20],35.05581821752497,43.4449927230322,-4.8355640535372775
CTGBNCQSXIBQHY_74_0-cata_3,[C:0]1([C:1]([O:8][H:11])([H:13])[H:14])([O:7][H:10])[C:4]([H:16])=[C:5]([H:17])/[C:2](=[C:3](/[O:9][H:12])[H:15])[O:6]1.[O:18]([H:19])[H:20],[C:0]1([C:1]([O:8][H:11])([H:13])[H:14])([O:7][H:10])[C:4]([H:16])=[C:5]([H:17])[C:2]([C:3](=[O:9])[H:15])([H:19])[O:6]1.[H:12][O:18][H:20],30.4925691335604,39.364925953989136,-4.8355640535372775
CTGBNCQSXIBQHY_74_0-cata_4,[C:0]1([C:1]([O:8][H:11])([H:13])[H:14])([O:7][H:10])[C:4]([H:16])=[C:5]([H:17])/[C:2](=[C:3](/[O:9][H:12])[H:15])[O:6]1.[O:18]([H:19])[H:20],[C:0]1([C:1]([O:8][H:11])([H:13])[H:14])([O:7][H:10])[C:4]([H:16])=[C:5]([H:17])[C:2]([C:3](=[O:9])[H:15])([H:19])[O:6]1.[H:12][O:18][H:20],38.727376302100666,46.655331324988246,-4.8355640535372775
CTGBNCQSXIBQHY_77_0-cata_3,[C:0]1([C:1]([O:8][H:11])([H:13])[H:14])([O:7][H:10])[C:4]([H:16])=[C:5]([H:17])/[C:2](=[C:3](/[O:9][H:12])[H:15])[O:6]1.[O:18]([H:19])[H:20],[C:0]([C:1]([O:8][H:11])([H:13])[H:14])([C:4](=[C:5]([H:17])[H:19])[H:16])([O:6][C:2]#[C:3][O:9][H:12])[O:7][H:10].[H:15][O:18][H:20],78.82523335209416,87.05502044450442,48.587954110898664
QYOPP-XLYOF_12_0-cata_2,[C:0]1([O:7][H:10])([H:13])/[C:2](=[C:4](/[O:9][H:12])[H:16])[O:6][C:3]([C:1]([O:8][H:11])([H:14])[H:15])=[C:5]1[H:17].[O:18]([H:19])[H:20].[O:21]([H:22])[H:23],[C:0]1([O:7][H:10])([H:13])[C:2]([C:4]([O:9][H:12])([H:16])[O:18][H:20])([H:22])[O:6][C:3]([C:1]([O:8][H:11])([H:14])[H:15])=[C:5]1[H:17].[H:19][O:21][H:23],25.857156457135343,46.35600929345922,-14.684034416826
QYOPP-XLYOF_12_0-cata_4,[C:0]1([O:7][H:10])([H:13])/[C:2](=[C:4](/[O:9][H:12])[H:16])[O:6][C:3]([C:1]([O:8][H:11])([H:14])[H:15])=[C:5]1[H:17].[O:18]([H:19])[H:20].[O:21]([H:22])[H:23],[C:0]1([O:7][H:10])([H:13])[C:2]([C:4]([O:9][H:12])([H:16])[O:18][H:20])([H:22])[O:6][C:3]([C:1]([O:8][H:11])([H:14])[H:15])=[C:5]1[H:17].[H:19][O:21][H:23],29.34046169154427,51.02216993544933,-14.684034416826
QYOPP-XLYOF_16_0-cata_0,[C:0]1([O:7][H:10])([H:13])/[C:2](=[C:4](\[O:9][H:12])[H:16])[O:6][C:3]([C:1]([O:8][H:11])([H:14])[H:15])=[C:5]1[H:17].[O:18]([H:19])[H:20].[O:21]([H:22])[H:23],[C:0]1([O:7][H:10])([H:13])/[C:2](=[C:4](\[O:9][H:12])[H:16])[O:6][C:3]([C:1]([O:8][H:11])([H:14])[H:15])([H:22])[C:5]1([H:17])[O:18][H:20].[H:19][O:21][H:23],33.77820887561169,54.9177489114588,-6.584369024856591
QYOPP-XLYOF_16_0-cata_3,[C:0]1([O:7][H:10])([H:13])/[C:2](=[C:4](\[O:9][H:12])[H:16])[O:6][C:3]([C:1]([O:8][H:11])([H:14])[H:15])=[C:5]1[H:17].[O:18]([H:19])[H:20].[O:21]([H:22])[H:23],[C:0]1([O:7][H:10])([H:13])/[C:2](=[C:4](\[O:9][H:12])[H:16])[O:6][C:3]([C:1]([O:8][H:11])([H:14])[H:15])([H:22])[C:5]1([H:17])[O:18][H:20].[H:19][O:21][H:23],38.33392784559528,60.154943198433976,-6.584369024856591
QYOPP-XLYOF_35_0-cata_0,[C:0]1([O:7][H:10])([H:13])/[C:2](=[C:4](\[O:9][H:12])[H:16])[O:6][C:3]([C:1]([O:8][H:11])([H:14])[H:15])=[C:5]1[H:17].[O:18]([H:19])[H:20].[O:21]([H:22])[H:23],[C:0]1([O:7][H:10])([H:13])/[C:2](=[C:4](\[O:9][H:12])[H:16])[O:6][C:3](=[C:1]([H:14])[H:15])[C:5]1([H:17])[O:18][H:20].[H:19][O:21][H:23].[O:8]([H:11])[H:22],26.18283388752648,47.16173149142248,0.6782982791586916
QYOPP-XLYOF_41_0-cata1_0,[C:0]1([O:7][H:10])([H:13])/[C:2](=[C:4](\[O:9][H:12])[H:16])[O:6][C:3]([C:1]([O:8][H:11])([H:14])[H:15])=[C:5]1[H:17].[O:18]([H:19])[H:20].[O:21]([H:22])[H:23],[C:0]1([O:7][H:10])([H:13])[C:2]([C:4](=[O:9])[H:16])([H:19])[O:6][C:3]([C:1]([O:8][H:11])([H:14])[H:15])=[C:5]1[H:17].[H:12][O:21][H:23].[O:18]([H:20])[H:22],-0.4034886084087036,20.390921202453704,-15.701720841300197
QYOPP-XLYOF_41_0-cata1_4,[C:0]1([O:7][H:10])([H:13])/[C:2](=[C:4](\[O:9][H:12])[H:16])[O:6][C:3]([C:1]([O:8][H:11])([H:14])[H:15])=[C:5]1[H:17].[O:18]([H:19])[H:20].[O:21]([H:22])[H:23],[C:0]1([O:7][H:10])([H:13])[C:2]([C:4](=[O:9])[H:16])([H:19])[O:6][C:3]([C:1]([O:8][H:11])([H:14])[H:15])=[C:5]1[H:17].[H:12][O:21][H:23].[O:18]([H:20])[H:22],8.121227949113006,26.83230621995619,-15.701720841300197
QYOPPFUVDVKXIN_123_0-cata_0,[C:0]1([O:7][H:10])([H:13])/[C:2](=[C:4](\[O:9][H:12])[H:16])[O:6][C:3]([C:1]([O:8][H:11])([H:14])[H:15])=[C:5]1[H:17].[O:18]([H:19])[H:20],[H:12][O:18][H:20].[O:7]([H:10])[H:19].[c:0]1([H:13])[c:2]([C:4](=[O:9])[H:16])[o:6][c:3]([C:1]([O:8][H:11])([H:14])[H:15])[c:5]1[H:17],2.596006801580293,9.573912441440967,-29.916586998087965
QYOPPFUVDVKXIN_144_0-cata2_0,[C:0]1([O:7][H:10])([H:13])/[C:2](=[C:4](\[O:9][H:12])[H:16])[O:6][C:3]([C:1]([O:8][H:11])([H:14])[H:15])=[C:5]1[H:17].[O:18]([H:19])[H:20],[H:13][O:18][H:20].[c:0]1([O:7][H:10])[c:2]([C:4]([O:9][H:12])([H:16])[H:19])[o:6][c:3]([C:1]([O:8][H:11])([H:14])[H:15])[c:5]1[H:17],51.80969435810121,58.615034885469534,-20.723470363288715
QYOPPFUVDVKXIN_14_0-cata_0,[C:0]1([O:7][H:10])([H:13])/[C:2](=[C:4](\[O:9][H:12])[H:16])[O:6][C:3]([C:1]([O:8][H:11])([H:14])[H:15])=[C:5]1[H:17].[O:18]([H:19])[H:20],[C:0](/[C:5](=[C:3](/[C:1]([O:8][H:11])([H:14])[H:15])[O:6]/[C:2](=[C:4](/[O:9][H:12])[H:16])[H:19])[H:17])(=[O:7])[H:13].[H:10][O:18][H:20],23.41802703051567,28.16388137894725,4.553776290630974
QYOPPFUVDVKXIN_14_0-cata_3,[C:0]1([O:7][H:10])([H:13])/[C:2](=[C:4](\[O:9][H:12])[H:16])[O:6][C:3]([C:1]([O:8][H:11])([H:14])[H:15])=[C:5]1[H:17].[O:18]([H:19])[H:20],[C:0](/[C:5](=[C:3](/[C:1]([O:8][H:11])([H:14])[H:15])[O:6]/[C:2](=[C:4](/[O:9][H:12])[H:16])[H:19])[H:17])(=[O:7])[H:13].[H:10][O:18][H:20],22.154850407065943,27.59535777195584,4.553776290630974
QYOPPFUVDVKXIN_167_0-cata1_4,[C:0]1([O:7][H:10])([H:13])/[C:2](=[C:4](\[O:9][H:12])[H:16])[O:6][C:3]([C:1]([O:8][H:11])([H:14])[H:15])=[C:5]1[H:17].[O:18]([H:19])[H:20],[C:0]1([O:7][H:10])([H:13])/[C:2](=[C:4](\[O:9][H:12])[H:16])[O:6][C:3]([C:1](=[O:8])[H:15])([H:14])[C:5]1([H:17])[H:19].[H:11][O:18][H:20],35.43797150305888,41.89880931494092,-7.556883365200777
QYOPPFUVDVKXIN_20_1-cata_2,[C:0]1([O:7][H:10])([H:13])/[C:2](=[C:4](\[O:9][H:12])[H:16])[O:6][C:3]([C:1]([O:8][H:11])([H:14])[H:15])=[C:5]1[H:17].[O:18]([H:19])[H:20],[C:0]1([O:7][H:10])([H:13])/[C:2](=[C:4](\[O:9][H:12])[H:16])[O:6]/[C:3](=[C:1](/[O:8][H:11])[H:15])[C:5]1([H:17])[H:19].[H:14][O:18][H:20],47.17428168153347,54.19234792943544,3.955066921606119
QYOPPFUVDVKXIN_20_1-cata_4,[C:0]1([O:7][H:10])([H:13])/[C:2](=[C:4](\[O:9][H:12])[H:16])[O:6][C:3]([C:1]([O:8][H:11])([H:14])[H:15])=[C:5]1[H:17].[O:18]([H:19])[H:20],[C:0]1([O:7][H:10])([H:13])/[C:2](=[C:4](\[O:9][H:12])[H:16])[O:6]/[C:3](=[C:1](/[O:8][H:11])[H:15])[C:5]1([H:17])[H:19].[H:14][O:18][H:20],48.57237284749927,55.70339080547275,3.955066921606119
QYOPPFUVDVKXIN_27_0-cata_1,[C:0]1([O:7][H:10])([H:13])/[C:2](=[C:4](\[O:9][H:12])[H:16])[O:6][C:3]([C:1]([O:8][H:11])([H:14])[H:15])=[C:5]1[H:17].[O:18]([H:19])[H:20],[C:0](/[C:2](=[C:4](\[O:9][H:12])[H:16])[O:6][C:3]([C:1]([O:8][H:11])([H:14])[H:15])=[C:5]([H:17])[H:19])(=[O:7])[H:13].[H:10][O:18][H:20],31.29640880302841,39.12521732495229,4.279636711281058
QYOPPFUVDVKXIN_69_0-cata_1,[C:0]1([O:7][H:10])([H:13])/[C:2](=[C:4](\[O:9][H:12])[H:16])[O:6][C:3]([C:1]([O:8][H:11])([H:14])[H:15])=[C:5]1[H:17].[O:18]([H:19])[H:20],[C:0](/[C:2](=[C:4](\[O:9][H:12])[H:16])[O:6][H:19])([C:5](=[C:3]=[C:1]([O:8][H:11])[H:15])[H:17])([O:7][H:10])[H:13].[H:14][O:18][H:20],56.77894208853949,65.26600807594224,14.105162523900564
QYOPPFUVDVKXIN_72_0-cata1_0,[C:0]1([O:7][H:10])([H:13])/[C:2](=[C:4](\[O:9][H:12])[H:16])[O:6][C:3]([C:1]([O:8][H:11])([H:14])[H:15])=[C:5]1[H:17].[O:18]([H:19])[H:20],[C:0]1([O:7][H:10])([H:13])/[C:2](=[C:4](\[O:9][H:12])[H:16])[O:6][C:3]([C:1](=[O:8])[H:15])=[C:5]1[H:17].[H:11][O:18][H:20].[H:14][H:19],52.50936745054685,59.16159565994505,18.50310707456977
QYOPPFUVDVKXIN_74_0-cata_0,[C:0]1([O:7][H:10])([H:13])/[C:2](=[C:4](\[O:9][H:12])[H:16])[O:6][C:3]([C:1]([O:8][H:11])([H:14])[H:15])=[C:5]1[H:17].[O:18]([H:19])[H:20],[C:0]1([O:7][H:10])([H:13])[C:2]([C:4](=[O:9])[H:16])([H:19])[O:6][C:3]([C:1]([O:8][H:11])([H:14])[H:15])=[C:5]1[H:17].[H:12][O:18][H:20],27.74784258057023,35.40157595193676,-15.701720841300197
QYOPPFUVDVKXIN_74_0-cata_4,[C:0]1([O:7][H:10])([H:13])/[C:2](=[C:4](\[O:9][H:12])[H:16])[O:6][C:3]([C:1]([O:8][H:11])([H:14])[H:15])=[C:5]1[H:17].[O:18]([H:19])[H:20],[C:0]1([O:7][H:10])([H:13])[C:2]([C:4](=[O:9])[H:16])([H:19])[O:6][C:3]([C:1]([O:8][H:11])([H:14])[H:15])=[C:5]1[H:17].[H:12][O:18][H:20],26.312100844556813,34.29025662746032,-15.701720841300197
QYOPPFUVDVKXIN_74_2-cata1_0,[C:0]1([O:7][H:10])([H:13])/[C:2](=[C:4](\[O:9][H:12])[H:16])[O:6][C:3]([C:1]([O:8][H:11])([H:14])[H:15])=[C:5]1[H:17].[O:18]([H:19])[H:20],[C:0]1([O:7][H:10])([H:13])[C:2]([C:4](=[O:9])[H:16])([H:19])[O:6][C:3]([C:1]([O:8][H:11])([H:14])[H:15])=[C:5]1[H:17].[H:12][O:18][H:20],29.55130488358266,36.521052899963934,-15.701720841300197
QYOPPFUVDVKXIN_74_3-cata1_3,[C:0]1([O:7][H:10])([H:13])/[C:2](=[C:4](\[O:9][H:12])[H:16])[O:6][C:3]([C:1]([O:8][H:11])([H:14])[H:15])=[C:5]1[H:17].[O:18]([H:19])[H:20],[C:0]1([O:7][H:10])([H:13])[C:2]([C:4](=[O:9])[H:16])([H:19])[O:6][C:3]([C:1]([O:8][H:11])([H:14])[H:15])=[C:5]1[H:17].[H:12][O:18][H:20],19.854400580024176,29.60778073844007,-15.701720841300197
VBWWS-XLYOF_10_0-cata_1,[C:0]([c:2]1[c:4]([H:16])[c:5]([H:17])[c:3]([C:1]([O:9][H:12])([H:14])[H:15])[o:6]1)([O:7][H:10])([O:8][H:11])[H:13].[O:18]([H:19])[H:20].[O:21]([H:22])[H:23],[C:0]([C:2]1([H:22])[C:4]([H:16])([O:18][H:20])[C:5]([H:17])=[C:3]([C:1]([O:9][H:12])([H:14])[H:15])[O:6]1)([O:7][H:10])([O:8][H:11])[H:13].[H:19][O:21][H:23],34.4948247245859,54.70376817199967,14.149856596558338
VBWWS-XLYOF_13_0-cata_0,[C:0]([c:2]1[c:4]([H:16])[c:5]([H:17])[c:3]([C:1]([O:9][H:12])([H:14])[H:15])[o:6]1)([O:7][H:10])([O:8][H:11])[H:13].[O:18]([H:19])[H:20].[O:21]([H:22])[H:23],[C:0]([C:2]1=[C:4]([H:16])[C:5]([H:17])([H:22])[C:3]([C:1]([O:9][H:12])([H:14])[H:15])([O:18][H:20])[O:6]1)([O:7][H:10])([O:8][H:11])[H:13].[H:19][O:21][H:23],29.856902010095837,50.31559423852112,-1.0501912045889115
VBWWS-XLYOF_13_0-cata_2,[C:0]([c:2]1[c:4]([H:16])[c:5]([H:17])[c:3]([C:1]([O:9][H:12])([H:14])[H:15])[o:6]1)([O:7][H:10])([O:8][H:11])[H:13].[O:18]([H:19])[H:20].[O:21]([H:22])[H:23],[C:0]([C:2]1=[C:4]([H:16])[C:5]([H:17])([H:22])[C:3]([C:1]([O:9][H:12])([H:14])[H:15])([O:18][H:20])[O:6]1)([O:7][H:10])([O:8][H:11])[H:13].[H:19][O:21][H:23],29.22688247211701,51.506607269510354,-1.0501912045889115
VBWWS-XLYOF_13_0-cata_4,[C:0]([c:2]1[c:4]([H:16])[c:5]([H:17])[c:3]([C:1]([O:9][H:12])([H:14])[H:15])[o:6]1)([O:7][H:10])([O:8][H:11])[H:13].[O:18]([H:19])[H:20].[O:21]([H:22])[H:23],[C:0]([C:2]1=[C:4]([H:16])[C:5]([H:17])([H:22])[C:3]([C:1]([O:9][H:12])([H:14])[H:15])([O:18][H:20])[O:6]1)([O:7][H:10])([O:8][H:11])[H:13].[H:19][O:21][H:23],33.86041262004682,55.02191548848116,-1.0501912045889115
VBWWS-XLYOF_14_0-cata_0,[C:0]([c:2]1[c:4]([H:16])[c:5]([H:17])[c:3]([C:1]([O:9][H:12])([H:14])[H:15])[o:6]1)([O:7][H:10])([O:8][H:11])[H:13].[O:18]([H:19])[H:20].[O:21]([H:22])[H:23],[C:0]([C:2]1=[C:4]([H:16])[C:5]([H:17])([O:18][H:20])[C:3]([C:1]([O:9][H:12])([H:14])[H:15])([H:22])[O:6]1)([O:7][H:10])([O:8][H:11])[H:13].[H:19][O:21][H:23],29.23880515258691,52.1071338609923,16.168499043977054
VBWWS-XLYOF_14_0-cata_2,[C:0]([c:2]1[c:4]([H:16])[c:5]([H:17])[c:3]([C:1]([O:9][H:12])([H:14])[H:15])[o:6]1)([O:7][H:10])([O:8][H:11])[H:13].[O:18]([H:19])[H:20].[O:21]([H:22])[H:23],[C:0]([C:2]1=[C:4]([H:16])[C:5]([H:17])([O:18][H:20])[C:3]([C:1]([O:9][H:12])([H:14])[H:15])([H:22])[O:6]1)([O:7][H:10])([O:8][H:11])[H:13].[H:19][O:21][H:23],39.45089475555745,59.18983358751644,16.168499043977054
VBWWS-XLYOF_9_0-cata_4,[C:0]([c:2]1[c:4]([H:16])[c:5]([H:17])[c:3]([C:1]([O:9][H:12])([H:14])[H:15])[o:6]1)([O:7][H:10])([O:8][H:11])[H:13].[O:18]([H:19])[H:20].[O:21]([H:22])[H:23],[C:0]([C:2]1([O:18][H:20])[C:4]([H:16])([H:22])[C:5]([H:17])=[C:3]([C:1]([O:9][H:12])([H:14])[H:15])[O:6]1)([O:7][H:10])([O:8][H:11])[H:13].[H:19][O:21][H:23],31.593220796635105,52.85763522302364,-5.417543021032484
VBWWSBXCWJGBEU_100_0-cata_3,[C:0]([c:2]1[c:4]([H:16])[c:5]([H:17])[c:3]([C:1]([O:9][H:12])([H:14])[H:15])[o:6]1)([O:7][H:10])([O:8][H:11])[H:13].[O:18]([H:19])[H:20],[C:0]([C:2]1([H:19])[C:4]([H:16])=[C:5]([H:17])/[C:3](=[C:1](\[O:9][H:12])[H:15])[O:6]1)([O:7][H:10])([O:8][H:11])[H:13].[H:14][O:18][H:20],54.66737262102022,63.22032710604198,16.002390057361364
VBWWSBXCWJGBEU_19_0-cata_0,[C:0]([c:2]1[c:4]([H:16])[c:5]([H:17])[c:3]([C:1]([O:9][H:12])([H:14])[H:15])[o:6]1)([O:7][H:10])([O:8][H:11])[H:13].[O:18]([H:19])[H:20],[C:0]([c:2]1[c:4]([H:16])[c:5]([H:17])[c:3]([C:1]([O:9][H:12])([H:14])[H:15])[o:6]1)(=[O:8])[H:13].[H:11][O:18][H:20].[O:7]([H:10])[H:19],15.891050578043131,23.98215807101817,-1.0826959847036535
VBWWSBXCWJGBEU_19_0-cata_1,[C:0]([c:2]1[c:4]([H:16])[c:5]([H:17])[c:3]([C:1]([O:9][H:12])([H:14])[H:15])[o:6]1)([O:7][H:10])([O:8][H:11])[H:13].[O:18]([H:19])[H:20],[C:0]([c:2]1[c:4]([H:16])[c:5]([H:17])[c:3]([C:1]([O:9][H:12])([H:14])[H:15])[o:6]1)(=[O:8])[H:13].[H:11][O:18][H:20].[O:7]([H:10])[H:19],13.424938243062924,21.094986861530938,-1.0826959847036535
VBWWSBXCWJGBEU_19_0-cata_3,[C:0]([c:2]1[c:4]([H:16])[c:5]([H:17])[c:3]([C:1]([O:9][H:12])([H:14])[H:15])[o:6]1)([O:7][H:10])([O:8][H:11])[H:13].[O:18]([H:19])[H:20],[C:0]([c:2]1[c:4]([H:16])[c:5]([H:17])[c:3]([C:1]([O:9][H:12])([H:14])[H:15])[o:6]1)(=[O:8])[H:13].[H:11][O:18][H:20].[O:7]([H:10])[H:19],15.049560338598845,22.434092134502983,-1.0826959847036535
VBWWSBXCWJGBEU_19_0-cata_4,[C:0]([c:2]1[c:4]([H:16])[c:5]([H:17])[c:3]([C:1]([O:9][H:12])([H:14])[H:15])[o:6]1)([O:7][H:10])([O:8][H:11])[H:13].[O:18]([H:19])[H:20],[C:0]([c:2]1[c:4]([H:16])[c:5]([H:17])[c:3]([C:1]([O:9][H:12])([H:14])[H:15])[o:6]1)(=[O:8])[H:13].[H:11][O:18][H:20].[O:7]([H:10])[H:19],14.267055992076967,21.83858561900836,-1.0826959847036535
VBWWSBXCWJGBEU_29_0-cata1_1,[C:0]([c:2]1[c:4]([H:16])[c:5]([H:17])[c:3]([C:1]([O:9][H:12])([H:14])[H:15])[o:6]1)([O:7][H:10])([O:8][H:11])[H:13].[O:18]([H:19])[H:20],[C:0]([c:2]1[c:4]([H:16])[c:5]([H:17])[c:3]([C:1]([O:9][H:12])([H:14])[H:15])[o:6]1)(=[O:7])[O:8][H:11].[H:10][O:18][H:20].[H:13][H:19],44.73828980254856,50.42415338203239,-4.242351816443621
VBWWSBXCWJGBEU_29_0-cata1_2,[C:0]([c:2]1[c:4]([H:16])[c:5]([H:17])[c:3]([C:1]([O:9][H:12])([H:14])[H:15])[o:6]1)([O:7][H:10])([O:8][H:11])[H:13].[O:18]([H:19])[H:20],[C:0]([c:2]1[c:4]([H:16])[c:5]([H:17])[c:3]([C:1]([O:9][H:12])([H:14])[H:15])[o:6]1)(=[O:7])[O:8][H:11].[H:10][O:18][H:20].[H:13][H:19],46.51414168755935,51.85173749449506,-4.242351816443621
VBWWSBXCWJGBEU_36_0-cata_0,[C:0]([c:2]1[c:4]([H:16])[c:5]([H:17])[c:3]([C:1]([O:9][H:12])([H:14])[H:15])[o:6]1)([O:7][H:10])([O:8][H:11])[H:13].[O:18]([H:19])[H:20],[C:0]([c:2]1[c:4]([H:16])[c:5]([H:17])[c:3]([H:19])[o:6]1)([O:7][H:10])([O:8][H:11])[H:13].[C:1](=[O:9])([H:14])[H:15].[H:12][O:18][H:20],46.08806273699367,53.46129936199766,15.842017208413004
VBWWSBXCWJGBEU_36_0-cata_1,[C:0]([c:2]1[c:4]([H:16])[c:5]([H:17])[c:3]([C:1]([O:9][H:12])([H:14])[H:15])[o:6]1)([O:7][H:10])([O:8][H:11])[H:13].[O:18]([H:19])[H:20],[C:0]([c:2]1[c:4]([H:16])[c:5]([H:17])[c:3]([H:19])[o:6]1)([O:7][H:10])([O:8][H:11])[H:13].[C:1](=[O:9])([H:14])[H:15].[H:12][O:18][H:20],45.193234190041366,52.88022556503794,15.842017208413004
VBWWSBXCWJGBEU_36_0-cata_4,[C:0]([c:2]1[c:4]([H:16])[c:5]([H:17])[c:3]([C:1]([O:9][H:12])([H:14])[H:15])[o:6]1)([O:7][H:10])([O:8][H:11])[H:13].[O:18]([H:19])[H:20],[C:0]([c:2]1[c:4]([H:16])[c:5]([H:17])[c:3]([H:19])[o:6]1)([O:7][H:10])([O:8][H:11])[H:13].[C:1](=[O:9])([H:14])[H:15].[H:12][O:18][H:20],44.23502718353506,52.07513087650176,15.842017208413004
VBWWSBXCWJGBEU_9_0-cata_1,[C:0]([c:2]1[c:4]([H:16])[c:5]([H:17])[c:3]([C:1]([O:9][H:12])([H:14])[H:15])[o:6]1)([O:7][H:10])([O:8][H:11])[H:13].[O:18]([H:19])[H:20],[C:0](=[O:7])([O:8][H:11])[H:13].[C:1]([c:3]1[c:5]([H:17])[c:4]([H:16])[c:2]([H:19])[o:6]1)([O:9][H:12])([H:14])[H:15].[H:10][O:18][H:20],35.83016494056744,43.70917422250726,3.52318355640535
VBWWSBXCWJGBEU_9_0-cata_2,[C:0]([c:2]1[c:4]([H:16])[c:5]([H:17])[c:3]([C:1]([O:9][H:12])([H:14])[H:15])[o:6]1)([O:7][H:10])([O:8][H:11])[H:13].[O:18]([H:19])[H:20],[C:0](=[O:7])([O:8][H:11])[H:13].[C:1]([c:3]1[c:5]([H:17])[c:4]([H:16])[c:2]([H:19])[o:6]1)([O:9][H:12])([H:14])[H:15].[H:10][O:18][H:20],39.15220023352684,46.82475888998852,3.52318355640535
CTGBN-XLYOF_10_0-cata_1,[C:0]1([C:1]([O:8][H:11])([H:13])[H:14])([O:7][H:10])[C:4]([H:16])=[C:5]([H:17])/[C:2](=[C:3](/[O:9][H:12])[H:15])[O:6]1.[O:18]([H:19])[H:20].[O:21]([H:22])[H:23],[C:0]([C:1]([O:8][H:11])([H:13])[H:14])(/[C:4](=[C:5](\[C:2]([C:3]([O:9][H:12])([H:15])[H:22])=[O:6])[H:17])[H:16])=[O:7].[H:10][O:18][H:20].[H:19][O:21][H:23],5.114829934570098,24.05118411598657,-12.737571701720864
CTGBN-XLYOF_11_0-cata_3,[C:0]1([C:1]([O:8][H:11])([H:13])[H:14])([O:7][H:10])[C:4]([H:16])=[C:5]([H:17])/[C:2](=[C:3](/[O:9][H:12])[H:15])[O:6]1.[O:18]([H:19])[H:20].[O:21]([H:22])[H:23],[C:0]1([C:1]([O:8][H:11])([H:13])[H:14])([O:7][H:10])[C:4]([H:16])=[C:5]([H:17])[C:2]([C:3](=[O:9])[H:15])([H:22])[O:6]1.[H:12][O:18][H:20].[H:19][O:21][H:23],7.029988928585877,27.10527285248041,-4.8355640535372775
CTGBN-XLYOF_30_0-cata_0,[C:0]1([C:1]([O:8][H:11])([H:13])[H:14])([O:7][H:10])[C:4]([H:16])=[C:5]([H:17])/[C:2](=[C:3](\[O:9][H:12])[H:15])[O:6]1.[O:18]([H:19])[H:20].[O:21]([H:22])[H:23],[C:0]1([C:1]([O:8][H:11])([H:13])[H:14])([O:7][H:10])[C:4]([H:16])([H:22])[C:5]([H:17])=[C:2]([C:3](=[O:9])[H:15])[O:6]1.[H:12][O:18][H:20].[H:19][O:21][H:23],13.160129234089448,31.979766648515245,-17.359703632887197
CTGBN-XLYOF_31_0-cata_2,[C:0]1([C:1]([O:8][H:11])([H:13])[H:14])([O:7][H:10])[C:4]([H:16])=[C:5]([H:17])/[C:2](=[C:3](\[O:9][H:12])[H:15])[O:6]1.[O:18]([H:19])[H:20].[O:21]([H:22])[H:23],[C:1](=[O:8])([H:13])[H:14].[H:11][O:18][H:20].[H:19][O:21][H:23].[c:0]1([O:7][H:10])[c:4]([H:16])[c:5]([H:17])[c:2]([C:3]([O:9][H:12])([H:15])[H:22])[o:6]1,19.620967046114163,41.400566771986085,8.745697896749517
CTGBNCQSXIBQHY_141_0-cata_1,[C:0]1([C:1]([O:8][H:11])([H:13])[H:14])([O:7][H:10])[C:4]([H:16])=[C:5]([H:17])/[C:2](=[C:3](/[O:9][H:20])[H:15])[O:6]1.[H:12][O:18][H:19],[C:0](\[C:1]([O:8][H:11])([H:13])[H:14])(=[C:4]([C:5](=[C:2](\[C:3](=[O:9])[H:15])[O:6][H:19])\[H:17])/[H:16])[O:7][H:10].[H:12][O:18][H:20],16.36168270306767,26.79340063098308,-7.386472275334601
CTGBNCQSXIBQHY_141_0-cata_3,[C:0]1([C:1]([O:8][H:11])([H:13])[H:14])([O:7][H:10])[C:4]([H:16])=[C:5]([H:17])/[C:2](=[C:3](/[O:9][H:12])[H:15])[O:6]1.[O:18]([H:19])[H:20],[C:0](\[C:1]([O:8][H:11])([H:13])[H:14])(=[C:4]([C:5](=[C:2](\[C:3](=[O:9])[H:15])[O:6][H:19])\[H:17])/[H:16])[O:7][H:10].[H:12][O:18][H:20],18.217228294519945,28.32013124448079,-7.386472275334601
CTGBNCQSXIBQHY_168_0-cata1_4,[C:0]1([C:1]([O:8][H:11])([H:13])[H:14])([O:7][H:10])[C:4]([H:16])=[C:5]([H:17])/[C:2](=[C:3](/[O:9][H:12])[H:15])[O:6]1.[O:18]([H:19])[H:20],[C:0]1([C:1]([O:8][H:11])([H:13])[H:14])([O:7][H:10])[C:4]([H:16])=[C:5]([H:17])[C:2]([C:3](=[O:9])[H:15])([H:19])[O:6]1.[H:12][O:18][H:20],30.4925691335604,39.364925953989136,-4.8355640535372775
CTGBNCQSXIBQHY_177_1-cata1_0,[C:0]1([C:1]([O:8][H:11])([H:13])[H:14])([O:7][H:10])[C:4]([H:16])=[C:5]([H:17])/[C:2](=[C:3](\[O:9][H:20])[H:15])[O:6]1.[H:12][O:18][H:19],[C:0]1([C:1]([O:8][H:11])([H:13])[H:14])([O:7][H:10])[C:4]([H:16])=[C:5]([H:17])[C:2]([C:3](=[O:9])[H:15])([H:19])[O:6]1.[H:12][O:18][H:20],32.97311418700417,40.79125504752632,-4.8355640535372775
CTGBNCQSXIBQHY_26_0-cata_2,[C:0]1([C:1]([O:8][H:11])([H:13])[H:14])([O:7][H:10])[C:4]([H:16])=[C:5]([H:17])/[C:2](=[C:3](/[O:9][H:12])[H:15])[O:6]1.[O:18]([H:19])[H:20],[C:0]([C:1]([O:8][H:11])([H:13])[H:14])([C:4](/[C:5](=[C:2](/[C:3](=[O:9])[H:15])[O:6][H:12])[H:17])([H:16])[H:19])=[O:7].[H:10][O:18][H:20],35.389653271538194,42.236409426015975,-10.763862332695972
CTGBNCQSXIBQHY_50_0-cata_0,[C:0]1([C:1]([O:8][H:11])([H:13])[H:14])([O:7][H:19])[C:4]([H:16])=[C:5]([H:17])/[C:2](=[C:3](/[O:9][H:12])[H:15])[O:6]1.[H:10][O:18][H:20],[H:12][O:18][H:20].[O:7]([H:10])[H:19].[c:0]1([C:1]([O:8][H:11])([H:13])[H:14])[c:4]([H:16])[c:5]([H:17])[c:2]([C:3](=[O:9])[H:15])[o:6]1,13.530987348509196,20.86720091303533,-13.080544933078404
QYOPP-XLYOF_11_0-cata_1,[C:0]1([O:7][H:10])([H:13])/[C:2](=[C:4](\[O:9][H:12])[H:16])[O:6][C:3]([C:1]([O:8][H:11])([H:14])[H:15])=[C:5]1[H:17].[O:18]([H:19])[H:20].[O:21]([H:22])[H:23],[C:0]12([H:13])[C:2]([C:4]([O:9][H:12])([H:16])[H:22])([O:6][C:3]([C:1]([O:8][H:11])([H:14])[H:15])=[C:5]1[H:17])[O:7]2.[H:10][O:18][H:20].[H:19][O:21][H:23],23.308212868078904,40.78623497146766,5.858508604206487
QYOPP-XLYOF_11_0-cata_2,[C:0]1([O:7][H:10])([H:13])/[C:2](=[C:4](\[O:9][H:12])[H:16])[O:6][C:3]([C:1]([O:8][H:11])([H:14])[H:15])=[C:5]1[H:17].[O:18]([H:19])[H:20].[O:21]([H:22])[H:23],[C:0]12([H:13])[C:2]([C:4]([O:9][H:12])([H:16])[H:22])([O:6][C:3]([C:1]([O:8][H:11])([H:14])[H:15])=[C:5]1[H:17])[O:7]2.[H:10][O:18][H:20].[H:19][O:21][H:23],23.017675969599043,41.52293112446251,5.858508604206487
QYOPP-XLYOF_11_0-cata_3,[C:0]1([O:7][H:10])([H:13])/[C:2](=[C:4](\[O:9][H:12])[H:16])[O:6][C:3]([C:1]([O:8][H:11])([H:14])[H:15])=[C:5]1[H:17].[O:18]([H:19])[H:20].[O:21]([H:22])[H:23],[C:0]12([H:13])[C:2]([C:4]([O:9][H:12])([H:16])[H:22])([O:6][C:3]([C:1]([O:8][H:11])([H:14])[H:15])=[C:5]1[H:17])[O:7]2.[H:10][O:18][H:20].[H:19][O:21][H:23],17.900963506605038,39.48603528746872,5.858508604206487
QYOPP-XLYOF_30_0-cata1_1,[C:0]1([O:7][H:10])([H:13])/[C:2](=[C:4](\[O:9][H:12])[H:16])[O:6][C:3]([C:1]([O:8][H:11])([H:14])[H:15])=[C:5]1[H:17].[O:18]([H:19])[H:20].[O:21]([H:22])[H:23],[C:0]12([H:13])[C:2]([C:4]([O:9][H:12])([H:16])[H:19])([O:6][C:3]([C:1]([O:8][H:11])([H:14])[H:15])=[C:5]1[H:17])[O:7]2.[H:10][O:18][H:20].[O:21]([H:22])[H:23],22.90535176909728,43.0082461109221,5.858508604206487
QYOPP-XLYOF_1_0-cata_4,[C:0]1([O:7][H:10])([H:13])/[C:2](=[C:4](\[O:9][H:12])[H:16])[O:6][C:3]([C:1]([O:8][H:11])([H:14])[H:15])=[C:5]1[H:17].[O:18]([H:19])[H:20].[O:21]([H:22])[H:23],[C:0]1([O:7][H:10])([H:13])[C:2]([C:4](=[O:9])[H:16])([H:22])[O:6][C:3]([C:1]([O:8][H:11])([H:14])[H:15])=[C:5]1[H:17].[H:12][O:21][H:23].[O:18]([H:19])[H:20],4.67871083202976,26.007131227470712,-15.701720841300197
QYOPP-XLYOF_27_0-cata_1,[C:0]1([O:7][H:10])([H:13])/[C:2](=[C:4](\[O:9][H:12])[H:16])[O:6][C:3]([C:1]([O:8][H:11])([H:14])[H:15])=[C:5]1[H:17].[O:18]([H:19])[H:20].[O:21]([H:22])[H:23],[O:18]([H:19])[H:20].[O:21]([H:22])[H:23].[O:7]([H:10])[H:12].[c:0]1([H:13])[c:2]([C:4](=[O:9])[H:16])[o:6][c:3]([C:1]([O:8][H:11])([H:14])[H:15])[c:5]1[H:17],-9.654861166950612,11.031617009970278,-29.916586998087965
QYOPP-XLYOF_30_0-cata2_1,[C:0]1([O:7][H:10])([H:13])/[C:2](=[C:4](\[O:9][H:12])[H:16])[O:6][C:3]([C:1]([O:8][H:11])([H:14])[H:15])=[C:5]1[H:17].[O:18]([H:19])[H:20].[O:21]([H:22])[H:23],[C:0]1([O:7])([H:13])[C:2]([C:4]([O:9][H:12])([H:16])[H:22])[O:6][C:3]([C:1]([O:8][H:11])([H:14])[H:15])=[C:5]1[H:17].[H:10][O:21][H:23].[O:18]([H:19])[H:20],21.8266629386098,40.99456812544104,TCIT fails
QYOPP-XLYOF_31_0-cata1_4,[C:0]1([O:7][H:10])([H:13])/[C:2](=[C:4](\[O:9][H:12])[H:16])[O:6][C:3]([C:1]([O:8][H:11])([H:14])[H:15])=[C:5]1[H:17].[O:18]([H:19])[H:20].[O:21]([H:22])[H:23],[C:0]1(=[O:7])[C:2]([C:4]([O:9][H:12])([H:16])[H:19])([H:13])[O:6][C:3]([C:1]([O:8][H:11])([H:14])[H:15])=[C:5]1[H:17].[H:10][O:21][H:23].[O:18]([H:20])[H:22],23.34084336206786,43.62006787344687,-22.994502868068846
QYOPPFUVDVKXIN_144_0-cata2_4,[C:0]1([O:7][H:10])([H:13])/[C:2](=[C:4](\[O:9][H:12])[H:16])[O:6][C:3]([C:1]([O:8][H:11])([H:14])[H:15])=[C:5]1[H:17].[O:18]([H:19])[H:20],[C:0]1([O:7][H:10])([H:13])[C:2]([C:4](=[O:9])[H:16])([H:19])[O:6][C:3]([C:1]([O:8][H:11])([H:14])[H:15])=[C:5]1[H:17].[H:12][O:18][H:20],28.900577532084775,36.67353770843564,-15.701720841300197
QYOPPFUVDVKXIN_14_0-cata_2,[C:0]1([O:7][H:12])([H:13])/[C:2](=[C:4](\[O:9][H:20])[H:16])[O:6][C:3]([C:1]([O:8][H:11])([H:14])[H:15])=[C:5]1[H:17].[H:10][O:18][H:19],[C:0]1([O:7][H:12])([H:13])[C:2]([C:4](=[O:9])[H:16])([H:19])[O:6][C:3]([C:1]([O:8][H:11])([H:14])[H:15])=[C:5]1[H:17].[H:10][O:18][H:20],28.245457614097987,35.56221838395921,-15.701720841300197
QYOPPFUVDVKXIN_14_0-cata_4,[C:0]1([O:7][H:10])([H:13])/[C:2](=[C:4](\[O:9][H:12])[H:16])[O:6][C:3]([C:1]([O:8][H:11])([H:14])[H:15])=[C:5]1[H:17].[O:18]([H:19])[H:20],[C:0]1([O:7][H:10])([H:13])[C:2]([C:4](=[O:9])[H:16])([H:19])[O:6][C:3]([C:1]([O:8][H:11])([H:14])[H:15])=[C:5]1[H:17].[H:12][O:18][H:20],25.96069552458795,33.999092219482044,-15.701720841300197
QYOPPFUVDVKXIN_74_3-cata1_0,[C:0]1([O:7][H:10])([H:13])/[C:2](=[C:4](\[O:9][H:20])[H:16])[O:6][C:3]([C:1]([O:8][H:11])([H:14])[H:15])=[C:5]1[H:17].[H:12][O:18][H:19],[C:0]1([O:7][H:10])([H:13])[C:2]([C:4](=[O:9])[H:16])([H:19])[O:6][C:3]([C:1]([O:8][H:11])([H:14])[H:15])=[C:5]1[H:17].[H:12][O:18][H:20],21.15585528309128,30.592343143951176,-15.701720841300197
QYOPPFUVDVKXIN_150_0-cata1_0,[C:0]1([O:7][H:10])([H:13])/[C:2](=[C:4](\[O:9][H:12])[H:16])[O:6][C:3]([C:1]([O:8][H:11])([H:14])[H:15])=[C:5]1[H:17].[O:18]([H:19])[H:20],[C:0]1([O:7][H:12])([H:13])[C:2]([C:4](=[O:9])[H:16])[O:6][C:3]([C:1]([O:8][H:11])([H:14])[H:15])[C:5]1([H:17])[H:19].[H:10][O:18][H:20],32.5238173849971,40.13299758197611,TCIT fails
QYOPPFUVDVKXIN_164_1-cata1_0,[C:0]1([O:7][H:10])([H:13])/[C:2](=[C:4](\[O:9][H:12])[H:16])[O:6][C:3]([C:1]([O:8][H:11])([H:14])[H:15])=[C:5]1[H:19].[H:17][O:18][H:20],[C:0]1([O:7][H:10])([H:13])/[C:2](=[C:4](\[O:9][H:12])[H:16])[O:6][C:3]([C:1]([O:8])([H:14])[H:15])[C:5]1([H:17])[H:19].[H:11][O:18][H:20],35.43797150305888,41.89880931494092,TCIT fails
QYOPPFUVDVKXIN_20_7-cata2_2,[C:0]1([O:7][H:10])([H:13])/[C:2](=[C:4](\[O:9][H:12])[H:16])[O:6][C:3]([C:1]([O:8][H:11])([H:14])[H:15])=[C:5]1[H:17].[O:18]([H:19])[H:20],[C:0]1([O:7][H:10])([H:13])/[C:2](=[C:4](\[O:9][H:12])[H:16])[O:6][C:3]([C:1]([O:8])([H:14])[H:15])[C:5]1([H:17])[H:19].[H:11][O:18][H:20],38.51402307206861,44.40319972946716,TCIT fails
QYOPPFUVDVKXIN_47_4-cata1_3,[C:0]1([O:7][H:12])([H:13])/[C:2](=[C:4](\[O:9][H:20])[H:16])[O:6][C:3]([C:1]([O:8][H:11])([H:14])[H:15])=[C:5]1[H:17].[H:10][O:18][H:19],[O:18]([H:19])[H:20].[O:7]([H:10])[H:12].[c:0]1([H:13])[c:2]([C:4](=[O:9])[H:16])[o:6][c:3]([C:1]([O:8][H:11])([H:14])[H:15])[c:5]1[H:17],4.997485658081005,11.664146585942763,-29.916586998087965
QYOPPFUVDVKXIN_47_6-cata1_3,[C:0]1([O:7][H:10])([H:13])/[C:2](=[C:4](\[O:9][H:12])[H:16])[O:6][C:3]([C:1]([O:8][H:11])([H:14])[H:15])=[C:5]1[H:17].[O:18]([H:19])[H:20],[O:18]([H:19])[H:20].[O:7]([H:10])[H:12].[c:0]1([H:13])[c:2]([C:4](=[O:9])[H:16])[o:6][c:3]([C:1]([O:8][H:11])([H:14])[H:15])[c:5]1[H:17],8.718616993102875,17.001114883451393,-29.916586998087965
QYOPPFUVDVKXIN_47_6-cata1_4,[C:0]1([O:7][H:10])([H:13])/[C:2](=[C:4](\[O:9][H:12])[H:16])[O:6][C:3]([C:1]([O:8][H:11])([H:14])[H:15])=[C:5]1[H:17].[O:18]([H:19])[H:20],[O:18]([H:19])[H:20].[O:7]([H:10])[H:12].[c:0]1([H:13])[c:2]([C:4](=[O:9])[H:16])[o:6][c:3]([C:1]([O:8][H:11])([H:14])[H:15])[c:5]1[H:17],11.55119487608526,19.269561725931283,-29.916586998087965
QYOPPFUVDVKXIN_47_6-cata1_2,[C:0]1([O:7][H:10])([H:13])/[C:2](=[C:4](\[O:9][H:19])[H:16])[O:6][C:3]([C:1]([O:8][H:11])([H:14])[H:15])=[C:5]1[H:17].[H:12][O:18][H:20],[H:12][H:13].[O:18]([H:19])[H:20].[c:0]1([O:7][H:10])[c:2]([C:4](=[O:9])[H:16])[o:6][c:3]([C:1]([O:8][H:11])([H:14])[H:15])[c:5]1[H:17],38.85099567357391,44.7150719509645,7.983986615678769
QYOPPFUVDVKXIN_50_0-cata1_3,[C:0]1([O:7][H:10])([H:13])/[C:2](=[C:4](\[O:9][H:12])[H:16])[O:6][C:3]([C:1]([O:8][H:11])([H:14])[H:15])=[C:5]1[H:17].[O:18]([H:19])[H:20],[H:12][O:18][H:20].[H:13][H:19].[c:0]1([O:7][H:10])[c:2]([C:4](=[O:9])[H:16])[o:6][c:3]([C:1]([O:8][H:11])([H:14])[H:15])[c:5]1[H:17],38.76502687207695,44.51552392996893,7.983986615678769
VBWWS-XLYOF_10_0-cata_4,[C:0]([c:2]1[c:4]([H:16])[c:5]([H:17])[c:3]([C:1]([O:9][H:12])([H:14])[H:15])[o:6]1)([O:7][H:10])([O:8][H:11])[H:13].[O:18]([H:19])[H:20].[O:21]([H:22])[H:23],[C:0]([O:7][H:10])(=[O:8])[H:13].[C:1]([c:3]1[c:5]([H:17])[c:4]([H:16])[c:2]([H:22])[o:6]1)([O:9][H:12])([H:14])[H:15].[H:11][O:18][H:20].[H:19][O:21][H:23],19.78537453505577,40.78937251895974,3.52318355640535
VBWWS-XLYOF_30_0-cata_1,[C:0]([c:2]1[c:4]([H:16])[c:5]([H:17])[c:3]([C:1]([O:9][H:12])([H:14])[H:15])[o:6]1)([O:7][H:10])([O:8][H:11])[H:13].[O:18]([H:19])[H:20].[O:21]([H:22])[H:23],[C:0]1([O:8][H:11])([H:13])[C:2]2([C:4]([H:16])=[C:5]([H:17])[C:3]([C:1]([O:9][H:12])([H:14])[H:15])([H:22])[O:6]2)[O:7]1.[H:10][O:18][H:20].[H:19][O:21][H:23],21.912631740106768,43.46570053647992,TCIT fails
VBWWS-XLYOF_30_0-cata_4,[C:0]([c:2]1[c:4]([H:16])[c:5]([H:17])[c:3]([C:1]([O:9][H:12])([H:14])[H:15])[o:6]1)([O:7][H:10])([O:8][H:19])[H:13].[H:11][O:21][H:23].[O:18]([H:20])[H:22],[C:0]([c:2]1[c:4]([H:16])[c:5]([H:17])[c:3]([C:1]([O:9][H:12])([H:14])[H:15])[o:6]1)(=[O:8])[H:13].[H:11][O:21][H:23].[O:18]([H:19])[H:20].[O:7]([H:10])[H:22],1.0862189446111437,21.427566896475987,-1.0826959847036264
VBWWSBXCWJGBEU_79_0-cata_3,[C:0]([c:2]1[c:4]([H:16])[c:5]([H:17])[c:3]([C:1]([O:9][H:12])([H:14])[H:15])[o:6]1)([O:7][H:10])([O:8][H:11])[H:13].[O:18]([H:19])[H:20],[C:0]([c:2]1[c:4]([H:16])[c:5]([H:17])[c:3]([C:1]([O:9][H:12])([H:14])[H:15])[o:6]1)(=[O:7])[H:13].[H:10][O:18][H:19].[O:8]([H:11])[H:20],14.032367439027444,21.66602050651601,-1.0826959847036535
VBWWSBXCWJGBEU_9_0-cata_0,[C:0]([c:2]1[c:4]([H:16])[c:5]([H:17])[c:3]([C:1]([O:9][H:12])([H:14])[H:15])[o:6]1)([O:7][H:10])([O:8][H:11])[H:13].[O:18]([H:19])[H:20],[C:0]([c:2]1[c:4]([H:16])[c:5]([H:17])[c:3]([C:1]([O:9][H:12])([H:14])[H:15])[o:6]1)(=[O:7])[H:13].[H:10][O:18][H:20].[O:8]([H:11])[H:19],16.649082054055455,24.196138810477294,-1.0826959847036535
VBWWSBXCWJGBEU_91_0-cata1_0,[C:0]([c:2]1[c:4]([H:16])[c:5]([H:17])[c:3]([C:1]([O:9][H:12])([H:14])[H:15])[o:6]1)([O:7][H:10])([O:8][H:11])[H:13].[O:18]([H:19])[H:20],[C:0](=[O:7])([O:8][H:11])[H:13].[C:1]([c:3]1[c:5]([H:17])[c:4]([H:16])[c:2]([H:19])[o:6]1)([O:9][H:12])([H:14])[H:15].[H:10][O:18][H:20],35.98829733459624,43.75058984954538,3.52318355640535
CPLYU-XLYOF_10_0-cata_0,[C:0]([C:2](=[O:6])[H:10])([O:4][C:1](=[C:3]([H:11])[H:12])[O:5][H:7])([H:8])[H:9].[O:13]([H:14])[H:15].[O:16]([H:17])[H:18],[C:0]([C:2]([O:6][H:17])([H:10])[O:13][H:15])([O:4][C:1](=[C:3]([H:11])[H:12])[O:5][H:7])([H:8])[H:9].[H:14][O:16][H:18],4.572034217085073,27.934212902027728,-8.407504780114728
CPLYU-XLYOF_10_0-cata_1,[C:0]([C:2](=[O:6])[H:10])([O:4][C:1](=[C:3]([H:11])[H:12])[O:5][H:7])([H:8])[H:9].[O:13]([H:14])[H:15].[O:16]([H:17])[H:18],[C:0]([C:2]([O:6][H:17])([H:10])[O:13][H:15])([O:4][C:1](=[C:3]([H:11])[H:12])[O:5][H:7])([H:8])[H:9].[H:14][O:16][H:18],0.070281064036576,26.31523839197755,-8.407504780114728
CPLYU-XLYOF_10_0-cata_4,[C:0]([C:2](=[O:6])[H:10])([O:4][C:1](=[C:3]([H:11])[H:12])[O:5][H:7])([H:8])[H:9].[O:13]([H:14])[H:15].[O:16]([H:17])[H:18],[C:0]([C:2]([O:6][H:17])([H:10])[O:13][H:15])([O:4][C:1](=[C:3]([H:11])[H:12])[O:5][H:7])([H:8])[H:9].[H:14][O:16][H:18],8.426197566056429,30.8006762979959,-8.407504780114728
CPLYU-XLYOF_17_0-cata1_0,[C:0]([C:2](=[O:6])[H:10])([O:4][C:1](=[C:3]([H:11])[H:12])[O:5][H:7])([H:8])[H:9].[O:13]([H:14])[H:15].[O:16]([H:17])[H:18],[C:0](=[C:2](/[O:6][H:14])[H:10])(\[O:4][C:1](=[C:3]([H:11])[H:12])[O:5][H:7])[H:9].[H:8][O:16][H:18].[O:13]([H:15])[H:17],16.208570385026206,37.024315518977424,13.777963671128118
CPLYU-XLYOF_17_0-cata1_1,[C:0]([C:2](=[O:6])[H:10])([O:4][C:1](=[C:3]([H:11])[H:12])[O:5][H:7])([H:8])[H:9].[O:13]([H:14])[H:15].[O:16]([H:17])[H:18],[C:0](=[C:2](/[O:6][H:14])[H:10])(\[O:4][C:1](=[C:3]([H:11])[H:12])[O:5][H:7])[H:9].[H:8][O:16][H:18].[O:13]([H:15])[H:17],13.419290657577184,32.72273789649425,13.777963671128118
CPLYU-XLYOF_17_0-cata2_0,[C:0]([C:2](=[O:6])[H:10])([O:4][C:1](=[C:3]([H:11])[H:12])[O:5][H:7])([H:8])[H:9].[O:13]([H:14])[H:15].[O:16]([H:17])[H:18],[C:0](=[C:2](/[O:6][H:17])[H:10])(\[O:4][C:1](=[C:3]([H:11])[H:12])[O:5][H:7])[H:9].[H:14][O:16][H:18].[H:8][O:13][H:15],16.920793667582846,35.795024408513484,13.777963671128118
CPLYU-XLYOF_19_0-cata1_2,[C:0]([C:2](=[O:6])[H:10])([O:4][C:1](=[C:3]([H:11])[H:12])[O:5][H:7])([H:8])[H:9].[O:13]([H:14])[H:15].[O:16]([H:17])[H:18],[C:0]([C:2](=[O:6])[H:10])([O:4][C:1]([C:3]([H:11])([H:12])[H:14])=[O:5])([H:8])[H:9].[H:7][O:16][H:18].[O:13]([H:15])[H:17],-5.04768641795426,13.707317517992042,-26.142686424474178
CPLYU-XLYOF_19_0-cata2_0,[C:0]([C:2](=[O:6])[H:10])([O:4][C:1](=[C:3]([H:11])[H:12])[O:5][H:7])([H:8])[H:9].[O:13]([H:14])[H:15].[O:16]([H:17])[H:18],[C:0]([C:2](=[O:6])[H:10])([O:4][C:1]([C:3]([H:11])([H:12])[H:17])=[O:5])([H:8])[H:9].[H:14][O:16][H:18].[H:7][O:13][H:15],-4.943519840931898,14.50237205448223,-26.142686424474178
CPLYU-XLYOF_19_0-cata2_2,[C:0]([C:2](=[O:6])[H:10])([O:4][C:1](=[C:3]([H:11])[H:12])[O:5][H:7])([H:8])[H:9].[O:13]([H:14])[H:15].[O:16]([H:17])[H:18],[C:0]([C:2](=[O:6])[H:10])([O:4][C:1]([C:3]([H:11])([H:12])[H:17])=[O:5])([H:8])[H:9].[H:14][O:16][H:18].[H:7][O:13][H:15],-3.787647341996612,15.452421437509132,-26.142686424474178
CPLYU-XLYOF_7_0-cata_2,[C:0]([C:2](=[O:6])[H:10])([O:4][C:1](=[C:3]([H:11])[H:12])[O:5][H:7])([H:8])[H:9].[O:13]([H:14])[H:15].[O:16]([H:17])[H:18],[C:0]([C:2](=[O:6])[H:10])([O:4][C:1]([C:3]([H:11])([H:12])[O:13][H:15])([O:5][H:7])[H:17])([H:8])[H:9].[H:14][O:16][H:18],46.44448813309253,67.72019773052389,-9.250956022944555
CPLYUCVDGLXCIV_14_1-cata_0,[C:0]([C:2](=[O:6])[H:10])([O:4][C:1](=[C:3]([H:11])[H:12])[O:5][H:7])([H:8])[H:9].[O:13]([H:14])[H:15],[C:0]([C:2](=[O:6])[H:10])([O:4][H:14])([H:8])[H:9].[C:1](=[C:3]([H:11])[H:12])=[O:5].[H:7][O:13][H:15],15.83331970401054,24.511776089000797,12.063575525812631
CPLYUCVDGLXCIV_14_1-cata_2,[C:0]([C:2](=[O:6])[H:10])([O:4][C:1](=[C:3]([H:11])[H:12])[O:5][H:7])([H:8])[H:9].[O:13]([H:14])[H:15],[C:0]([C:2](=[O:6])[H:10])([O:4][H:14])([H:8])[H:9].[C:1](=[C:3]([H:11])[H:12])=[O:5].[H:7][O:13][H:15],14.279606182045285,23.27118980749403,12.063575525812631
CPLYUCVDGLXCIV_14_1-cata_4,[C:0]([C:2](=[O:6])[H:10])([O:4][C:1](=[C:3]([H:11])[H:12])[O:5][H:7])([H:8])[H:9].[O:13]([H:14])[H:15],[C:0]([C:2](=[O:6])[H:10])([O:4][H:14])([H:8])[H:9].[C:1](=[C:3]([H:11])[H:12])=[O:5].[H:7][O:13][H:15],17.687610276537317,25.710319234006693,12.063575525812631
CPLYUCVDGLXCIV_27_0-cata_0,[C:0]([C:2](=[O:6])[H:10])([O:4][C:1](=[C:3]([H:11])[H:12])[O:5][H:7])([H:8])[H:9].[O:13]([H:14])[H:15],[C:0](=[C:2](/[O:6][H:14])[H:10])(\[O:4][C:1](=[C:3]([H:11])[H:12])[O:5][H:7])[H:9].[H:8][O:13][H:15],34.80544192701506,42.657468300523,13.777963671128118
CPLYUCVDGLXCIV_27_0-cata_1,[C:0]([C:2](=[O:6])[H:10])([O:4][C:1](=[C:3]([H:11])[H:12])[O:5][H:7])([H:8])[H:9].[O:13]([H:14])[H:15],[C:0](=[C:2](/[O:6][H:14])[H:10])(\[O:4][C:1](=[C:3]([H:11])[H:12])[O:5][H:7])[H:9].[H:8][O:13][H:15],35.74607866753006,44.0517944094983,13.777963671128118
CPLYUCVDGLXCIV_27_0-cata_2,[C:0]([C:2](=[O:6])[H:10])([O:4][C:1](=[C:3]([H:11])[H:12])[O:5][H:7])([H:8])[H:9].[O:13]([H:14])[H:15],[C:0](=[C:2](\[O:6][H:14])[H:10])(\[O:4][C:1](=[C:3]([H:11])[H:12])[O:5][H:7])[H:9].[H:8][O:13][H:15],35.561590874532136,45.47184840801566,13.777963671128118
CPLYUCVDGLXCIV_27_0-cata_3,[C:0]([C:2](=[O:6])[H:10])([O:4][C:1](=[C:3]([H:11])[H:12])[O:5][H:7])([H:8])[H:9].[O:13]([H:14])[H:15],[C:0](=[C:2](/[O:6][H:14])[H:10])(\[O:4][C:1](=[C:3]([H:11])[H:12])[O:5][H:7])[H:9].[H:8][O:13][H:15],31.81473165003955,40.52017094349735,13.777963671128118
CPLYUCVDGLXCIV_27_0-cata_4,[C:0]([C:2](=[O:6])[H:10])([O:4][C:1](=[C:3]([H:11])[H:12])[O:5][H:7])([H:8])[H:9].[O:13]([H:14])[H:15],[C:0](=[C:2](/[O:6][H:14])[H:10])(\[O:4][C:1](=[C:3]([H:11])[H:12])[O:5][H:7])[H:9].[H:8][O:13][H:15],35.06083829354797,43.3960469820131,13.777963671128118
CPLYUCVDGLXCIV_33_0-cata_0,[C:0]([C:2](=[O:6])[H:10])([O:4][C:1](=[C:3]([H:11])[H:12])[O:5][H:7])([H:8])[H:9].[O:13]([H:14])[H:15],[C:0]([C:2](=[O:6])[H:10])([O:4][C:1]([C:3]([H:11])([H:12])[H:14])=[O:5])([H:8])[H:9].[H:7][O:13][H:15],10.237189983049843,18.98341739401167,-26.142686424474178
CPLYUCVDGLXCIV_33_0-cata_1,[C:0]([C:2](=[O:6])[H:10])([O:4][C:1](=[C:3]([H:11])[H:12])[O:5][H:7])([H:8])[H:9].[O:13]([H:14])[H:15],[C:0]([C:2](=[O:6])[H:10])([O:4][C:1]([C:3]([H:11])([H:12])[H:14])=[O:5])([H:8])[H:9].[H:7][O:13][H:15],10.86532699253342,19.83745782349561,-26.142686424474178
CPLYUCVDGLXCIV_33_0-cata_3,[C:0]([C:2](=[O:6])[H:10])([O:4][C:1](=[C:3]([H:11])[H:12])[O:5][H:7])([H:8])[H:9].[O:13]([H:14])[H:15],[C:0]([C:2](=[O:6])[H:10])([O:4][C:1]([C:3]([H:11])([H:12])[H:14])=[O:5])([H:8])[H:9].[H:7][O:13][H:15],14.159751867562528,22.67693831099624,-26.142686424474178
CPLYUCVDGLXCIV_33_0-cata_4,[C:0]([C:2](=[O:6])[H:10])([O:4][C:1](=[C:3]([H:11])[H:12])[O:5][H:7])([H:8])[H:9].[O:13]([H:14])[H:15],[C:0]([C:2](=[O:6])[H:10])([O:4][C:1]([C:3]([H:11])([H:12])[H:14])=[O:5])([H:8])[H:9].[H:7][O:13][H:15],7.435360065525497,17.897825959005953,-26.142686424474178
CPLYUCVDGLXCIV_33_1-cata1_1,[C:0]([C:2](=[O:6])[H:10])([O:4][C:1](=[C:3]([H:11])[H:12])[O:5][H:7])([H:8])[H:9].[O:13]([H:14])[H:15],[C:0]([C:2](=[O:6])[H:10])([O:4][C:1]([C:3]([H:11])([H:12])[H:14])=[O:5])([H:8])[H:9].[H:7][O:13][H:15],13.679079590527666,21.93835962950614,-26.142686424474178
CPLYUCVDGLXCIV_42_1-cata_0,[C:0]([C:2](=[O:6])[H:10])([O:4][C:1](=[C:3]([H:11])[H:12])[O:5][H:7])([H:8])[H:9].[O:13]([H:14])[H:15],[C:0]1([H:8])([H:9])[C:2]([O:6][H:14])([H:10])[O:5][C:1](=[C:3]([H:11])[H:12])[O:4]1.[H:7][O:13][H:15],9.69125671803707,21.086201728517448,-6.889340344168243
CPLYUCVDGLXCIV_46_0-cata_3,[C:0]([C:2](=[O:6])[H:10])([O:4][C:1](=[C:3]([H:11])[H:12])[O:5][H:7])([H:8])[H:9].[O:13]([H:14])[H:15],[C:0]1([H:8])([H:9])[C:2]([O:6][H:14])([H:10])[C:3]([H:12])=[C:1]([O:5][H:7])[O:4]1.[H:11][O:13][H:15],21.22676385655493,32.86518255302698,-11.30760038240916
IKIRMXLQFQXNKV_18_0-cata_0,[C:0]1([O:6][H:8])([H:9])[C:1]([H:10])([H:11])[O:4][C:2]([O:5][H:7])=[C:3]1[H:12].[O:13]([H:14])[H:15],[C:0]([C:1]([O:4][C:2](=[C:3]([H:12])[H:14])[O:5][H:7])([H:10])[H:11])(=[O:6])[H:9].[H:8][O:13][H:15],28.476381110014337,36.604511663502905,11.30760038240916
CPLYUCVDGLXCIV_71_0-cata_2,[C:0]([C:2](=[O:6])[H:10])([O:4][C:1](=[C:3]([H:11])[H:12])[O:5][H:7])([H:8])[H:9].[O:13]([H:14])[H:15],[C:0]1([H:8])([H:9])[C:2]([O:6][H:14])([H:10])[C:3]([H:11])([H:12])[C:1](=[O:5])[O:4]1.[H:7][O:13][H:15],7.01932126704147,20.148075025996118,-29.407026768642442
IKIRM-XLYOF_23_0-cata1_0,[C:0]1([O:6][H:8])([H:9])[C:1]([H:10])([H:11])[O:4][C:2]([O:5][H:7])=[C:3]1[H:12].[O:13]([H:14])[H:15].[O:16]([H:17])[H:18],[C:0]1([O:6][H:8])([H:9])[C:1]([H:10])([H:11])[O:4][C:2](=[O:5])[C:3]1([H:12])[H:14].[H:7][O:16][H:18].[O:13]([H:15])[H:17],-7.931720079949412,10.796928456992092,-18.099426386233283
IKIRM-XLYOF_23_0-cata1_1,[C:0]1([O:6][H:8])([H:9])[C:1]([H:10])([H:11])[O:4][C:2]([O:5][H:7])=[C:3]1[H:12].[O:13]([H:14])[H:15].[O:16]([H:17])[H:18],[C:0]1([O:6][H:8])([H:9])[C:1]([H:10])([H:11])[O:4][C:2](=[O:5])[C:3]1([H:12])[H:14].[H:7][O:16][H:18].[O:13]([H:15])[H:17],-7.476148182958187,11.38992493449305,-18.099426386233283
IKIRM-XLYOF_23_0-cata2_4,[C:0]1([O:6][H:8])([H:9])[C:1]([H:10])([H:11])[O:4][C:2]([O:5][H:7])=[C:3]1[H:12].[O:13]([H:14])[H:15].[O:16]([H:17])[H:18],[C:0]1([O:6][H:8])([H:9])[C:1]([H:10])([H:11])[O:4][C:2](=[O:5])[C:3]1([H:12])[H:17].[H:14][O:16][H:18].[H:7][O:13][H:15],-6.4997434009978265,12.09336308400053,-18.099426386233283
IKIRMXLQFQXNKV_21_0-cata_0,[C:0]1([O:6][H:8])([H:9])[C:1]([H:10])([H:11])[O:4][C:2]([O:5][H:7])=[C:3]1[H:12].[O:13]([H:14])[H:15],[H:10][O:13][H:15].[O:6]([H:8])[H:14].[c:0]1([H:9])[c:1]([H:11])[o:4][c:2]([O:5][H:7])[c:3]1[H:12],30.09598312949159,36.29514947999924,-2.5676386233269723
IKIRMXLQFQXNKV_21_0-cata_3,[C:0]1([O:6][H:8])([H:9])[C:1]([H:10])([H:11])[O:4][C:2]([O:5][H:7])=[C:3]1[H:12].[O:13]([H:14])[H:15],[H:10][O:13][H:15].[O:6]([H:8])[H:14].[c:0]1([H:9])[c:1]([H:11])[o:4][c:2]([O:5][H:7])[c:3]1[H:12],29.561972544984386,35.781219199477,-2.5676386233269723
IKIRMXLQFQXNKV_33_1-cata_0,[C:0]1([O:6][H:8])([H:9])[C:1]([H:10])([H:11])[O:4][C:2]([O:5][H:7])=[C:3]1[H:12].[O:13]([H:14])[H:15],[C:0]([C:1]([O:4][H:14])([H:10])[H:11])([C:3](=[C:2]=[O:5])[H:12])([O:6][H:8])[H:9].[H:7][O:13][H:15],13.398582844022457,21.87309864149256,10.886950286806867
IKIRMXLQFQXNKV_33_1-cata_1,[C:0]1([O:6][H:8])([H:9])[C:1]([H:10])([H:11])[O:4][C:2]([O:5][H:7])=[C:3]1[H:12].[O:13]([H:14])[H:15],[C:0]([C:1]([O:4][H:14])([H:10])[H:11])([C:3](=[C:2]=[O:5])[H:12])([O:6][H:8])[H:9].[H:7][O:13][H:15],11.543664761997263,20.571016428998384,10.886950286806867
IKIRMXLQFQXNKV_33_1-cata_2,[C:0]1([O:6][H:8])([H:9])[C:1]([H:10])([H:11])[O:4][C:2]([O:5][H:7])=[C:3]1[H:12].[O:13]([H:14])[H:15],[C:0]([C:1]([O:4][H:14])([H:10])[H:11])([C:3](=[C:2]=[O:5])[H:12])([O:6][H:8])[H:9].[H:7][O:13][H:15],16.119464036001492,24.21621911449793,10.886950286806867
IKIRMXLQFQXNKV_40_0-cata_0,[C:0]1([O:6][H:8])([H:9])[C:1]([H:10])([H:11])[O:4][C:2]([O:5][H:7])=[C:3]1[H:12].[O:13]([H:14])[H:15],[C:0]1([O:6][H:8])([H:9])[C:1]([H:10])([H:11])[O:4][C:2](=[O:5])[C:3]1([H:12])[H:14].[H:7][O:13][H:15],11.83169162251913,20.00500286000064,-18.099426386233283
IKIRMXLQFQXNKV_40_0-cata_2,[C:0]1([O:6][H:8])([H:9])[C:1]([H:10])([H:11])[O:4][C:2]([O:5][H:7])=[C:3]1[H:12].[O:13]([H:14])[H:15],[C:0]1([O:6][H:8])([H:9])[C:1]([H:10])([H:11])[O:4][C:2](=[O:5])[C:3]1([H:12])[H:14].[H:7][O:13][H:15],12.927950718997916,21.90572913548152,-18.099426386233283
NKHLGJZLAIZVPY_26_0-cata_0,[C:0]1([O:5][H:8])([O:6][H:9])[C:3]([H:14])([H:15])[C:1]([O:7][H:10])([H:11])[C:2]([H:12])([H:13])[O:4]1.[O:16]([H:17])[H:18],[C:0]([C:3]([C:1]([C:2]([O:4][H:17])([H:12])[H:13])([O:7][H:10])[H:11])([H:14])[H:15])(=[O:5])[O:6][H:9].[H:8][O:16][H:18],8.088597454981372,16.87059290749557,-11.27987571701722
NKHLGJZLAIZVPY_26_0-cata_2,[C:0]1([O:5][H:8])([O:6][H:9])[C:3]([H:14])([H:15])[C:1]([O:7][H:10])([H:11])[C:2]([H:12])([H:13])[O:4]1.[O:16]([H:17])[H:18],[C:0]([C:3]([C:1]([C:2]([O:4][H:17])([H:12])[H:13])([O:7][H:10])[H:11])([H:14])[H:15])(=[O:5])[O:6][H:9].[H:8][O:16][H:18],10.49384136854392,18.35402536553126,-11.27987571701722
NKHLGJZLAIZVPY_26_0-cata_3,[C:0]1([O:5][H:8])([O:6][H:9])[C:3]([H:14])([H:15])[C:1]([O:7][H:10])([H:11])[C:2]([H:12])([H:13])[O:4]1.[O:16]([H:17])[H:18],[C:0]([C:3]([C:1]([C:2]([O:4][H:17])([H:12])[H:13])([O:7][H:10])[H:11])([H:14])[H:15])(=[O:5])[O:6][H:9].[H:8][O:16][H:18],6.130767815073326,15.822024533003388,-11.27987571701722
NKHLGJZLAIZVPY_26_0-cata_4,[C:0]1([O:5][H:8])([O:6][H:9])[C:3]([H:14])([H:15])[C:1]([O:7][H:10])([H:11])[C:2]([H:12])([H:13])[O:4]1.[O:16]([H:17])[H:18],[C:0]([C:3]([C:1]([C:2]([O:4][H:17])([H:12])[H:13])([O:7][H:10])[H:11])([H:14])[H:15])(=[O:5])[O:6][H:9].[H:8][O:16][H:18],9.018566534058971,17.77169654950337,-11.27987571701722
NKHLGJZLAIZVPY_37_0-cata_0,[C:0]1([O:5][H:8])([O:6][H:9])[C:3]([H:14])([H:15])[C:1]([O:7][H:10])([H:11])[C:2]([H:12])([H:13])[O:4]1.[O:16]([H:17])[H:18],[C:0]1(=[O:6])[C:3]([H:14])([H:15])[C:1]([O:7][H:10])([H:11])[C:2]([H:12])([H:13])[O:4]1.[H:9][O:16][H:18].[O:5]([H:8])[H:17],7.461715464494626,16.69049768102223,-3.788240917782032
NKHLGJZLAIZVPY_37_0-cata_2,[C:0]1([O:5][H:8])([O:6][H:9])[C:3]([H:14])([H:15])[C:1]([O:7][H:10])([H:11])[C:2]([H:12])([H:13])[O:4]1.[O:16]([H:17])[H:18],[C:0]1(=[O:6])[C:3]([H:14])([H:15])[C:1]([O:7][H:10])([H:11])[C:2]([H:12])([H:13])[O:4]1.[H:9][O:16][H:18].[O:5]([H:8])[H:17],15.266051116051631,22.3092177440329,-3.788240917782032
NKHLGJZLAIZVPY_37_0-cata_4,[C:0]1([O:5][H:8])([O:6][H:9])[C:3]([H:14])([H:15])[C:1]([O:7][H:10])([H:11])[C:2]([H:12])([H:13])[O:4]1.[O:16]([H:17])[H:18],[C:0]1(=[O:6])[C:3]([H:14])([H:15])[C:1]([O:7][H:10])([H:11])[C:2]([H:12])([H:13])[O:4]1.[H:9][O:16][H:18].[O:5]([H:8])[H:17],6.127630267509908,15.715347917987362,-3.788240917782032
NKHLGJZLAIZVPY_43_0-cata_0,[C:0]1([O:5][H:8])([O:6][H:9])[C:3]([H:14])([H:15])[C:1]([O:7][H:10])([H:11])[C:2]([H:12])([H:13])[O:4]1.[O:16]([H:17])[H:18],[C:0]([C:3]([C:1](=[O:7])[H:11])([H:14])[H:15])([O:4][C:2]([H:12])([H:13])[H:17])([O:5][H:8])[O:6][H:9].[H:10][O:16][H:18],57.85763091902697,65.0394771465148,6.95578393881452
NKHLGJZLAIZVPY_43_0-cata_1,[C:0]1([O:5][H:8])([O:6][H:9])[C:3]([H:14])([H:15])[C:1]([O:7][H:10])([H:11])[C:2]([H:12])([H:13])[O:4]1.[O:16]([H:17])[H:18],[C:0]([C:3]([C:1](=[O:7])[H:11])([H:14])[H:15])([O:4][C:2]([H:12])([H:13])[H:17])([O:5][H:8])[O:6][H:9].[H:10][O:16][H:18],58.18707340655128,65.83013911651608,6.95578393881452
NKHLGJZLAIZVPY_43_0-cata_3,[C:0]1([O:5][H:8])([O:6][H:9])[C:3]([H:14])([H:15])[C:1]([O:7][H:10])([H:11])[C:2]([H:12])([H:13])[O:4]1.[O:16]([H:17])[H:18],[C:0]([C:3]([C:1](=[O:7])[H:11])([H:14])[H:15])([O:4][C:2]([H:12])([H:13])[H:17])([O:5][H:8])[O:6][H:9].[H:10][O:16][H:18],62.55893209307103,68.85661743500829,6.95578393881452
NKHLGJZLAIZVPY_49_0-cata_0,[C:0]1([O:5][H:8])([O:6][H:9])[C:3]([H:14])([H:15])[C:1]([O:7][H:10])([H:11])[C:2]([H:12])([H:13])[O:4]1.[O:16]([H:17])[H:18],[C:0]([C:3]([H:14])([H:15])[H:17])([O:4][C:2]([C:1](=[O:7])[H:11])([H:12])[H:13])([O:5][H:8])[O:6][H:9].[H:10][O:16][H:18],57.19247084906552,63.61377556254737,5.326959847036331
NKHLGJZLAIZVPY_49_0-cata_2,[C:0]1([O:5][H:8])([O:6][H:9])[C:3]([H:14])([H:15])[C:1]([O:7][H:10])([H:11])[C:2]([H:12])([H:13])[O:4]1.[O:16]([H:17])[H:18],[C:0]([C:3]([H:14])([H:15])[H:17])([O:4][C:2]([C:1](=[O:7])[H:11])([H:12])[H:13])([O:5][H:8])[O:6][H:9].[H:10][O:16][H:18],61.38172427104693,67.6191687009936,5.326959847036331
NKHLGJZLAIZVPY_49_0-cata_3,[C:0]1([O:5][H:8])([O:6][H:9])[C:3]([H:14])([H:15])[C:1]([O:7][H:10])([H:11])[C:2]([H:12])([H:13])[O:4]1.[O:16]([H:17])[H:18],[C:0]([C:3]([H:14])([H:15])[H:17])([O:4][C:2]([C:1](=[O:7])[H:11])([H:12])[H:13])([O:5][H:8])[O:6][H:9].[H:10][O:16][H:18],57.543876169034384,64.86377448653036,5.326959847036331
NKHLGJZLAIZVPY_50_0-cata_4,[C:0]1([O:5][H:8])([O:6][H:9])[C:3]([H:14])([H:15])[C:1]([O:7][H:10])([H:11])[C:2]([H:12])([H:13])[O:4]1.[O:16]([H:17])[H:18],[C:0]1([O:5][H:8])([O:6][H:9])[C:3]([H:14])([H:15])[O:7][C:1]([H:11])([H:17])[C:2]([H:12])([H:13])[O:4]1.[H:10][O:16][H:18],82.10146045152653,89.15215719348879,4.2595602294455075
NKHLGJZLAIZVPY_52_0-cata_0,[C:0]1([O:5][H:8])([O:6][H:9])[C:3]([H:14])([H:15])[C:1]([O:7][H:10])([H:11])[C:2]([H:12])([H:13])[O:4]1.[O:16]([H:17])[H:18],[C:0]1([O:5][H:8])([O:6][H:9])[C:3]([H:14])([H:15])[C:1]([H:11])=[C:2]([H:13])[O:4]1.[H:12][O:16][H:18].[O:7]([H:10])[H:17],48.54413492007056,53.92063631605072,10.033460803059278
CPLYU-XLYOF_12_0-cata2_0,[C:0]([C:2](=[O:6])[H:10])([O:4][C:1](=[C:3]([H:11])[H:12])[O:5][H:7])([H:8])[H:9].[O:13]([H:14])[H:15].[O:16]([H:17])[H:18],[C:0](/[C-:2]=[O+:6]/[H:17])([O:4][C:1](=[C:3]([H:11])[H:12])[O:5][H:7])([H:8])[H:9].[H:10][O:13][H:15].[H:14][O:16][H:18],24.86945650406082,42.96745799352509,TCIT fails
CPLYU-XLYOF_12_0-cata2_1,[C:0]([C:2](=[O:6])[H:10])([O:4][C:1](=[C:3]([H:11])[H:12])[O:5][H:7])([H:8])[H:9].[H:14][O:16][H:18].[O:13]([H:15])[H:17],[C:0]([C:2]([O:6])([H:10])[O:13][H:15])([O:4][C:1]([C:3]([H:11])([H:12])[H:17])[O:5][H:7])([H:8])[H:9].[H:14][O:16][H:18],12.1354062206084,36.13889961450136,TCIT fails
CPLYU-XLYOF_17_0-cata2_4,[C:0]([C:2](=[O:6])[H:10])([O:4][C:1](=[C:3]([H:11])[H:12])[O:5][H:7])([H:8])[H:9].[O:13]([H:14])[H:15].[O:16]([H:17])[H:18],[C:0]1([H:8])([H:9])[C:2]([O:6][H:17])([H:10])[O:5][C:1](=[C:3]([H:11])[H:12])[O:4]1.[H:7][O:16][H:18].[O:13]([H:14])[H:15],2.7547667050361606,23.418654540014085,-6.889340344168243
CPLYU-XLYOF_3_1-cata_0,[C:0]([C:2](=[O:6])[H:10])([O:4][C:1](=[C:3]([H:11])[H:12])[O:5][H:7])([H:8])[H:9].[O:13]([H:14])[H:15].[O:16]([H:17])[H:18],[C:0]1([H:8])([H:9])[C:2]([O:6][H:7])([H:10])[C:3]([H:11])([H:12])[C:1](=[O:5])[O:4]1.[O:13]([H:14])[H:15].[O:16]([H:17])[H:18],14.919665872070098,34.95729922598835,-29.407026768642442
CPLYU-XLYOF_6_0-cata_0,[C:0]([C:2](=[O:6])[H:10])([O:4][C:1](=[C:3]([H:11])[H:12])[O:5][H:7])([H:8])[H:9].[O:13]([H:14])[H:15].[O:16]([H:17])[H:18],[C:0]([C:2](=[O:6])[H:10])([O:4][C:1]([C:3]([H:11])([H:12])[H:17])([O:5][H:7])[O:13][H:15])([H:8])[H:9].[H:14][O:16][H:18],14.56763304260282,36.88187086248037,-20.29182600382408
CPLYU-XLYOF_6_0-cata_3,[C:0]([C:2](=[O:6])[H:10])([O:4][C:1](=[C:3]([H:11])[H:12])[O:5][H:7])([H:8])[H:9].[O:13]([H:14])[H:15].[O:16]([H:17])[H:18],[C:0]([C:2](=[O:6])[H:10])([O:4][C:1]([C:3]([H:11])([H:12])[H:17])=[O:5])([H:8])[H:9].[H:7][O:16][H:18].[O:13]([H:14])[H:15],1.3554205200735312,21.634645031523885,-26.142686424474178
CPLYUCVDGLXCIV_21_0-cata_0,[C:0]([C:2](=[O:6])[H:10])([O:4][C:1](=[C:3]([H:11])[H:12])[O:5][H:7])([H:8])[H:9].[O:13]([H:14])[H:15],[C:0](=[C:2](\[O:6][H:7])[H:10])(\[O:4][C:1]([C:3]([H:11])([H:12])[H:14])=[O:5])[H:9].[H:8][O:13][H:15],26.07741229154296,34.339202368515096,-12.364722753346062
CPLYUCVDGLXCIV_21_0-cata_1,[C:0]([C:2](=[O:6])[H:10])([O:4][C:1](=[C:3]([H:11])[H:12])[O:5][H:7])([H:8])[H:9].[O:13]([H:14])[H:15],[C:0]([C:2](=[O:6])[H:10])([O:4][C:1]([C:3]([H:11])([H:12])[H:14])[O:5][H:7])[H:9].[H:8][O:13][H:15],28.10238544803117,37.23829625850789,TCIT fails
CPLYUCVDGLXCIV_27_4-cata1_0,[C:0]([C:2](=[O:6])[H:10])([O:4][C:1](=[C:3]([H:11])[H:12])[O:5][H:7])([H:8])[H:9].[O:13]([H:14])[H:15],[C:0]1([H:8])([H:9])[C:2]([O:6][H:15])([H:10])[O:5][C:1](=[C:3]([H:11])[H:12])[O:4]1.[H:7][O:13][H:14],10.709704636569631,21.903219097523525,-6.889340344168243
CPLYUCVDGLXCIV_33_1-cata2_3,[C:0]([C:2](=[O:6])[H:10])([O:4][C:1](=[C:3]([H:11])[H:12])[O:5][H:7])([H:9])[H:14].[H:8][O:13][H:15],[C:0](=[C:2](/[O:6][H:8])[H:10])(\[O:4][C:1](=[C:3]([H:11])[H:12])[O:5][H:7])[H:9].[O:13]([H:14])[H:15],32.26591098054187,40.69650111301586,13.777963671128118
CPLYUCVDGLXCIV_33_2-cata2_4,[C:0]([C:2](=[O:6])[H:7])([O:5][C:1](=[C:3]([H:11])[H:12])[O:4][H:14])([H:8])[H:9].[H:10][O:13][H:15],[C:0](=[C:2]([O:6][C:3]([C:1]([O:4][H:14])=[O:5])([H:11])[H:12])[H:7])([H:8])[H:9].[H:10][O:13][H:15],20.63125734102464,32.96432905402635,-15.540391969407255
CPLYUCVDGLXCIV_34_0-cata_1,[C:0]([C:2](=[O:6])[H:10])([O:4][C:1](=[C:3]([H:11])[H:12])[O:5][H:7])([H:8])[H:9].[O:13]([H:14])[H:15],[C:0]([C:2](=[O:6])[H:10])([O:4][C:1]([C:3]([H:11])([H:12])[H:14])=[O:5])([H:8])[H:9].[H:7][O:13][H:15],10.86532699253342,19.83745782349561,-26.142686424474178
CPLYUCVDGLXCIV_46_0-cata_0,[C:0]([C:2](=[O:6])[H:10])([O:4][C:1](=[C:3]([H:11])[H:12])[O:5][H:7])([H:8])[H:9].[O:13]([H:14])[H:15],[C:0]1([H:8])([H:9])[C:2]([O:6][H:14])([H:10])[C:3]([H:12])=[C:1]([O:5][H:7])[O:4]1.[H:11][O:13][H:15],18.48203730356476,30.75549561400296,-11.30760038240916
CPLYUCVDGLXCIV_52_0-cata_1,[C:0]([C:2](=[O:6])[H:10])([O:4][C:1](=[C:3]([H:11])[H:12])[O:5][H:7])([H:8])[H:9].[O:13]([H:14])[H:15],[C:0]1([H:8])([H:9])[C:2]([O:6][H:14])([H:10])[O:4]1.[C:1](=[C:3]([H:11])[H:12])=[O:5].[H:7][O:13][H:15],22.3355731430377,34.02042754249952,24.306883365200775
CPLYUCVDGLXCIV_54_0-cata_0,[C:0]([C:2](=[O:6])[H:10])([O:4][C:1](=[C:3]([H:11])[H:12])[O:5][H:7])([H:8])[H:9].[O:13]([H:14])[H:15],[C:0]1([H:8])([H:9])[C:2]([H:10])([O:13][H:15])[O:6][C:1]([C:3]([H:11])([H:12])[H:14])([O:5][H:7])[O:4]1,25.56285450152231,38.210308474015015,-30.407504780114728
CPLYUCVDGLXCIV_71_0-cata_3,[C:0]([C:2](=[O:6])[H:10])([O:4][C:1](=[C:3]([H:11])[H:12])[O:5][H:7])([H:8])[H:9].[O:13]([H:14])[H:15],[C:0]1([H:8])([H:9])[C:2]([O:6][H:14])([H:10])[C:3]([H:11])([H:12])[C:1](=[O:5])[O:4]1.[H:7][O:13][H:15],9.93849546105491,23.59059214300802,-29.407026768642442
IKIRM-XLYOF_7_1-cata_1,[C:0]1([O:6][H:8])([H:9])[C:1]([H:10])([H:11])[O:4][C:2]([O:5][H:7])=[C:3]1[H:12].[O:13]([H:14])[H:15].[O:16]([H:17])[H:18],[C:0]([C:1]([O:4][H:17])([H:10])[H:11])([C:3](=[C:2]=[O:5])[H:12])([O:6][H:8])[H:9].[H:7][O:16][H:18].[O:13]([H:14])[H:15],3.581196716518473,23.433087258477645,10.886950286806867
IKIRMXLQFQXNKV_13_1-cata_1,[C:0]1([O:6][H:8])([H:9])[C:1]([H:10])([H:11])[O:4][C:2]([O:5][H:7])=[C:3]1[H:12].[O:13]([H:14])[H:15],[C:0]1([O:6][H:8])([H:9])[C:1]([H:10])([H:11])[O:4][C:2](=[O:5])[C:3]1([H:12])[H:14].[H:7][O:13][H:15],11.366079573481915,19.79604219649317,-18.099426386233283
IKIRMXLQFQXNKV_40_1-cata2_1,[C:0]1([O:6][H:8])([H:9])[C:1]([H:10])([H:11])[O:4][C:2]([O:5][H:7])=[C:3]1[H:12].[O:13]([H:14])[H:15],[H:10][O:13][H:14].[O:6]([H:8])[H:15].[c:0]1([H:9])[c:1]([H:11])[o:4][c:2]([O:5][H:7])[c:3]1[H:12],30.09598312952726,36.29703200849448,-2.5676386233269723
IKIRMXLQFQXNKV_61_0-cata_1,[C:0]1([O:6][H:8])([H:9])[C:1]([H:10])([H:11])[O:4][C:2]([O:5][H:7])=[C:3]1[H:12].[O:13]([H:14])[H:15],[C:0]1([H:9])=[C:3]([H:12])[C:2]([O:5][H:7])([O:13][H:15])[O:4][C:1]1([H:10])[H:11].[O:6]([H:8])[H:14],26.98353600950241,34.71633557799034,-4.840583173996186
NKHLG-XLYOF_3_0-cata_0,[C:0]1([O:5][H:8])([O:6][H:20])[C:3]([H:14])([H:15])[C:1]([O:7][H:10])([H:11])[C:2]([H:12])([H:13])[O:4]1.[H:9][O:19][H:21].[O:16]([H:17])[H:18],[C:0]([C:3]([C:1]([C:2]([O:4][H:20])([H:12])[H:13])([O:7][H:10])[H:11])([H:14])[H:15])([O:5][H:8])=[O:6].[H:9][O:19][H:21].[O:16]([H:17])[H:18],14.219992779553111,31.558707774008223,-11.279875717017193
DZAIOXUZHHTJKN_11_0-cata_0,[C:0]([C:1]([O:6][H:10])([H:12])[H:13])([C:2]([C:3]([O:4][H:8])=[O:7])([H:14])[H:15])([O:5][H:9])[H:11].[O:16]([H:17])[H:18],[C:0]([C:2]([C:3]([O:4][H:8])=[O:7])([H:14])[H:15])(=[O:5])[H:11].[C:1]([O:6][H:10])([H:12])([H:13])[H:17].[H:9][O:16][H:18],64.3272538640295,69.73450322550336,18.579588910133836
DZAIOXUZHHTJKN_122_0-cata1_0,[C:0]([C:1]([O:6][H:10])([H:12])[H:13])([C:2]([C:3]([O:4][H:8])=[O:7])([H:14])[H:15])([O:5][H:9])[H:11].[O:16]([H:17])[H:18],[C:0]([C:1](=[O:6])[H:13])([C:2]([C:3]([O:4][H:8])([O:7][H:17])[H:12])([H:14])[H:15])([O:5][H:9])[H:11].[H:10][O:16][H:18],39.31723523203821,48.12746861198112,19.08317399617592
DZAIOXUZHHTJKN_122_0-cata1_3,[C:0]([C:1]([O:6][H:10])([H:12])[H:13])([C:2]([C:3]([O:4][H:8])=[O:7])([H:14])[H:15])([O:5][H:9])[H:11].[O:16]([H:17])[H:18],[C:0]([C:1](=[O:6])[H:13])([C:2]([C:3]([O:4][H:8])([O:7][H:17])[H:12])([H:14])[H:15])([O:5][H:9])[H:11].[H:10][O:16][H:18],41.62960773954987,49.92779336750146,19.08317399617592
DZAIOXUZHHTJKN_23_0-cata_2,[C:0]([C:1]([O:6][H:10])([H:12])[H:13])([C:2]([C:3]([O:4][H:8])=[O:7])([H:14])[H:15])([O:5][H:9])[H:11].[O:16]([H:17])[H:18],[C:0]([C:1]([O:6][H:10])([H:12])[H:13])(=[O:5])[H:11].[C:2]([C:3]([O:4][H:8])=[O:7])([H:14])([H:15])[H:17].[H:9][O:16][H:18],49.5883107280025,55.75610160348235,15.179015296367115
DZAIOXUZHHTJKN_27_0-cata_1,[C:0]([C:1]([O:6][H:10])([H:12])[H:13])([C:2]([C:3]([O:4][H:8])=[O:7])([H:14])[H:15])([O:5][H:9])[H:11].[O:16]([H:17])[H:18],[C:0](=[C:1](/[O:6][H:10])[H:13])(\[C:2]([C:3]([O:4][H:8])=[O:7])([H:14])[H:15])[H:11].[H:12][O:16][H:18].[O:5]([H:9])[H:17],49.71946021352807,54.39566100749283,11.366395793499047
DZAIOXUZHHTJKN_29_0-cata_0,[C:0]([C:1]([O:6][H:10])([H:12])[H:13])([C:2]([C:3]([O:4][H:8])=[O:7])([H:14])[H:15])([O:5][H:9])[H:11].[O:16]([H:17])[H:18],[C:0](\[C:1]([O:6][H:10])([H:12])[H:13])(=[C:2](\[C:3]([O:4][H:8])=[O:7])[H:15])[H:11].[H:14][O:16][H:18].[O:5]([H:9])[H:17],31.42944081697789,39.78410230000091,13.082217973231355
DZAIOXUZHHTJKN_37_0-cata_0,[C:0]([C:1]([O:6][H:10])([H:12])[H:13])([C:2]([C:3]([O:4][H:8])=[O:7])([H:14])[H:15])([O:5][H:9])[H:11].[O:16]([H:17])[H:18],[C:0](=[C:1]([H:12])[H:13])([C:2]([C:3]([O:4][H:8])=[O:7])([H:14])[H:15])[O:5][H:9].[H:11][O:16][H:18].[O:6]([H:10])[H:17],50.283591254030576,54.524300454953405,9.226099426386254
DZAIOXUZHHTJKN_37_0-cata_1,[C:0]([C:1]([O:6][H:10])([H:12])[H:13])([C:2]([C:3]([O:4][H:8])=[O:7])([H:14])[H:15])([O:5][H:9])[H:11].[O:16]([H:17])[H:18],[C:0](=[C:1]([H:12])[H:13])([C:2]([C:3]([O:4][H:8])=[O:7])([H:14])[H:15])[O:5][H:9].[H:11][O:16][H:18].[O:6]([H:10])[H:17],48.77129335906776,53.43745400098653,9.226099426386254
DZAIOXUZHHTJKN_54_1-cata_0,[C:0]([C:1]([O:6][H:10])([H:12])[H:13])([C:2]([C:3]([O:4][H:8])=[O:7])([H:14])[H:15])([O:5][H:9])[H:11].[O:16]([H:17])[H:18],[C:0]1([O:5][H:9])([H:11])[C:1]([H:12])([H:13])[O:6][C:3]([O:4][H:8])([O:7][H:17])[C:2]1([H:14])[H:15].[H:10][O:16][H:18],21.044786101515005,28.967721048486595,11.27987571701722
DZAIOXUZHHTJKN_54_1-cata_2,[C:0]([C:1]([O:6][H:10])([H:12])[H:13])([C:2]([C:3]([O:4][H:8])=[O:7])([H:14])[H:15])([O:5][H:9])[H:11].[O:16]([H:17])[H:18],[C:0]1([O:5][H:9])([H:11])[C:1]([H:12])([H:13])[O:6][C:3]([O:4][H:8])([O:7][H:17])[C:2]1([H:14])[H:15].[H:10][O:16][H:18],26.87811441355456,35.19889038344911,11.27987571701722
DZAIOXUZHHTJKN_54_1-cata_3,[C:0]([C:1]([O:6][H:10])([H:12])[H:13])([C:2]([C:3]([O:4][H:8])=[O:7])([H:14])[H:15])([O:5][H:9])[H:11].[O:16]([H:17])[H:18],[C:0]1([O:5][H:9])([H:11])[C:1]([H:12])([H:13])[O:6][C:3]([O:4][H:8])([O:7][H:17])[C:2]1([H:14])[H:15].[H:10][O:16][H:18],17.397073378021787,26.52482656494777,11.27987571701722
DZAIOXUZHHTJKN_55_1-cata_2,[C:0]([C:1]([O:6][H:10])([H:12])[H:13])([C:2]([C:3]([O:4][H:8])=[O:7])([H:14])[H:15])([O:5][H:9])[H:11].[O:16]([H:17])[H:18],[C:0]1([O:5][H:9])([H:11])[C:1]([H:12])([H:13])[O:6][C:3](=[O:7])[C:2]1([H:14])[H:15].[H:10][O:16][H:18].[O:4]([H:8])[H:17],24.70504901497653,34.18169748394905,7.491634799235188
DZAIOXUZHHTJKN_66_0-cata1_0,[C:0]([C:1]([O:6][H:10])([H:12])[H:13])([C:2]([C:3]([O:4][H:8])=[O:7])([H:14])[H:15])([O:5][H:9])[H:11].[O:16]([H:17])[H:18],[C:0]([C:1](=[O:6])[H:13])([C:2]([C:3]([O:4][H:8])=[O:7])([H:14])[H:15])([O:5][H:9])[H:11].[H:10][O:16][H:18].[H:12][H:17],53.19084276753844,58.23727416649587,16.940726577437857
DZAIOXUZHHTJKN_66_0-cata1_1,[C:0]([C:1]([O:6][H:10])([H:12])[H:13])([C:2]([C:3]([O:4][H:8])=[O:7])([H:14])[H:15])([O:5][H:9])[H:11].[O:16]([H:17])[H:18],[C:0]([C:1](=[O:6])[H:13])([C:2]([C:3]([O:4][H:8])=[O:7])([H:14])[H:15])([O:5][H:9])[H:11].[H:10][O:16][H:18].[H:12][H:17],50.45552885702451,55.35763307098963,16.940726577437857
DZAIOXUZHHTJKN_66_0-cata1_3,[C:0]([C:1]([O:6][H:10])([H:12])[H:13])([C:2]([C:3]([O:4][H:8])=[O:7])([H:14])[H:15])([O:5][H:9])[H:11].[O:16]([H:17])[H:18],[C:0]([C:1](=[O:6])[H:13])([C:2]([C:3]([O:4][H:8])=[O:7])([H:14])[H:15])([O:5][H:9])[H:11].[H:10][O:16][H:18].[H:12][H:17],48.53597729651982,54.30404462043878,16.940726577437857
DZAIOXUZHHTJKN_6_1-cata1_0,[C:0]([C:1]([O:6][H:10])([H:12])[H:13])([C:2]([C:3]([O:4][H:8])=[O:7])([H:14])[H:15])([O:5][H:9])[H:11].[O:16]([H:17])[H:18],[C:0]([C:1]([O:6][H:10])([H:12])[H:13])([C:2]([C:3]([O:4][H:8])([O:7][H:17])[H:11])([H:14])[H:15])=[O:5].[H:9][O:16][H:18],47.29413599601623,55.22334603797198,14.385755258126208
DZAIOXUZHHTJKN_6_1-cata1_2,[C:0]([C:1]([O:6][H:10])([H:12])[H:13])([C:2]([C:3]([O:4][H:8])=[O:7])([H:14])[H:15])([O:5][H:9])[H:11].[O:16]([H:17])[H:18],[C:0]([C:1]([O:6][H:10])([H:12])[H:13])([C:2]([C:3]([O:4][H:8])([O:7][H:17])[H:11])([H:14])[H:15])=[O:5].[H:9][O:16][H:18],49.65921930153749,57.13850503198776,14.385755258126208
DZAIOXUZHHTJKN_6_2-cata1_2,[C:0]([C:1]([O:6][H:10])([H:12])[H:13])([C:2]([C:3]([O:4][H:8])=[O:7])([H:14])[H:15])([O:5][H:9])[H:11].[O:16]([H:17])[H:18],[C:0]([C:1]([O:6][H:10])([H:12])[H:13])([C:2]([C:3]([O:4][H:8])([O:7][H:17])[H:11])([H:14])[H:15])=[O:5].[H:9][O:16][H:18],46.52104429204193,54.44899931500085,14.385755258126208
DZAIOXUZHHTJKN_6_2-cata1_3,[C:0]([C:1]([O:6][H:10])([H:12])[H:13])([C:2]([C:3]([O:4][H:8])=[O:7])([H:14])[H:15])([O:5][H:9])[H:11].[O:16]([H:17])[H:18],[C:0]([C:1]([O:6][H:10])([H:12])[H:13])([C:2]([C:3]([O:4][H:8])([O:7][H:17])[H:11])([H:14])[H:15])=[O:5].[H:9][O:16][H:18],45.87408199753454,53.93130397745245,14.385755258126208
HKWHY-XLYOF_17_0-cata1_0,[C:0](=[C:3]([H:11])[H:12])([O:4]/[C:1](=[C:2](\[O:6][H:8])[H:10])[H:9])[O:5][H:7].[O:13]([H:14])[H:15].[O:16]([H:17])[H:18],[C:0]([C:3]([H:11])([H:12])[H:14])([O:4]/[C:1](=[C:2](\[O:6][H:8])[H:10])[H:9])=[O:5].[H:7][O:16][H:18].[O:13]([H:15])[H:17],-9.428957746950248,9.940377989514488,-26.142686424474178
HKWHY-XLYOF_17_0-cata1_1,[C:0](=[C:3]([H:11])[H:12])([O:4]/[C:1](=[C:2](\[O:6][H:8])[H:10])[H:9])[O:5][H:7].[O:13]([H:14])[H:15].[O:16]([H:17])[H:18],[C:0]([C:3]([H:11])([H:12])[H:14])([O:4]/[C:1](=[C:2](\[O:6][H:8])[H:10])[H:9])=[O:5].[H:7][O:16][H:18].[O:13]([H:15])[H:17],-12.909752943436851,7.710836736007711,-26.142686424474178
HKWHY-XLYOF_17_0-cata1_2,[C:0](=[C:3]([H:11])[H:12])([O:4]/[C:1](=[C:2](\[O:6][H:8])[H:10])[H:9])[O:5][H:7].[O:13]([H:14])[H:15].[O:16]([H:17])[H:18],[C:0]([C:3]([H:11])([H:12])[H:14])([O:4]/[C:1](=[C:2](\[O:6][H:8])[H:10])[H:9])=[O:5].[H:7][O:16][H:18].[O:13]([H:15])[H:17],-12.46986878397736,6.749492182009328,-26.142686424474178
HKWHY-XLYOF_17_0-cata1_3,[C:0](=[C:3]([H:11])[H:12])([O:4]/[C:1](=[C:2](\[O:6][H:8])[H:10])[H:9])[O:5][H:7].[O:13]([H:14])[H:15].[O:16]([H:17])[H:18],[C:0]([C:3]([H:11])([H:12])[H:14])([O:4]/[C:1](=[C:2](\[O:6][H:8])[H:10])[H:9])=[O:5].[H:7][O:16][H:18].[O:13]([H:15])[H:17],-9.438370389426485,12.00927681099881,-26.142686424474178
HKWHY-XLYOF_17_0-cata2_0,[C:0](=[C:3]([H:11])[H:12])([O:4]/[C:1](=[C:2](/[O:6][H:8])[H:10])[H:9])[O:5][H:7].[O:13]([H:14])[H:15].[O:16]([H:17])[H:18],[C:0]([C:3]([H:11])([H:12])[H:17])([O:4]/[C:1](=[C:2](/[O:6][H:8])[H:10])[H:9])=[O:5].[H:14][O:16][H:18].[H:7][O:13][H:15],-5.001878224427236,13.994716868979824,-26.142686424474178
HKWHY-XLYOF_19_0-cata1_0,[C:0](=[C:3]([H:11])[H:12])([O:4]/[C:1](=[C:2](/[O:6][H:8])[H:10])[H:9])[O:5][H:7].[O:13]([H:14])[H:15].[O:16]([H:17])[H:18],[C:0](=[C:3]([H:11])[H:12])([O:4][C:1]([C:2](=[O:6])[H:10])([H:9])[H:14])[O:5][H:7].[H:8][O:16][H:18].[O:13]([H:15])[H:17],5.638800367102651,23.922544668526,-13.777963671128118
HKWHY-XLYOF_19_0-cata1_1,[C:0](=[C:3]([H:11])[H:12])([O:4]/[C:1](=[C:2](/[O:6][H:8])[H:10])[H:9])[O:5][H:7].[O:13]([H:14])[H:15].[O:16]([H:17])[H:18],[C:0](=[C:3]([H:11])[H:12])([O:4][C:1]([C:2](=[O:6])[H:10])([H:9])[H:14])[O:5][H:7].[H:8][O:16][H:18].[O:13]([H:15])[H:17],5.256019572070326,24.455927743534787,-13.777963671128118
HKWHY-XLYOF_19_0-cata1_2,[C:0](=[C:3]([H:11])[H:12])([O:4]/[C:1](=[C:2](\[O:6][H:8])[H:10])[H:9])[O:5][H:7].[O:13]([H:14])[H:15].[O:16]([H:17])[H:18],[C:0](=[C:3]([H:11])[H:12])([O:4][C:1]([C:2](=[O:6])[H:10])([H:9])[H:14])[O:5][H:7].[H:8][O:16][H:18].[O:13]([H:15])[H:17],1.5694012595326587,22.011778240999128,-13.777963671128118
HKWHY-XLYOF_19_0-cata1_4,[C:0](=[C:3]([H:11])[H:12])([O:4]/[C:1](=[C:2](\[O:6][H:8])[H:10])[H:9])[O:5][H:7].[O:13]([H:14])[H:15].[O:16]([H:17])[H:18],[C:0](=[C:3]([H:11])[H:12])([O:4][C:1]([C:2](=[O:6])[H:10])([H:9])[H:14])[O:5][H:7].[H:8][O:16][H:18].[O:13]([H:15])[H:17],1.1765803125970218,22.538258711525344,-13.777963671128118
HKWHY-XLYOF_20_0-cata1_3,[C:0](=[C:3]([H:11])[H:12])([O:4]/[C:1](=[C:2](\[O:6][H:8])[H:10])[H:9])[O:5][H:7].[O:13]([H:14])[H:15].[O:16]([H:17])[H:18],[C:0](=[C:3]([H:11])[H:12])([O:4][C:1]([C:2](=[O:6])[H:10])([H:9])[H:14])[O:5][H:7].[H:8][O:16][H:18].[O:13]([H:15])[H:17],-2.7365689294394264,19.59963172302535,-13.777963671128118
HKWHY-XLYOF_1_0-cata_0,[C:0](=[C:3]([H:11])[H:12])([O:4]/[C:1](=[C:2](/[O:6][H:8])[H:10])[H:9])[O:5][H:7].[O:13]([H:14])[H:15].[O:16]([H:17])[H:18],[C:0]([C:3]([H:11])([H:12])[H:17])([O:4]/[C:1](=[C:2](/[O:6][H:8])[H:10])[H:9])([O:5][H:7])[O:13][H:15].[H:14][O:16][H:18],12.043789833554351,34.80669694601189,-22.025573613766724
HKWHY-XLYOF_2_0-cata_2,[C:0](=[C:3]([H:11])[H:12])([O:4]/[C:1](=[C:2](/[O:6][H:8])[H:10])[H:9])[O:5][H:7].[O:13]([H:14])[H:15].[O:16]([H:17])[H:18],[C:0]([C:3]([H:11])([H:12])[O:13][H:15])([O:4]/[C:1](=[C:2](/[O:6][H:8])[H:10])[H:9])([O:5][H:7])[H:17].[H:14][O:16][H:18],47.216952327568414,67.36628237249002,-11.670411089866171
HKWHY-XLYOF_2_0-cata_4,[C:0](=[C:3]([H:11])[H:12])([O:4]/[C:1](=[C:2](/[O:6][H:8])[H:10])[H:9])[O:5][H:7].[O:13]([H:14])[H:15].[O:16]([H:17])[H:18],[C:0]([C:3]([H:11])([H:12])[O:13][H:15])([O:4]/[C:1](=[C:2](/[O:6][H:8])[H:10])[H:9])([O:5][H:7])[H:17].[H:14][O:16][H:18],48.28685602507807,68.91811336599571,-11.670411089866171
HKWHY-XLYOF_7_0-cata_2,[C:0](=[C:3]([H:11])[H:12])([O:4]/[C:1](=[C:2](/[O:6][H:8])[H:10])[H:9])[O:5][H:7].[O:13]([H:14])[H:15].[O:16]([H:17])[H:18],[C:0](=[C:3]([H:11])[H:12])([O:4][C:1]([C:2]([O:6][H:8])([H:10])[O:13][H:15])([H:9])[H:17])[O:5][H:7].[H:14][O:16][H:18],24.72575682856693,45.29614574799556,-22.185468451242844
HKWHYIIBAGBNDC_20_0-cata_1,[C:0](=[C:3]([H:11])[H:12])([O:4]/[C:1](=[C:2](/[O:6][H:8])[H:10])[H:9])[O:5][H:7].[O:13]([H:14])[H:15],[C:0](=[C:3]([H:11])[H:12])=[O:5].[C:1](=[C:2](/[O:6][H:8])[H:10])(\[O:4][H:14])[H:9].[H:7][O:13][H:15],17.73404597952709,25.2177242765376,7.669455066921592
HKWHYIIBAGBNDC_20_0-cata_2,[C:0](=[C:3]([H:11])[H:12])([O:4]/[C:1](=[C:2](/[O:6][H:8])[H:10])[H:9])[O:5][H:7].[O:13]([H:14])[H:15],[C:0](=[C:3]([H:11])[H:12])=[O:5].[C:1](=[C:2](/[O:6][H:8])[H:10])(\[O:4][H:14])[H:9].[H:7][O:13][H:15],15.648204401514205,23.8089654490274,7.669455066921592
HKWHYIIBAGBNDC_39_0-cata_0,[C:0](=[C:3]([H:11])[H:12])([O:4]/[C:1](=[C:2](/[O:6][H:8])[H:10])[H:9])[O:5][H:7].[O:13]([H:14])[H:15],[C:0](=[C:3]([H:11])[H:12])([O:4][C:1]([C:2](=[O:6])[H:10])([H:9])[H:14])[O:5][H:7].[H:8][O:13][H:15],22.28160732603127,30.60426582452808,-13.777963671128118
HKWHYIIBAGBNDC_39_0-cata_1,[C:0](=[C:3]([H:11])[H:12])([O:4]/[C:1](=[C:2](/[O:6][H:8])[H:10])[H:9])[O:5][H:7].[O:13]([H:14])[H:15],[C:0](=[C:3]([H:11])[H:12])([O:4][C:1]([C:2](=[O:6])[H:10])([H:9])[H:14])[O:5][H:7].[H:8][O:13][H:15],24.56699692500405,32.34497717752059,-13.777963671128118
HKWHYIIBAGBNDC_39_0-cata_3,[C:0](=[C:3]([H:11])[H:12])([O:4]/[C:1](=[C:2](/[O:6][H:8])[H:10])[H:9])[O:5][H:7].[O:13]([H:14])[H:15],[C:0](=[C:3]([H:11])[H:12])([O:4][C:1]([C:2](=[O:6])[H:10])([H:9])[H:14])[O:5][H:7].[H:8][O:13][H:15],23.425557144532327,31.81535915953797,-13.777963671128118
HKWHYIIBAGBNDC_39_2-cata2_0,[C:0](=[C:3]([H:11])[H:12])([O:4]/[C:1](=[C:2](/[O:6][H:8])[H:10])[H:9])[O:5][H:7].[O:13]([H:14])[H:15],[C:0](=[C:3]([H:11])[H:12])([O:4][C:1]([C:2](=[O:6])[H:10])([H:9])[H:14])[O:5][H:7].[H:8][O:13][H:15],25.130500456043805,32.87083013851272,-13.777963671128118
HKWHYIIBAGBNDC_39_2-cata2_4,[C:0](=[C:3]([H:11])[H:12])([O:4]/[C:1](=[C:2](\[O:6][H:8])[H:10])[H:9])[O:5][H:7].[O:13]([H:14])[H:15],[C:0](=[C:3]([H:11])[H:12])([O:4][C:1]([C:2](=[O:6])[H:10])([H:9])[H:14])[O:5][H:7].[H:8][O:13][H:15],25.56724706804689,35.70340802153078,-13.777963671128118
HKWHYIIBAGBNDC_78_0-cata_0,[C:0](=[C:3]([H:11])[H:12])([O:4]/[C:1](=[C:2](/[O:6][H:8])[H:10])[H:9])[O:5][H:7].[O:13]([H:14])[H:15],[C:0](=[C:3]([H:11])[H:12])=[O:5].[C:1]([C:2]([O:6][H:8])([H:10])[H:14])(=[O:4])[H:9].[H:7][O:13][H:15],26.91137241700626,34.09823872051709,-1.7143881453154879
HKWHYIIBAGBNDC_78_0-cata_3,[C:0](=[C:3]([H:11])[H:12])([O:4]/[C:1](=[C:2](/[O:6][H:8])[H:10])[H:9])[O:5][H:7].[O:13]([H:14])[H:15],[C:0](=[C:3]([H:11])[H:12])=[O:5].[C:1]([C:2]([O:6][H:8])([H:10])[H:14])(=[O:4])[H:9].[H:7][O:13][H:15],24.640415536532707,32.42153333654132,-1.7143881453154879
HKWHYIIBAGBNDC_9_0-cata_0,[C:0](=[C:3]([H:11])[H:12])([O:4]/[C:1](=[C:2](/[O:6][H:8])[H:10])[H:9])[O:5][H:7].[O:13]([H:14])[H:15],[C:0]([C:3]([H:11])([H:12])[H:14])([O:4]/[C:1](=[C:2](/[O:6][H:8])[H:10])[H:9])=[O:5].[H:7][O:13][H:15],13.06223775205124,21.588209328534116,-26.142686424474178
HKWHYIIBAGBNDC_9_0-cata_4,[C:0](=[C:3]([H:11])[H:12])([O:4]/[C:1](=[C:2](/[O:6][H:8])[H:10])[H:9])[O:5][H:7].[O:13]([H:14])[H:15],[C:0]([C:3]([H:11])([H:12])[H:14])([O:4]/[C:1](=[C:2](/[O:6][H:8])[H:10])[H:9])=[O:5].[H:7][O:13][H:15],13.677824571530834,22.265292079036797,-26.142686424474178
NUHKD-XLYOF_11_0-cata_0,[C:0]1([O:6][H:7])([H:8])[C:1]([H:9])([H:10])[O:5][C:2](=[C:3]([H:11])[H:12])[O:4]1.[O:13]([H:14])[H:15].[O:16]([H:17])[H:18],[C:0]1([O:6][H:7])([H:8])[C:1]([H:9])([H:10])[O:5][C:2]([C:3]([H:11])([H:12])[O:13][H:15])([H:17])[O:4]1.[H:14][O:16][H:18],49.37181995054971,69.38623545302659,-5.569311663479929
NUHKD-XLYOF_3_1-cata_3,[C:0]1([O:6][H:7])([H:8])[C:1]([H:9])([H:10])[O:5][C:2](=[C:3]([H:11])[H:12])[O:4]1.[O:13]([H:14])[H:15].[O:16]([H:17])[H:18],[C:0]([C:1]([O:5][C:2](=[C:3]([H:11])[H:12])[O:13][H:15])([H:9])[H:10])([O:4][H:17])([O:6][H:7])[H:8].[H:14][O:16][H:18],40.65257544801975,63.05403708846245,-1.5181644359464839
NUHKDHWUTKETKO_16_0-cata_1,[C:0]1([O:6][H:7])([H:8])[C:1]([H:9])([H:10])[O:5][C:2](=[C:3]([H:11])[H:12])[O:4]1.[O:13]([H:14])[H:15],[C:0]([C:1]([O:5][C:2](=[C:3]([H:11])[H:12])[O:4][H:14])([H:9])[H:10])(=[O:6])[H:8].[H:7][O:13][H:15],14.108923598012508,22.07452919101905,6.889340344168243
NUHKDHWUTKETKO_50_0-cata_0,[C:0]1([O:6][H:7])([H:8])[C:1]([H:9])([H:10])[O:5][C:2](=[C:3]([H:11])[H:12])[O:4]1.[O:13]([H:14])[H:15],[C:0]([C:1]([O:5][C:2]([C:3]([H:11])([H:12])[H:14])=[O:4])([H:9])[H:10])(=[O:6])[H:8].[H:7][O:13][H:15],10.326923841501635,18.03148548252519,-19.253346080305935
QFTOQKSHYCMJOH_23_0-cata_0,[C:0]([C:1]([O:4][C:2](=[C:3]([H:14])[H:15])[O:7][H:10])([H:12])[H:13])([O:5][H:8])([O:6][H:9])[H:11].[O:16]([H:17])[H:18],[C:0]([C:1]([O:4][C:2](=[C:3]([H:14])[H:15])[O:7][H:10])([H:12])[H:13])(=[O:6])[H:11].[H:9][O:16][H:18].[O:5]([H:8])[H:17],14.68246728095557,24.614687646990653,8.407504780114728
QFTOQKSHYCMJOH_23_0-cata_1,[C:0]([C:1]([O:4][C:2](=[C:3]([H:14])[H:15])[O:7][H:10])([H:12])[H:13])([O:5][H:8])([O:6][H:9])[H:11].[O:16]([H:17])[H:18],[C:0]([C:1]([O:4][C:2](=[C:3]([H:14])[H:15])[O:7][H:10])([H:12])[H:13])(=[O:6])[H:11].[H:9][O:16][H:18].[O:5]([H:8])[H:17],19.385023473996466,25.996463565997644,8.407504780114728
QFTOQKSHYCMJOH_23_0-cata_2,[C:0]([C:1]([O:4][C:2](=[C:3]([H:14])[H:15])[O:7][H:10])([H:12])[H:13])([O:5][H:8])([O:6][H:9])[H:11].[O:16]([H:17])[H:18],[C:0]([C:1]([O:4][C:2](=[C:3]([H:14])[H:15])[O:7][H:10])([H:12])[H:13])(=[O:6])[H:11].[H:9][O:16][H:18].[O:5]([H:8])[H:17],21.268179483450368,27.57464995850812,8.407504780114728
QFTOQKSHYCMJOH_23_0-cata_3,[C:0]([C:1]([O:4][C:2](=[C:3]([H:14])[H:15])[O:7][H:10])([H:12])[H:13])([O:5][H:8])([O:6][H:9])[H:11].[O:16]([H:17])[H:18],[C:0]([C:1]([O:4][C:2](=[C:3]([H:14])[H:15])[O:7][H:10])([H:12])[H:13])(=[O:6])[H:11].[H:9][O:16][H:18].[O:5]([H:8])[H:17],22.49935312248089,28.642043618024115,8.407504780114728
QFTOQKSHYCMJOH_37_0-cata1_1,[C:0]([C:1]([O:4][C:2](=[C:3]([H:14])[H:15])[O:7][H:10])([H:12])[H:13])([O:5][H:8])([O:6][H:9])[H:11].[O:16]([H:17])[H:18],[C:0]([C:1]([O:4][C:2](=[C:3]([H:14])[H:15])[O:7][H:10])([H:12])[H:13])(=[O:5])[O:6][H:9].[H:11][H:17].[H:8][O:16][H:18],50.50070954098178,55.1129043660368,3.3243307839388123
QFTOQKSHYCMJOH_37_0-cata1_3,[C:0]([C:1]([O:4][C:2](=[C:3]([H:14])[H:15])[O:7][H:10])([H:12])[H:13])([O:5][H:8])([O:6][H:9])[H:11].[O:16]([H:17])[H:18],[C:0]([C:1]([O:4][C:2](=[C:3]([H:14])[H:15])[O:7][H:10])([H:12])[H:13])(=[O:5])[O:6][H:9].[H:11][H:17].[H:8][O:16][H:18],41.04853394244747,48.66963682003906,3.3243307839388123
QFTOQKSHYCMJOH_41_1-cata_0,[C:0]([C:1]([O:4][C:2](=[C:3]([H:14])[H:15])[O:7][H:10])([H:12])[H:13])([O:5][H:8])([O:6][H:9])[H:11].[O:16]([H:17])[H:18],[C:0]([C:1]([O:4][H:17])([H:12])[H:13])([O:5][H:8])([O:6][H:9])[H:11].[C:2](=[C:3]([H:14])[H:15])=[O:7].[H:10][O:16][H:18],20.57289895749363,27.49746628998897,12.516252390057373
QFTOQKSHYCMJOH_41_1-cata_1,[C:0]([C:1]([O:4][C:2](=[C:3]([H:14])[H:15])[O:7][H:10])([H:12])[H:13])([O:5][H:8])([O:6][H:9])[H:11].[O:16]([H:17])[H:18],[C:0]([C:1]([O:4][H:17])([H:12])[H:13])([O:5][H:8])([O:6][H:9])[H:11].[C:2](=[C:3]([H:14])[H:15])=[O:7].[H:10][O:16][H:18],19.87385337447506,26.88125196097529,12.516252390057373
QFTOQKSHYCMJOH_41_1-cata_3,[C:0]([C:1]([O:4][C:2](=[C:3]([H:14])[H:15])[O:7][H:10])([H:12])[H:13])([O:5][H:8])([O:6][H:9])[H:11].[O:16]([H:17])[H:18],[C:0]([C:1]([O:4][H:17])([H:12])[H:13])([O:5][H:8])([O:6][H:9])[H:11].[C:2](=[C:3]([H:14])[H:15])=[O:7].[H:10][O:16][H:18],16.780231539509693,24.944757644013382,12.516252390057373
QFTOQKSHYCMJOH_54_0-cata_0,[C:0]([C:1]([O:4][C:2](=[C:3]([H:14])[H:15])[O:7][H:10])([H:12])[H:13])([O:5][H:8])([O:6][H:9])[H:11].[O:16]([H:17])[H:18],[C:0]1([O:6][H:9])([H:11])[C:1]([H:12])([H:13])[O:4][C:2]([C:3]([H:14])([H:15])[H:17])([O:7][H:10])[O:5]1.[H:8][O:16][H:18],16.499734793004485,27.391417184471365,-22.0
QFTOQKSHYCMJOH_54_0-cata_1,[C:0]([C:1]([O:4][C:2](=[C:3]([H:14])[H:15])[O:7][H:10])([H:12])[H:13])([O:5][H:8])([O:6][H:9])[H:11].[O:16]([H:17])[H:18],[C:0]1([O:6][H:9])([H:11])[C:1]([H:12])([H:13])[O:4][C:2]([C:3]([H:14])([H:15])[H:17])([O:7][H:10])[O:5]1.[H:8][O:16][H:18],19.57641387144129,29.449020834984204,-22.0
QFTOQKSHYCMJOH_56_0-cata_0,[C:0]([C:1]([O:4][C:2](=[C:3]([H:14])[H:15])[O:7][H:10])([H:12])[H:13])([O:5][H:8])([O:6][H:9])[H:11].[O:16]([H:17])[H:18],[C:0]([C:1]([O:4][C:2]([C:3]([H:14])([H:15])[H:17])=[O:7])([H:12])[H:13])([O:5][H:8])([O:6][H:9])[H:11].[H:10][O:16][H:18],11.20418212246263,20.15748766847235,-26.142447418738048
QFTOQKSHYCMJOH_56_0-cata_1,[C:0]([C:1]([O:4][C:2](=[C:3]([H:14])[H:15])[O:7][H:10])([H:12])[H:13])([O:5][H:8])([O:6][H:9])[H:11].[O:16]([H:17])[H:18],[C:0]([C:1]([O:4][C:2]([C:3]([H:14])([H:15])[H:17])=[O:7])([H:12])[H:13])([O:5][H:8])([O:6][H:9])[H:11].[H:10][O:16][H:18],12.441003346978896,21.76767704547337,-26.142447418738048
QFTOQKSHYCMJOH_56_0-cata_2,[C:0]([C:1]([O:4][C:2](=[C:3]([H:14])[H:15])[O:7][H:10])([H:12])[H:13])([O:5][H:8])([O:6][H:9])[H:11].[O:16]([H:17])[H:18],[C:0]([C:1]([O:4][C:2]([C:3]([H:14])([H:15])[H:17])=[O:7])([H:12])[H:13])([O:5][H:8])([O:6][H:9])[H:11].[H:10][O:16][H:18],13.251118111502402,20.787507206522516,-26.142447418738048
RBZGR-XLYOF_10_0-cata_0,[C:0]([C:1]([O:4][H:8])([H:10])[H:11])([C:2](=[C:5]=[O:6])[H:12])([O:3][H:7])[H:9].[O:13]([H:14])[H:15].[O:16]([H:17])[H:18],[C:0]([C:1]([O:4][H:8])([H:10])[H:11])([C:2]([C:5](=[O:6])[O:13][H:15])([H:12])[H:17])([O:3][H:7])[H:9].[H:14][O:16][H:18],4.82241050752365,29.96985371995334,-36.47801147227534
RBZGR-XLYOF_14_0-cata_2,[C:0]([C:1]([O:4][H:8])([H:10])[H:11])([C:2](=[C:5]=[O:6])[H:12])([O:3][H:7])[H:9].[O:13]([H:14])[H:15].[O:16]([H:17])[H:18],[C:0]([C:1]([O:4][H:8])([H:10])[H:11])([C:2](=[C:5]([O:6][H:17])[O:13][H:15])[H:12])([O:3][H:7])[H:9].[H:14][O:16][H:18],-1.0102902949461472,23.46948280945709,-13.034177820267677
RBZGR-XLYOF_14_0-cata_4,[C:0]([C:1]([O:4][H:8])([H:10])[H:11])([C:2](=[C:5]=[O:6])[H:12])([O:3][H:7])[H:9].[O:13]([H:14])[H:15].[O:16]([H:17])[H:18],[C:0]([C:1]([O:4][H:8])([H:10])[H:11])([C:2](=[C:5]([O:6][H:17])[O:13][H:15])[H:12])([O:3][H:7])[H:9].[H:14][O:16][H:18],-2.276604465959292,22.18999093897722,-13.034177820267677
RBZGR-XLYOF_21_0-cata_1,[C:0]([C:1]([O:4][H:8])([H:10])[H:11])([C:2](=[C:5]=[O:6])[H:12])([O:3][H:7])[H:9].[O:13]([H:14])[H:15].[O:16]([H:17])[H:18],[C:0](\[C:1]([O:4][H:8])([H:10])[H:11])(=[C:2](\[C:5](=[O:6])[O:13][H:15])[H:12])[H:9].[H:14][O:16][H:18].[O:3]([H:7])[H:17],-1.9126489560221165,23.65648064048435,-23.395793499043982
RBZGR-XLYOF_25_0-cata1_2,[C:0]([C:1]([O:4][H:8])([H:10])[H:11])([C:2](=[C:5]=[O:6])[H:12])([O:3][H:7])[H:9].[O:13]([H:14])[H:15].[O:16]([H:17])[H:18],[C:0]([C:1]([O:4][H:8])([H:10])[H:11])([C:2]#[C:5][O:6][H:14])([O:3][H:7])[H:9].[H:12][O:16][H:18].[O:13]([H:15])[H:17],19.71885852800969,39.28899730446682,33.65129063097515
RBZGRNVQQYVVIB_13_0-cata_1,[C:0]([C:1]([O:4][H:8])([H:10])[H:11])([C:2](=[C:5]=[O:6])[H:12])([O:3][H:7])[H:9].[O:13]([H:14])[H:15],[C:0]([C:1]([O:4][H:8])([H:10])[H:11])(=[O:3])[H:9].[C:2](=[C:5]=[O:6])([H:12])[H:14].[H:7][O:13][H:15],27.388279637014957,35.3607878344684,12.484225621414922
RBZGRNVQQYVVIB_13_0-cata_2,[C:0]([C:1]([O:4][H:8])([H:10])[H:11])([C:2](=[C:5]=[O:6])[H:12])([O:3][H:7])[H:9].[O:13]([H:14])[H:15],[C:0]([C:1]([O:4][H:8])([H:10])[H:11])(=[O:3])[H:9].[C:2](=[C:5]=[O:6])([H:12])[H:14].[H:7][O:13][H:15],28.741190118987813,36.6823228414848,12.484225621414922
RBZGRNVQQYVVIB_20_0-cata_0,[C:0]([C:1]([O:4][H:8])([H:10])[H:11])([C:2](=[C:5]=[O:6])[H:12])([O:3][H:7])[H:9].[O:13]([H:14])[H:15],[C:0]([C:1]([O:4][H:8])([H:10])[H:11])(=[C:2]=[C:5]=[O:6])[H:9].[H:12][O:13][H:15].[O:3]([H:7])[H:14],29.7301450910235,38.66776289946581,17.304254302103267
RBZGRNVQQYVVIB_20_0-cata_1,[C:0]([C:1]([O:4][H:8])([H:10])[H:11])([C:2](=[C:5]=[O:6])[H:12])([O:3][H:7])[H:9].[O:13]([H:14])[H:15],[C:0]([C:1]([O:4][H:8])([H:10])[H:11])(=[C:2]=[C:5]=[O:6])[H:9].[H:12][O:13][H:15].[O:3]([H:7])[H:14],33.26427859498244,40.16751060446032,17.304254302103267
RBZGRNVQQYVVIB_20_0-cata_2,[C:0]([C:1]([O:4][H:8])([H:10])[H:11])([C:2](=[C:5]=[O:6])[H:12])([O:3][H:7])[H:9].[O:13]([H:14])[H:15],[C:0]([C:1]([O:4][H:8])([H:10])[H:11])(=[C:2]=[C:5]=[O:6])[H:9].[H:12][O:13][H:15].[O:3]([H:7])[H:14],31.249345590504557,39.2049110314651,17.304254302103267
RBZGRNVQQYVVIB_20_0-cata_4,[C:0]([C:1]([O:4][H:8])([H:10])[H:11])([C:2](=[C:5]=[O:6])[H:12])([O:3][H:7])[H:9].[O:13]([H:14])[H:15],[C:0]([C:1]([O:4][H:8])([H:10])[H:11])(=[C:2]=[C:5]=[O:6])[H:9].[H:12][O:13][H:15].[O:3]([H:7])[H:14],33.123088957517886,41.093087116977664,17.304254302103267
RBZGRNVQQYVVIB_25_0-cata_3,[C:0]([C:1]([O:4][H:8])([H:10])[H:11])([C:2](=[C:5]=[O:6])[H:12])([O:3][H:7])[H:9].[O:13]([H:14])[H:15],[C:0](=[C:1]([H:10])[H:11])([C:2](=[C:5]=[O:6])[H:12])[O:3][H:7].[H:9][O:13][H:15].[O:4]([H:8])[H:14],50.99079446049288,56.87557855147386,-3.0466061185468347
RBZGRNVQQYVVIB_31_0-cata2_1,[C:0]([C:1]([O:4][H:8])([H:10])[H:11])([C:2](=[C:5]=[O:6])[H:12])([O:3][H:7])[H:9].[O:13]([H:14])[H:15],[C:0]([C:1]([O:4][H:8])([H:10])[H:11])([C:2](=[C:5]=[O:6])[H:12])=[O:3].[H:7][O:13][H:15].[H:9][H:14],49.555680233977874,54.88449090797143,7.266252390057344
RBZGRNVQQYVVIB_31_0-cata2_2,[C:0]([C:1]([O:4][H:8])([H:10])[H:11])([C:2](=[C:5]=[O:6])[H:12])([O:3][H:7])[H:9].[O:13]([H:14])[H:15],[C:0]([C:1]([O:4][H:8])([H:10])[H:11])([C:2](=[C:5]=[O:6])[H:12])=[O:3].[H:7][O:13][H:15].[H:9][H:14],47.28284082500908,53.19209778646393,7.266252390057344
RBZGRNVQQYVVIB_40_1-cata_0,[C:0]([C:1]([O:4][H:8])([H:10])[H:11])([C:2](=[C:5]=[O:6])[H:12])([O:3][H:7])[H:9].[O:13]([H:14])[H:15],[C:0]1([O:3][H:7])([H:9])[C:1]([H:10])([H:11])[O:4][C:5]([O:6][H:14])=[C:2]1[H:12].[H:8][O:13][H:15],7.8877944150246435,19.107664274983332,-10.886950286806867
RBZGRNVQQYVVIB_40_1-cata_2,[C:0]([C:1]([O:4][H:8])([H:10])[H:11])([C:2](=[C:5]=[O:6])[H:12])([O:3][H:7])[H:9].[O:13]([H:14])[H:15],[C:0]1([O:3][H:7])([H:9])[C:1]([H:10])([H:11])[O:4][C:5]([O:6][H:14])=[C:2]1[H:12].[H:8][O:13][H:15],10.608675607003676,21.45078474798871,-10.886950286806867
RBZGRNVQQYVVIB_50_0-cata_0,[C:0]([C:1]([O:4][H:8])([H:10])[H:11])([C:2](=[C:5]=[O:6])[H:12])([O:3][H:7])[H:9].[O:13]([H:14])[H:15],[C:0]1([O:3][H:7])([H:9])[C:1]([H:10])([H:11])[O:4][C:5](=[O:6])[C:2]1([H:12])[H:14].[H:8][O:13][H:15],20.66451534447634,32.15170425147351,-28.98637667304015
RBZGRNVQQYVVIB_50_0-cata_4,[C:0]([C:1]([O:4][H:8])([H:10])[H:11])([C:2](=[C:5]=[O:6])[H:12])([O:3][H:7])[H:9].[O:13]([H:14])[H:15],[C:0]1([O:3][H:7])([H:9])[C:1]([H:10])([H:11])[O:4][C:5](=[O:6])[C:2]1([H:12])[H:14].[H:8][O:13][H:15],17.779854172982773,29.413880302965914,-28.98637667304015
RBZGRNVQQYVVIB_86_0-cata_0,[C:0]([C:1]([O:4][H:8])([H:10])[H:11])([C:2](=[C:5]=[O:6])[H:12])([O:3][H:7])[H:9].[O:13]([H:14])[H:15],[C:0]1([H:9])=[C:2]([H:12])[C:5](=[O:6])[O:4][C:1]1([H:10])[H:11].[H:8][O:13][H:15].[O:3]([H:7])[H:14],8.977778416519271,19.771569325983616,-22.364005736137646
RBZGRNVQQYVVIB_86_0-cata_2,[C:0]([C:1]([O:4][H:8])([H:10])[H:11])([C:2](=[C:5]=[O:6])[H:12])([O:3][H:7])[H:9].[O:13]([H:14])[H:15],[C:0]1([H:9])=[C:2]([H:12])[C:5](=[O:6])[O:4][C:1]1([H:10])[H:11].[H:8][O:13][H:15].[O:3]([H:7])[H:14],9.701296870011722,20.74546406998598,-22.364005736137646
RBZGRNVQQYVVIB_8_0-cata_0,[C:0]([C:1]([O:4][H:8])([H:10])[H:11])([C:2](=[C:5]=[O:6])[H:12])([O:3][H:7])[H:9].[O:13]([H:14])[H:15],[C:0]([C:2](=[C:5]=[O:6])[H:12])([O:3][H:7])([H:9])[H:14].[C:1](=[O:4])([H:10])[H:11].[H:8][O:13][H:15],64.80604361249777,70.65568717146047,18.486854684512437
RBZGRNVQQYVVIB_8_0-cata_2,[C:0]([C:1]([O:4][H:8])([H:10])[H:11])([C:2](=[C:5]=[O:6])[H:12])([O:3][H:7])[H:9].[O:13]([H:14])[H:15],[C:0]([C:2](=[C:5]=[O:6])[H:12])([O:3][H:7])([H:9])[H:14].[C:1](=[O:4])([H:10])[H:11].[H:8][O:13][H:15],66.70300483098816,72.79486705698136,18.486854684512437
DZAIOXUZHHTJKN_55_1-cata_0,[C:0]([C:1]([O:6][H:10])([H:12])[H:13])([C:2]([C:3]([O:4][H:8])=[O:7])([H:14])[H:15])([O:5][H:9])[H:11].[O:16]([H:17])[H:18],[C:0]1([O:5][H:9])([H:11])[C:1]([H:12])([H:13])[O:6][C:3]([O:4][H:8])([O:7][H:18])[C:2]1([H:14])[H:15].[H:10][O:16][H:17],15.458696532564629,26.12635803245505,11.27987571701722
DZAIOXUZHHTJKN_55_1-cata_1,[C:0]([C:1]([O:6][H:10])([H:12])[H:13])([C:2]([C:3](=[O:4])[O:7][H:17])([H:14])[H:15])([O:5][H:9])[H:11].[H:8][O:16][H:18],[C:0]1([O:5][H:9])([H:11])[C:1]([H:12])([H:13])[O:6][C:3]([O:4][H:8])([O:7][H:17])[C:2]1([H:14])[H:15].[H:10][O:16][H:18],27.402712355514183,35.34572760643508,11.27987571701722
DZAIOXUZHHTJKN_55_1-cata_3,[C:0]([C:1]([O:6][H:10])([H:12])[H:13])([C:2]([C:3]([O:4][H:8])=[O:7])([H:14])[H:15])([O:5][H:9])[H:11].[O:16]([H:17])[H:18],[C:0]1([O:5][H:9])([H:11])[C:1]([H:12])([H:13])[O:6][C:3]([O:4][H:8])([O:7][H:18])[C:2]1([H:14])[H:15].[H:10][O:16][H:17],16.007139835464056,25.473120642963508,11.27987571701722
DZAIOXUZHHTJKN_73_0-cata_0,[C:0]([C:1]([O:6][H:10])([H:12])[H:13])([C:2]([C:3]([O:4][H:8])=[O:7])([H:14])[H:15])([O:5][H:9])[H:11].[O:16]([H:17])[H:18],[C:0]1([O:5][H:9])([H:11])[C:1]([H:12])([H:13])[O:6][C:3]([O:4][H:8])([O:7][H:10])[C:2]1([H:14])[H:15].[O:16]([H:17])[H:18],29.51365431353504,38.3565181874669,11.27987571701722
HKWHY-XLYOF_16_0-cata_0,[C:0](=[C:3]([H:11])[H:12])([O:4]/[C:1](=[C:2](\[O:6][H:8])[H:10])[H:9])[O:5][H:7].[O:13]([H:14])[H:15].[O:16]([H:17])[H:18],[C:0]([C:3]([H:11])([H:12])[H:17])([O:4]/[C:1](=[C:2](\[O:6][H:8])[H:10])[H:9])=[O:5].[H:14][O:16][H:18].[H:7][O:13][H:15],-11.423810447478838,7.751624853476071,-26.142686424474178
HKWHY-XLYOF_17_0-cata2_2,[C:0](=[C:3]([H:11])[H:12])([O:4]/[C:1](=[C:2](\[O:6][H:8])[H:10])[H:9])[O:5][H:7].[O:13]([H:14])[H:15].[O:16]([H:17])[H:18],[C:0]([C:3]([H:11])([H:12])[H:17])([O:4]/[C:1](=[C:2](\[O:6][H:8])[H:10])[H:9])=[O:5].[H:7][O:16][H:18].[O:13]([H:14])[H:15],-7.1002699924084345,15.786256491522352,-26.142686424474178
HKWHY-XLYOF_1_0-cata_1,[C:0](=[C:3]([H:11])[H:12])([O:4]/[C:1](=[C:2](/[O:6][H:8])[H:10])[H:9])[O:13][H:15].[H:14][O:16][H:18].[O:5]([H:7])[H:17],[C:0]([C:3]([H:11])([H:12])[H:17])([O:4]/[C:1](=[C:2](/[O:6][H:8])[H:10])[H:9])=[O:13].[H:15][O:16][H:18].[O:5]([H:7])[H:14],-5.413524456458022,13.30947649499774,-26.142686424474178
HKWHY-XLYOF_1_0-cata_2,[C:0](=[C:3]([H:11])[H:12])([O:4]/[C:1](=[C:2](/[O:6][H:8])[H:10])[H:9])[O:5][H:7].[O:13]([H:14])[H:15].[O:16]([H:17])[H:18],[C:0]([C:3]([H:11])([H:12])[H:17])([O:4]/[C:1](=[C:2](/[O:6][H:8])[H:10])[H:9])=[O:5].[H:7][O:16][H:18].[O:13]([H:14])[H:15],0.984562405511104,20.97764258504185,-26.142686424474178
HKWHY-XLYOF_20_0-cata2_4,[C:0](=[C:3]([H:11])[H:12])([O:4]/[C:1](=[C:2](\[O:6][H:8])[H:10])[H:9])[O:5][H:7].[O:13]([H:14])[H:15].[O:16]([H:17])[H:18],[C:0](=[C:3]([H:11])[H:12])([O:4][C:1]([C:2](=[O:6])[H:10])([H:9])[H:17])[O:5][H:8].[H:7][O:16][H:18].[O:13]([H:14])[H:15],8.08734243605588,28.79954850248315,-13.777963671128118
HKWHY-XLYOF_7_0-cata_0,[C:0](=[C:3]([H:11])[H:12])([O:4]/[C:1](=[C:2](/[O:6][H:8])[H:10])[H:9])[O:5][H:7].[O:13]([H:14])[H:15].[O:16]([H:17])[H:18],[C:0](=[C:3]([H:11])[H:12])([O:4][C:1]([C:2](=[O:6])[H:10])([H:9])[H:17])[O:5][H:7].[H:8][O:16][H:18].[O:13]([H:14])[H:15],11.886284949023974,31.964078910983517,-13.777963671128118
HKWHY-XLYOF_7_0-cata_3,[C:0](=[C:3]([H:11])[H:12])([O:4]/[C:1](=[C:2](/[O:6][H:8])[H:10])[H:9])[O:5][H:7].[O:13]([H:14])[H:15].[O:16]([H:17])[H:18],[C:0](=[C:3]([H:11])[H:12])([O:4][C:1]([C:2](=[O:6])[H:10])([H:9])[H:17])[O:5][H:7].[H:8][O:16][H:18].[O:13]([H:14])[H:15],17.424056286525,35.19136026953946,-13.777963671128118
HKWHYIIBAGBNDC_11_0-cata_4,[C:0](=[C:3]([H:11])[H:12])([O:4]/[C:1](=[C:2](\[O:6][H:8])[H:10])[H:9])[O:5][H:7].[O:13]([H:14])[H:15],[C:0]([C:3]([H:11])([H:12])[H:14])([O:4][C:1]([C:2](=[O:6])[H:10])[H:9])[O:5][H:7].[H:8][O:13][H:15],12.690124618527651,20.82955034302337,TCIT fails
HKWHYIIBAGBNDC_3_0-cata_0,[C:0](=[C:3]([H:11])[H:12])([O:4]/[C:1](=[C:2](/[O:6][H:8])[H:10])[H:9])[O:5][H:7].[O:13]([H:14])[H:15],[C:0]([C:3]([H:11])([H:12])[H:14])([O:4][C:1]([C:2](=[O:6])[H:10])[H:9])[O:5][H:7].[H:8][O:13][H:15],27.94550807303488,35.79753444654282,TCIT fails
HKWHYIIBAGBNDC_3_0-cata_2,[C:0](=[C:3]([H:11])[H:12])([O:4]/[C:1](=[C:2](/[O:6][H:8])[H:10])[H:9])[O:5][H:7].[O:13]([H:14])[H:15],[C:0]([C:3]([H:11])([H:12])[H:14])([O:4][C:1]([C:2](=[O:6])[H:10])[H:9])[O:5][H:7].[H:8][O:13][H:15],26.551181964023908,35.22085321603634,TCIT fails
HKWHYIIBAGBNDC_59_0-cata_2,[C:0](=[C:3]([H:12])[H:14])([O:4]/[C:1](=[C:2](/[O:6][H:8])[H:10])[H:9])[O:5][H:7].[H:11][O:13][H:15],[C:0]([C:3]([H:11])([H:12])[H:14])([O:4][C:1]([C:2](=[O:6])[H:10])[H:9])[O:5][H:7].[H:8][O:13][H:15],24.395059322045785,32.789253903540335,TCIT fails
HKWHYIIBAGBNDC_36_0-cata_2,[C:0](=[C:3]([H:11])[H:12])([O:4]/[C:1](=[C:2](/[O:6][H:8])[H:10])[H:9])[O:5][H:7].[O:13]([H:14])[H:15],[C:0](=[C:3]([H:11])[H:12])=[O:5].[C:1]([C:2]([O:6][H:8])([H:10])[H:14])(=[O:4])[H:9].[H:7][O:13][H:15],27.730899824041668,35.199517893018864,-1.7143881453154879
HKWHYIIBAGBNDC_73_0-cata_2,[C:0](=[C:3]([H:11])[H:12])([O:4]/[C:1](=[C:2](/[O:6][H:8])[H:10])[H:9])[O:5][H:7].[O:13]([H:14])[H:15],[C:0](=[C:3]([H:11])[H:12])=[O:5].[C:1]([C:2]([O:6][H:8])([H:10])[H:14])(=[O:4])[H:9].[H:7][O:13][H:15],26.26315510353771,33.92253606053266,-1.7143881453154879
HKWHYIIBAGBNDC_9_3-cata1_4,[C:0](=[C:3]([H:11])[H:12])([O:4]/[C:1](=[C:2](/[O:6][H:8])[H:10])[H:9])[O:5][H:7].[O:13]([H:14])[H:15],[C:0](=[C:3]([H:11])[H:12])=[O:5].[C:1]([C:2]([O:6][H:8])([H:10])[H:14])(=[O:4])[H:9].[H:7][O:13][H:15],24.71634418601936,32.32866193052612,-1.7143881453154879
HKWHYIIBAGBNDC_37_0-cata_1,[C:0](=[C:3]([H:11])[H:12])([O:4]/[C:1](=[C:2](/[O:6][H:8])[H:10])[H:9])[O:5][H:7].[O:13]([H:14])[H:15],[C:0]([C:3]([H:11])[H:12])([O:4][C:1]([C:2]([O:6][H:8])[H:10])([H:9])[H:14])=[O:5].[H:7][O:13][H:15],33.9903070865399,42.851368736032825,TCIT fails
HKWHYIIBAGBNDC_38_0-cata_0,[C:0](=[C:3]([H:11])[H:12])([O:4]/[C:1](=[C:2](/[O:6][H:8])[H:10])[H:9])[O:5][H:7].[O:13]([H:14])[H:15],[C:0](=[C:3]([H:11])[H:12])([O:4][C:1]([C:2](=[O:6])[H:10])([H:9])[H:14])[O:5][H:7].[H:8][O:13][H:15],21.50663309352605,29.946008359013543,-13.777963671128118
HKWHYIIBAGBNDC_38_0-cata_1,[C:0](=[C:3]([H:11])[H:12])([O:4]/[C:1](=[C:2](/[O:6][H:8])[H:10])[H:9])[O:5][H:7].[O:13]([H:14])[H:15],[C:0](=[C:3]([H:11])[H:12])([O:4][C:1]([C:2](=[O:6])[H:10])([H:9])[H:14])[O:5][H:7].[H:8][O:13][H:15],23.425557144532327,31.81535915953797,-13.777963671128118
HKWHYIIBAGBNDC_39_1-cata2_2,[C:0](=[C:3]([H:8])[H:12])([O:4]/[C:1](=[C:2](\[O:6][H:15])[H:10])[H:9])[O:5][H:7].[H:11][O:13][H:14],[C:0](=[C:3]([H:8])[H:12])([O:4][C:1]([C:2](=[O:6])[H:10])([H:9])[H:14])[O:5][H:7].[H:11][O:13][H:15],26.948395477519792,35.864050453517564,-13.777963671128118
HKWHYIIBAGBNDC_39_2-cata2_2,[C:0](=[C:3]([H:11])[H:12])([O:4]/[C:1](=[C:2](\[O:6][H:7])[H:10])[H:9])[O:5][H:8].[O:13]([H:14])[H:15],[C:0](=[C:3]([H:11])[H:12])([O:4][C:1]([C:2](=[O:6])[H:10])([H:9])[H:14])[O:5][H:7].[H:8][O:13][H:15],18.089216356522115,26.24872238503848,-13.777963671128118
HKWHYIIBAGBNDC_64_0-cata_3,[C:0](=[C:3]([H:11])[H:12])([O:4]/[C:1](=[C:2](/[O:6][H:8])[H:10])[H:9])[O:5][H:7].[O:13]([H:14])[H:15],[C:0]([C:3]([H:11])([H:12])[H:14])([O:4]/[C:1](=[C:2](/[O:6][H:8])[H:10])[H:9])([O:5][H:7])[O:13][H:15],32.957426449508105,43.979630817037815,-22.025573613766724
HKWHYIIBAGBNDC_73_0-cata_3,[C:0](=[C:3]([H:11])[H:12])([O:4]/[C:1](=[C:2](/[O:6][H:8])[H:10])[H:9])[O:5][H:7].[O:13]([H:14])[H:15],[C:0]([C:3]([H:11])([H:12])[H:14])([O:4]/[C:1](=[C:2](/[O:6][H:8])[H:10])[H:9])=[O:5].[H:7][O:13][H:15],12.99572174500516,21.62711491754289,-26.142686424474178
HKWHYIIBAGBNDC_9_2-cata2_4,[C:0](=[C:3]([H:11])[H:12])([O:4]/[C:1](=[C:2](/[O:6][H:8])[H:10])[H:9])[O:5][H:7].[O:13]([H:14])[H:15],[C:0]([C:3]([H:11])([H:12])[H:14])([O:4]/[C:1](=[C:2](/[O:6][H:8])[H:10])[H:9])=[O:5].[H:7][O:13][H:15],10.31500116103174,18.703548157040547,-26.142686424474178
NUHKD-XLYOF_10_0-cata_2,[C:0]1([O:6][H:7])([H:8])[C:1]([H:9])([H:10])[O:5][C:2](=[C:3]([H:11])[H:12])[O:4]1.[O:13]([H:14])[H:15].[O:16]([H:17])[H:18],[C:0]([C:1]([O:5][C:2]([C:3]([H:11])([H:12])[H:17])=[O:4])([H:9])[H:10])(=[O:6])[H:8].[H:14][O:16][H:18].[H:7][O:13][H:15],-4.4954780579216616,13.921298257522508,-19.253346080305935
QFTOQKSHYCMJOH_37_0-cata1_0,[C:0]([C:1]([O:4][C:2](=[C:3]([H:14])[H:15])[O:7][H:10])([H:12])[H:13])([O:5][H:17])([O:6][H:9])[H:11].[H:8][O:16][H:18],[C:0]([C:1]([O:4][H:17])([H:12])[H:13])([O:5][H:8])([O:6][H:9])[H:11].[C:2](=[C:3]([H:14])[H:15])=[O:7].[H:10][O:16][H:18],22.112807270458077,29.797288607532327,12.516252390057373
QFTOQKSHYCMJOH_38_0-cata1_1,[C:0]([C:1]([O:4][C:2](=[C:3]([H:14])[H:15])[O:7][H:9])([H:12])[H:13])([O:5][H:8])([O:6][H:17])[H:11].[H:10][O:16][H:18],[C:0]([C:1]([O:4][C:2](=[C:3]([H:14])[H:15])[O:7][H:8])([H:12])[H:13])(=[O:5])[H:11].[H:10][O:16][H:18].[O:6]([H:9])[H:17],17.83884006604787,26.608912838020828,8.407504780114728
QFTOQKSHYCMJOH_56_1-cata2_0,[C:0]([C:1]([O:4][C:2](=[C:3]([H:14])[H:15])[O:7][H:11])([H:12])[H:13])([O:5][H:8])([O:6][H:9])[H:17].[H:10][O:16][H:18],[C:0]([C:1]([O:4][C:2]([C:3]([H:10])([H:14])[H:15])=[O:7])([H:12])[H:13])([O:5][H:8])([O:6][H:9])[H:17].[H:11][O:16][H:18],12.441003346978896,21.76767704547337,-26.142447418738048
QFTOQKSHYCMJOH_57_0-cata_2,[C:0]([C:1]([O:4][C:2](=[C:3]([H:14])[H:15])[O:7][H:10])([H:12])[H:13])([O:5][H:8])([O:6][H:9])[H:11].[O:16]([H:17])[H:18],[C:0]([C:1]([O:4][C:2]([C:3]([H:14])([H:15])[H:17])=[O:7])([H:12])[H:13])([O:5][H:8])([O:6][H:9])[H:11].[H:10][O:16][H:18],13.251118111502402,20.787507206522516,-26.142447418738048
QFTOQKSHYCMJOH_59_0-cata_1,[C:0]([C:1]([O:4][C:2](=[C:3]([H:14])[H:15])[O:7][H:10])([H:12])[H:13])([O:5][H:8])([O:6][H:9])[H:11].[O:16]([H:17])[H:18],[C:0]([C:1]([O:4][C:2]([C:3]([H:14])([H:15])[H:17])=[O:7])([H:12])[H:13])([O:5][H:8])([O:6][H:9])[H:11].[H:10][O:16][H:18],11.735055159477756,22.750356922489225,-26.142447418738048
QFTOQKSHYCMJOH_80_0-cata1_4,[C:0]([C:1]([O:4][C:2](=[C:3]([H:14])[H:15])[O:7][H:10])([H:12])[H:13])([O:5][H:17])([O:6][H:9])[H:11].[H:8][O:16][H:18],[C:0]([C:1]([O:4][C:2]([C:3]([H:8])([H:14])[H:15])=[O:7])([H:12])[H:13])([O:5][H:17])([O:6][H:9])[H:11].[H:10][O:16][H:18],15.517054915988629,24.337328447977523,-26.142447418738048
QFTOQKSHYCMJOH_84_0-cata1_4,[C:0]([C:1]([O:4][C:2](=[C:3]([H:14])[H:15])[O:7][H:8])([H:12])[H:13])([O:5][H:17])([O:6][H:9])[H:11].[H:10][O:16][H:18],[C:0]([C:1]([O:4][C:2]([C:3]([H:10])([H:14])[H:15])=[O:7])([H:12])[H:13])([O:5][H:8])([O:6][H:9])[H:11].[O:16]([H:17])[H:18],8.530364142936111,17.77922666348436,-26.142447418738048
QFTOQKSHYCMJOH_74_0-cata_1,[C:0]([C:1]([O:4][C:2](=[C:3]([H:14])[H:15])[O:7][H:10])([H:12])[H:13])([O:5][H:8])([O:6][H:9])[H:11].[O:16]([H:17])[H:18],[C:0]1([O:6][H:9])([H:11])[C:1]([H:12])([H:13])[O:4][C:2]([C:3]([H:14])([H:15])[H:17])([O:7][H:10])[O:5]1.[H:8][O:16][H:18],16.499734793004485,27.391417184471365,-22.0
QFTOQKSHYCMJOH_79_0-cata2_2,[C:0]([C:1]([O:4][C:2](=[C:3]([H:14])[H:15])[O:7][H:10])([H:12])[H:13])([O:5][H:8])([O:6][H:9])[H:11].[O:16]([H:17])[H:18],[C:0](=[C:1]([H:12])[H:13])([O:5][H:8])[O:6][H:9].[C:2]([C:3]([H:11])([H:14])[H:15])(=[O:4])[O:7][H:10].[O:16]([H:17])[H:18],33.473866767952664,39.858148421027984,-16.65535372848949
QFTOQKSHYCMJOH_79_0-cata2_4,[C:0]([C:1]([O:4][C:2](=[C:3]([H:14])[H:15])[O:7][H:10])([H:12])[H:13])([O:5][H:8])([O:6][H:9])[H:11].[O:16]([H:17])[H:18],[C:0](=[C:1]([H:12])[H:13])([O:5][H:8])[O:6][H:9].[C:2]([C:3]([H:11])([H:14])[H:15])(=[O:4])[O:7][H:10].[O:16]([H:17])[H:18],35.8866407954962,42.61793520198013,-16.65535372848949
QFTOQKSHYCMJOH_80_0-cata1_3,[C:0]([C:1]([O:4][C:2](=[C:3]([H:14])[H:15])[O:7][H:10])([H:12])[H:13])([O:5][H:8])([O:6][H:9])[H:11].[O:16]([H:17])[H:18],[C:0]([C:1]([O:4][C:2]([C:3]([H:14])([H:15])[H:17])[O:7][H:10])([H:12])[H:13])([O:5])([O:6][H:9])[H:11].[H:8][O:16][H:18],24.103894913996168,32.16362693197908,TCIT fails
RBZGR-XLYOF_25_0-cata1_0,[C:0]([C:1]([O:4][H:8])([H:10])[H:11])([C:2](=[C:5]=[O:6])[H:12])([O:3][H:7])[H:9].[O:13]([H:14])[H:15].[O:16]([H:17])[H:18],[C:0]([C:1]([O:4][H:8])([H:10])[H:11])([C:2]#[C:5][O:6][H:14])([O:3][H:7])[H:9].[H:12][O:16][H:18].[O:13]([H:15])[H:17],14.927823495549502,37.162367608985576,33.65129063097515
RBZGR-XLYOF_3_0-cata_1,[C:0]([C:1]([O:4][H:8])([H:10])[H:11])([C:2](=[C:5]=[O:6])[H:12])([O:3][H:7])[H:9].[O:13]([H:14])[H:15].[O:16]([H:17])[H:18],[C:0]([C:1]([O:4][H:8])([H:10])[H:11])(=[O:3])[H:9].[C:2](=[C:5]=[O:6])([H:12])[H:18].[H:14][O:16][H:17].[H:7][O:13][H:15],13.55922527608058,32.979389281988325,12.484225621414922
RBZGRNVQQYVVIB_47_0-cata_4,[C:0]([C:1]([O:4][H:8])([H:10])[H:11])([C:2](=[C:5]=[O:6])[H:12])([O:3][H:7])[H:9].[O:13]([H:14])[H:15],[C:0]([C:1]([O:4][H:8])([H:10])[H:11])(=[O:3])[H:9].[C:2](=[C:5]=[O:6])([H:12])[H:14].[H:7][O:13][H:15],28.359036833525245,35.59422136848542,12.484225621414922
RBZGRNVQQYVVIB_62_0-cata_1,[C:0]([C:1]([O:4][H:14])([H:10])[H:11])([C:2](=[C:5]=[O:6])[H:12])([O:3][H:7])[H:9].[H:8][O:13][H:15],[C:0]1([O:3][H:7])([H:9])[C:1]([H:10])([H:11])[O:4][C:5](=[O:6])[C:2]1([H:12])[H:14].[H:8][O:13][H:15],32.03812503201058,42.43407491848063,-28.98637667304015
RBZGRNVQQYVVIB_62_0-cata_4,[C:0]([C:1]([O:4][H:8])([H:10])[H:11])([C:2](=[C:5]=[O:6])[H:12])([O:3][H:7])[H:9].[O:13]([H:14])[H:15],[C:0]1([O:3][H:7])([H:9])[C:1]([H:10])([H:11])[O:4][C:5](=[O:6])[C:2]1([H:12])[H:14].[H:8][O:13][H:15],17.779854172982773,29.413880302965914,-28.98637667304015
RBZGRNVQQYVVIB_7_0-cata_2,[C:0]([C:1]([O:4][H:14])([H:10])[H:11])([C:2](=[C:5]=[O:6])[H:12])([O:3][H:7])[H:9].[H:8][O:13][H:15],[C:0]1([O:3][H:7])([H:9])[C:1]([H:10])([H:11])[O:4][C:5]([O:6][H:15])=[C:2]1[H:12].[H:8][O:13][H:14],7.8877944150246435,19.107664274983332,-10.886950286806867
AIXBHVRZVXXUCI_18_0-cata_3,[C:0]([C:1]([O:7][H:11])([H:13])[H:14])([C:3](=[C:2]([O:4][H:8])[O:5][H:9])[H:15])([O:6][H:10])[H:12].[O:16]([H:17])[H:18],[C:0]([C:1]([O:7][H:11])([H:13])[H:14])(=[O:6])[H:12].[C:2](=[C:3]([H:15])[H:17])([O:4][H:8])[O:5][H:9].[H:10][O:16][H:18],10.050819661521007,19.27144425449787,18.526051625239013
AIXBHVRZVXXUCI_30_0-cata_1,[C:0]([C:1]([O:7][H:11])([H:13])[H:14])([C:3](=[C:2]([O:4][H:8])[O:5][H:9])[H:15])([O:6][H:10])[H:12].[O:16]([H:17])[H:18],[C:0](=[C:1]([H:13])[H:14])([C:3](=[C:2]([O:4][H:8])[O:5][H:9])[H:15])[O:6][H:10].[H:12][O:16][H:18].[O:7]([H:11])[H:17],47.77167072552334,53.96832703800165,3.378824091778189
AIXBHVRZVXXUCI_53_0-cata_0,[C:0]([C:1]([O:7][H:11])([H:13])[H:14])([C:3](=[C:2]([O:4][H:8])[O:5][H:9])[H:15])([O:6][H:10])[H:12].[O:16]([H:17])[H:18],[C:0]([C:1]([O:7][H:11])([H:13])[H:14])([C:3]([C:2](=[O:4])[O:5][H:9])([H:15])[H:17])([O:6][H:10])[H:12].[H:8][O:16][H:18],15.577923337477628,24.781605173997264,-23.443833652007662
AIXBHVRZVXXUCI_53_0-cata_1,[C:0]([C:1]([O:7][H:11])([H:13])[H:14])([C:3](=[C:2]([O:4][H:8])[O:5][H:9])[H:15])([O:6][H:10])[H:12].[O:16]([H:17])[H:18],[C:0]([C:1]([O:7][H:11])([H:13])[H:14])([C:3]([C:2](=[O:4])[O:5][H:9])([H:15])[H:17])([O:6][H:10])[H:12].[H:8][O:16][H:18],19.016047888000625,28.50775658500646,-23.443833652007662
AIXBHVRZVXXUCI_53_0-cata_3,[C:0]([C:1]([O:7][H:11])([H:13])[H:14])([C:3](=[C:2]([O:4][H:8])[O:5][H:9])[H:15])([O:6][H:10])[H:12].[O:16]([H:17])[H:18],[C:0]([C:1]([O:7][H:11])([H:13])[H:14])([C:3]([C:2](=[O:4])[O:5][H:9])([H:15])[H:17])([O:6][H:10])[H:12].[H:8][O:16][H:18],15.478149326944177,25.30369307796323,-23.443833652007662
AIXBHVRZVXXUCI_53_1-cata1_2,[C:0]([C:1]([O:7][H:11])([H:13])[H:14])([C:3](=[C:2]([O:4][H:8])[O:5][H:9])[H:15])([O:6][H:10])[H:12].[O:16]([H:17])[H:18],[C:0]([C:1]([O:7][H:11])([H:13])[H:14])([C:3]([C:2](=[O:4])[O:5][H:9])([H:15])[H:17])([O:6][H:10])[H:12].[H:8][O:16][H:18],16.701165342566636,26.651583483984435,-23.443833652007662
AIXBHVRZVXXUCI_53_1-cata1_4,[C:0]([C:1]([O:7][H:11])([H:13])[H:14])([C:3](=[C:2]([O:4][H:8])[O:5][H:9])[H:15])([O:6][H:10])[H:12].[O:16]([H:17])[H:18],[C:0]([C:1]([O:7][H:11])([H:13])[H:14])([C:3]([C:2](=[O:4])[O:5][H:9])([H:15])[H:17])([O:6][H:10])[H:12].[H:8][O:16][H:18],19.03989324901176,27.985668680969155,-23.443833652007662
AIXBHVRZVXXUCI_53_2-cata1_0,[C:0]([C:1]([O:7][H:11])([H:13])[H:14])([C:3](=[C:2]([O:4][H:8])[O:5][H:9])[H:15])([O:6][H:10])[H:12].[O:16]([H:17])[H:18],[C:0]([C:1]([O:7][H:11])([H:13])[H:14])([C:3]([C:2](=[O:4])[O:5][H:9])([H:15])[H:17])([O:6][H:10])[H:12].[H:8][O:16][H:18],12.505636825458392,21.102516975511925,-23.443833652007662
AIXBHVRZVXXUCI_53_5-cata1_0,[C:0]([C:1]([O:7][H:11])([H:13])[H:14])([C:3](=[C:2]([O:4][H:8])[O:5][H:9])[H:15])([O:6][H:10])[H:12].[O:16]([H:17])[H:18],[C:0]([C:1]([O:7][H:17])([H:13])[H:14])([C:3]([C:2](=[O:4])[O:5][H:9])([H:11])[H:15])([O:6][H:10])[H:12].[H:8][O:16][H:18],22.44601481497288,32.46483149200335,-23.443833652007662
AIXBHVRZVXXUCI_53_5-cata1_1,[C:0]([C:1]([O:7][H:11])([H:13])[H:14])([C:3](=[C:2]([O:4][H:8])[O:5][H:9])[H:15])([O:6][H:10])[H:12].[O:16]([H:17])[H:18],[C:0]([C:1]([O:7][H:17])([H:13])[H:14])([C:3]([C:2](=[O:4])[O:5][H:9])([H:11])[H:15])([O:6][H:10])[H:12].[H:8][O:16][H:18],7.085209764517797,16.39117564949321,-23.443833652007662
AIXBHVRZVXXUCI_60_0-cata_4,[C:0]([C:1]([O:7][H:11])([H:13])[H:14])([C:3](=[C:2]([O:4][H:8])[O:5][H:9])[H:15])([O:6][H:10])[H:12].[O:16]([H:17])[H:18],[C:0]([C:1]([O:7][H:11])([H:13])[H:14])([C:3](=[C:2]=[O:5])[H:15])([O:6][H:10])[H:12].[H:9][O:16][H:18].[O:4]([H:8])[H:17],25.25913990350438,32.390785370976275,13.034177820267677
AIXBHVRZVXXUCI_88_0-cata_1,[C:0]([C:1]([O:7][H:11])([H:13])[H:14])([C:3](=[C:2]([O:4][H:8])[O:5][H:9])[H:15])([O:6][H:10])[H:12].[O:16]([H:17])[H:18],[C:0](\[C:1]([O:7][H:11])([H:13])[H:14])(=[C:3](\[C:2](=[O:4])[O:5][H:9])[H:15])[H:12].[H:8][O:16][H:18].[O:6]([H:10])[H:17],17.629879402504727,25.919279897478496,-10.361615678776307
GUPGZ-XLYOF_10_0-cata_1,[C:0]([C:3](=[O:6])[H:9])([O:4][C:2]([C:1]([H:10])([H:11])[H:12])=[O:5])([H:7])[H:8].[O:13]([H:14])[H:15].[O:16]([H:17])[H:18],[C:0]([C:3](=[O:6])[H:9])([O:4][C:2]([C:1]([H:10])([H:11])[H:12])([O:5][H:17])[O:13][H:15])([H:7])[H:8].[H:14][O:16][H:18],16.961581785051205,39.34359063097167,5.8508604206501
GUPGZ-XLYOF_12_0-cata_1,[C:0]([C:3](=[O:6])[H:9])([O:4][C:2]([C:1]([H:10])([H:11])[H:12])=[O:5])([H:7])[H:8].[O:13]([H:14])[H:15].[O:16]([H:17])[H:18],[C:0]([C:3]([O:6][H:17])([H:9])[O:13][H:15])([O:4][C:2]([C:1]([H:10])([H:11])[H:12])=[O:5])([H:7])[H:8].[H:14][O:16][H:18],0.9688746680507117,25.792522978441827,-8.407265774378596
GUPGZ-XLYOF_12_0-cata_3,[C:0]([C:3](=[O:6])[H:9])([O:4][C:2]([C:1]([H:10])([H:11])[H:12])=[O:5])([H:7])[H:8].[O:13]([H:14])[H:15].[O:16]([H:17])[H:18],[C:0]([C:3]([O:6][H:17])([H:9])[O:13][H:15])([O:4][C:2]([C:1]([H:10])([H:11])[H:12])=[O:5])([H:7])[H:8].[H:14][O:16][H:18],6.295175304086274,29.169779107475826,-8.407265774378596
GUPGZ-XLYOF_12_0-cata_4,[C:0]([C:3](=[O:6])[H:9])([O:4][C:2]([C:1]([H:10])([H:11])[H:12])=[O:5])([H:7])[H:8].[O:13]([H:14])[H:15].[O:16]([H:17])[H:18],[C:0]([C:3]([O:6][H:17])([H:9])[O:13][H:15])([O:4][C:2]([C:1]([H:10])([H:11])[H:12])=[O:5])([H:7])[H:8].[H:14][O:16][H:18],3.303210008006926,28.56485994943363,-8.407265774378596
GUPGZ-XLYOF_17_0-cata1_0,[C:0]([C:3](=[O:6])[H:9])([O:4][C:2]([C:1]([H:10])([H:11])[H:12])=[O:5])([H:7])[H:8].[O:13]([H:14])[H:15].[O:16]([H:17])[H:18],[C:0](=[C:3](/[O:6][H:14])[H:9])(\[O:4][C:2]([C:1]([H:10])([H:11])[H:12])=[O:5])[H:8].[H:7][O:16][H:18].[O:13]([H:15])[H:17],10.96447349356846,31.16274927943783,13.777963671128118
GUPGZ-XLYOF_17_0-cata1_3,[C:0]([C:3](=[O:6])[H:9])([O:4][C:2]([C:1]([H:10])([H:11])[H:12])=[O:5])([H:7])[H:8].[O:13]([H:14])[H:15].[O:16]([H:17])[H:18],[C:0](=[C:3](/[O:6][H:14])[H:9])(\[O:4][C:2]([C:1]([H:10])([H:11])[H:12])=[O:5])[H:8].[H:7][O:16][H:18].[O:13]([H:15])[H:17],9.26455025807998,30.045782369475656,13.777963671128118
HNRXJ-XLYOF_18_0-cata1_0,[C:0]([C:1]([O:4]/[C:2](=[C:3](/[O:5][H:7])[H:9])[H:8])=[O:6])([H:10])([H:11])[H:12].[O:13]([H:14])[H:15].[O:16]([H:17])[H:18],[C:0]([C:1]([O:4][C:2]([C:3](=[O:5])[H:9])([H:8])[H:14])=[O:6])([H:10])([H:11])[H:12].[H:7][O:16][H:18].[O:13]([H:15])[H:17],2.6625228085550354,22.269057135991616,-13.777963671128118
HNRXJ-XLYOF_18_0-cata1_1,[C:0]([C:1]([O:4]/[C:2](=[C:3](/[O:5][H:7])[H:9])[H:8])=[O:6])([H:10])([H:11])[H:12].[O:13]([H:14])[H:15].[O:16]([H:17])[H:18],[C:0]([C:1]([O:4][C:2]([C:3](=[O:5])[H:9])([H:8])[H:14])=[O:6])([H:10])([H:11])[H:12].[H:7][O:16][H:18].[O:13]([H:15])[H:17],3.856045877537941,23.353393551964835,-13.777963671128118
HNRXJ-XLYOF_18_0-cata1_3,[C:0]([C:1]([O:4]/[C:2](=[C:3](\[O:5][H:7])[H:9])[H:8])=[O:6])([H:10])([H:11])[H:12].[O:13]([H:14])[H:15].[O:16]([H:17])[H:18],[C:0]([C:1]([O:4][C:2]([C:3](=[O:5])[H:9])([H:8])[H:14])=[O:6])([H:10])([H:11])[H:12].[H:7][O:16][H:18].[O:13]([H:15])[H:17],6.320275684022902,25.476885699954,-13.777963671128118
HNRXJ-XLYOF_18_0-cata1_4,[C:0]([C:1]([O:4]/[C:2](=[C:3](\[O:5][H:7])[H:9])[H:8])=[O:6])([H:10])([H:11])[H:12].[O:13]([H:14])[H:15].[O:16]([H:17])[H:18],[C:0]([C:1]([O:4][C:2]([C:3](=[O:5])[H:9])([H:8])[H:14])=[O:6])([H:10])([H:11])[H:12].[H:7][O:16][H:18].[O:13]([H:15])[H:17],5.320653050478482,26.064234591969218,-13.777963671128118
GUPGZURVZDIQPM_24_0-cata_0,[C:0]([C:3](=[O:6])[H:9])([O:4][C:2]([C:1]([H:10])([H:11])[H:12])=[O:5])([H:7])[H:8].[O:13]([H:14])[H:15],[C:0](=[C:3](/[O:6][H:14])[H:9])(\[O:4][C:2]([C:1]([H:10])([H:11])[H:12])=[O:5])[H:8].[H:7][O:13][H:15],31.429440817013564,40.274814728974754,13.777963671128118
GUPGZURVZDIQPM_24_0-cata_2,[C:0]([C:3](=[O:6])[H:9])([O:4][C:2]([C:1]([H:10])([H:11])[H:12])=[O:5])([H:7])[H:8].[O:13]([H:14])[H:15],[C:0](=[C:3](\[O:6][H:14])[H:9])(\[O:4][C:2]([C:1]([H:10])([H:11])[H:12])=[O:5])[H:8].[H:7][O:13][H:15],35.756118819540376,45.24029740249388,13.777963671128118
HNRXJDDSBWQYKG_42_0-cata_0,[C:0]([C:1]([O:4]/[C:2](=[C:3](/[O:5][H:7])[H:9])[H:8])=[O:6])([H:10])([H:11])[H:12].[O:13]([H:14])[H:15],[C:0]([C:1]([O:4][C:2]([C:3](=[O:5])[H:9])([H:8])[H:14])=[O:6])([H:10])([H:11])[H:12].[H:7][O:13][H:15],25.756127427498047,32.998214567012134,-13.777963671128118
HNRXJDDSBWQYKG_42_0-cata_2,[C:0]([C:1]([O:4]/[C:2](=[C:3](\[O:5][H:7])[H:9])[H:8])=[O:6])([H:10])([H:11])[H:12].[O:13]([H:14])[H:15],[C:0]([C:1]([O:4][C:2]([C:3](=[O:5])[H:9])([H:8])[H:14])=[O:6])([H:10])([H:11])[H:12].[H:7][O:13][H:15],31.32715676852212,39.3329229694986,-13.777963671128118
HNRXJDDSBWQYKG_42_0-cata_3,[C:0]([C:1]([O:4]/[C:2](=[C:3](\[O:5][H:7])[H:9])[H:8])=[O:6])([H:10])([H:11])[H:12].[O:13]([H:14])[H:15],[C:0]([C:1]([O:4][C:2]([C:3](=[O:5])[H:9])([H:8])[H:14])=[O:6])([H:10])([H:11])[H:12].[H:7][O:13][H:15],29.154091370015436,37.46357216900984,-13.777963671128118
HNRXJDDSBWQYKG_42_0-cata_4,[C:0]([C:1]([O:4]/[C:2](=[C:3](/[O:5][H:7])[H:9])[H:8])=[O:6])([H:10])([H:11])[H:12].[O:13]([H:14])[H:15],[C:0]([C:1]([O:4][C:2]([C:3](=[O:5])[H:9])([H:8])[H:14])=[O:6])([H:10])([H:11])[H:12].[H:7][O:13][H:15],24.82741336748862,32.49808949549072,-13.777963671128118
HNRXJ-XLYOF_6_0-cata_1,[C:0]([C:1]([O:4]/[C:2](=[C:3](\[O:5][H:7])[H:9])[H:8])=[O:6])([H:10])([H:11])[H:12].[O:13]([H:14])[H:15].[O:16]([H:17])[H:18],[C:0]([C:1]([O:4]/[C:2](=[C:3](\[O:5][H:7])[H:9])[H:8])([O:6][H:17])[O:13][H:15])([H:10])([H:11])[H:12].[H:14][O:16][H:18],14.998104559514738,36.55556592244813,4.117112810707456
HNRXJ-XLYOF_6_0-cata_2,[C:0]([C:1]([O:4]/[C:2](=[C:3](\[O:5][H:7])[H:9])[H:8])=[O:6])([H:10])([H:11])[H:12].[O:13]([H:14])[H:15].[O:16]([H:17])[H:18],[C:0]([C:1]([O:4]/[C:2](=[C:3](\[O:5][H:7])[H:9])[H:8])([O:6][H:17])[O:13][H:15])([H:10])([H:11])[H:12].[H:14][O:16][H:18],8.493968592028002,31.975374081955,4.117112810707456
HNRXJ-XLYOF_8_0-cata_1,[C:0]([C:1]([O:4]/[C:2](=[C:3](/[O:5][H:7])[H:9])[H:8])=[O:6])([H:10])([H:11])[H:12].[O:13]([H:14])[H:15].[O:16]([H:17])[H:18],[C:0]([C:1]([O:4][C:2]([C:3]([O:5][H:7])([H:9])[H:17])([H:8])[O:13][H:15])=[O:6])([H:10])([H:11])[H:12].[H:14][O:16][H:18],39.26640696252386,58.54224378351064,-26.709369024856638
KQJKQQAOIMAMTK_20_0-cata_0,[C:0]([C:2]([C:1]([C:3](=[O:7])[H:15])([O:6][H:10])[H:12])([H:13])[H:14])([O:4][H:8])([O:5][H:9])[H:11].[O:16]([H:17])[H:18],[C:0](=[C:2](/[C:1]([C:3](=[O:7])[H:15])([O:6][H:10])[H:12])[H:14])(\[O:5][H:9])[H:11].[H:13][O:16][H:18].[O:4]([H:8])[H:17],46.11065307900797,53.10801151353356,15.736854684512418
KQJKQQAOIMAMTK_22_1-cata_0,[C:0]([C:2]([C:1]([C:3](=[O:7])[H:15])([O:6][H:10])[H:12])([H:13])[H:14])([O:4][H:8])([O:5][H:9])[H:11].[O:16]([H:17])[H:18],[C:0]1([O:5][H:9])([H:11])[C:2]([H:13])([H:14])[C:1]([O:6][H:10])([H:12])[C:3]([O:7][H:17])([H:15])[O:4]1.[H:8][O:16][H:18],16.797174295966915,26.90823486947851,3.317399617590821
KQJKQQAOIMAMTK_22_1-cata_3,[C:0]([C:2]([C:1]([C:3](=[O:7])[H:15])([O:6][H:10])[H:12])([H:13])[H:14])([O:4][H:8])([O:5][H:9])[H:11].[O:16]([H:17])[H:18],[C:0]1([O:5][H:9])([H:11])[C:2]([H:13])([H:14])[C:1]([O:6][H:10])([H:12])[C:3]([O:7][H:17])([H:15])[O:4]1.[H:8][O:16][H:18],8.989073587490754,20.436729395980727,3.317399617590821
KQJKQQAOIMAMTK_25_0-cata_0,[C:0]([C:2]([C:1]([C:3](=[O:7])[H:15])([O:6][H:10])[H:12])([H:13])[H:14])([O:4][H:8])([O:5][H:9])[H:11].[O:16]([H:17])[H:18],[C:0]([C:2]([C:1]([C:3](=[O:7])[H:15])([O:6][H:10])[H:12])([H:13])[H:14])(=[O:5])[H:11].[H:9][O:16][H:18].[O:4]([H:8])[H:17],20.61117703696833,26.69801918700988,5.747848948374756
KQJKQQAOIMAMTK_25_0-cata_1,[C:0]([C:2]([C:1]([C:3](=[O:7])[H:15])([O:6][H:10])[H:12])([H:13])[H:14])([O:4][H:8])([O:5][H:9])[H:11].[O:16]([H:17])[H:18],[C:0]([C:2]([C:1]([C:3](=[O:7])[H:15])([O:6][H:10])[H:12])([H:13])[H:14])(=[O:5])[H:11].[H:9][O:16][H:18].[O:4]([H:8])[H:17],18.879250816989305,27.57339493951129,5.747848948374756
KQJKQQAOIMAMTK_44_1-cata1_0,[C:0]([C:2]([C:1]([C:3](=[O:7])[H:15])([O:6][H:10])[H:12])([H:13])[H:14])([O:4][H:8])([O:5][H:9])[H:11].[O:16]([H:17])[H:18],[C:0]([C:2]([C:1]([C:3]([O:7][H:17])([H:12])[H:15])=[O:6])([H:13])[H:14])([O:4][H:8])([O:5][H:9])[H:11].[H:10][O:16][H:18],23.32201807697271,32.373842614519056,-4.697418738049712
KQJKQQAOIMAMTK_47_0-cata_2,[C:0]([C:2]([C:1]([C:3](=[O:7])[H:15])([O:6][H:10])[H:12])([H:13])[H:14])([O:4][H:8])([O:5][H:9])[H:11].[O:16]([H:17])[H:18],[C:0]([C:2]([H:13])([H:14])[H:17])([O:4][H:8])([O:5][H:9])[H:11].[C:1]([C:3](=[O:7])[H:15])(=[O:6])[H:12].[H:10][O:16][H:18],63.18142151699752,69.91083339498621,15.382887189292534
KQJKQQAOIMAMTK_55_0-cata_0,[C:0]([C:2]([C:1]([C:3](=[O:7])[H:15])([O:6][H:10])[H:12])([H:13])[H:14])([O:4][H:8])([O:5][H:9])[H:11].[O:16]([H:17])[H:18],[C:0](/[C:2](=[C:1](/[C:3](=[O:7])[H:15])[H:12])[H:14])([O:4][H:8])([O:5][H:9])[H:11].[H:13][O:16][H:18].[O:6]([H:10])[H:17],50.18193471500187,55.03509318801923,7.194789674952187
KQJKQQAOIMAMTK_61_0-cata_0,[C:0]([C:2]([C:1]([C:3](=[O:7])[H:15])([O:6][H:10])[H:12])([H:13])[H:14])([O:4][H:8])([O:5][H:9])[H:11].[O:16]([H:17])[H:18],[C:0]([C:2](/[C:1](=[C:3](\[O:7][H:17])[H:15])[O:6][H:10])([H:13])[H:14])([O:4][H:8])([O:5][H:9])[H:11].[H:12][O:16][H:18],40.80694278498672,49.6899672670312,2.418977055449326
KQJKQQAOIMAMTK_61_0-cata_3,[C:0]([C:2]([C:1]([C:3](=[O:7])[H:15])([O:6][H:10])[H:12])([H:13])[H:14])([O:4][H:8])([O:5][H:9])[H:11].[O:16]([H:17])[H:18],[C:0]([C:2](/[C:1](=[C:3](\[O:7][H:17])[H:15])[O:6][H:10])([H:13])[H:14])([O:4][H:8])([O:5][H:9])[H:11].[H:12][O:16][H:18],42.14416552946352,50.72473043248689,2.418977055449326
KQJKQQAOIMAMTK_61_0-cata_4,[C:0]([C:2]([C:1]([C:3](=[O:7])[H:15])([O:6][H:10])[H:12])([H:13])[H:14])([O:4][H:8])([O:5][H:9])[H:11].[O:16]([H:17])[H:18],[C:0]([C:2](/[C:1](=[C:3](\[O:7][H:17])[H:15])[O:6][H:10])([H:13])[H:14])([O:4][H:8])([O:5][H:9])[H:11].[H:12][O:16][H:18],38.51716061948935,46.41750522451798,2.418977055449326
KQJKQQAOIMAMTK_61_3-cata1_1,[C:0]([C:2]([C:1]([C:3](=[O:7])[H:15])([O:6][H:10])[H:12])([H:13])[H:14])([O:4][H:8])([O:5][H:9])[H:11].[O:16]([H:17])[H:18],[C:0]([C:2](/[C:1](=[C:3](/[O:7][H:17])[H:15])[O:6][H:10])([H:13])[H:14])([O:4][H:8])([O:5][H:9])[H:11].[H:12][O:16][H:18],36.4005710760541,45.2064118895081,2.418977055449326
KQJKQQAOIMAMTK_61_3-cata1_2,[C:0]([C:2]([C:1]([C:3](=[O:7])[H:15])([O:6][H:10])[H:12])([H:13])[H:14])([O:4][H:8])([O:5][H:9])[H:11].[O:16]([H:17])[H:18],[C:0]([C:2](/[C:1](=[C:3](/[O:7][H:17])[H:15])[O:6][H:10])([H:13])[H:14])([O:4][H:8])([O:5][H:9])[H:11].[H:12][O:16][H:18],38.33141780745893,46.98351879351573,2.418977055449326
KQJKQQAOIMAMTK_61_3-cata1_4,[C:0]([C:2]([C:1]([C:3](=[O:7])[H:15])([O:6][H:10])[H:12])([H:13])[H:14])([O:4][H:8])([O:5][H:9])[H:11].[O:16]([H:17])[H:18],[C:0]([C:2](/[C:1](=[C:3](/[O:7][H:17])[H:15])[O:6][H:10])([H:13])[H:14])([O:4][H:8])([O:5][H:9])[H:11].[H:12][O:16][H:18],40.21269128848893,47.92792059098554,2.418977055449326
KQJKQQAOIMAMTK_61_5-cata2_4,[C:0]([C:2]([C:1]([C:3](=[O:7])[H:15])([O:6][H:10])[H:12])([H:13])[H:14])([O:4][H:8])([O:5][H:9])[H:11].[O:16]([H:17])[H:18],[C:0]([C:2](/[C:1](=[C:3](\[O:7][H:17])[H:15])[O:6][H:10])([H:13])[H:14])([O:4][H:8])([O:5][H:9])[H:11].[H:12][O:16][H:18],34.06372569803288,43.269917572474846,2.418977055449326
KQJKQQAOIMAMTK_61_6-cata2_2,[C:0]([C:2]([C:1]([C:3](=[O:7])[H:15])([O:6][H:10])[H:12])([H:13])[H:14])([O:4][H:8])([O:5][H:9])[H:11].[O:16]([H:17])[H:18],[C:0]([C:2](/[C:1](=[C:3](\[O:7][H:17])[H:15])[O:6][H:10])([H:13])[H:14])([O:4][H:8])([O:5][H:9])[H:11].[H:12][O:16][H:18],32.244575657488724,41.9690903789775,2.418977055449326
KQJKQQAOIMAMTK_61_6-cata2_4,[C:0]([C:2]([C:1]([C:3](=[O:7])[H:15])([O:6][H:10])[H:12])([H:13])[H:14])([O:4][H:8])([O:5][H:9])[H:11].[O:16]([H:17])[H:18],[C:0]([C:2](/[C:1](=[C:3](\[O:7][H:17])[H:15])[O:6][H:10])([H:13])[H:14])([O:4][H:8])([O:5][H:9])[H:11].[H:12][O:16][H:18],42.4459975989862,51.43067861998804,2.418977055449326
KQJKQQAOIMAMTK_66_0-cata_0,[C:0]([C:2]([C:1]([C:3](=[O:7])[H:15])([O:6][H:10])[H:12])([H:13])[H:14])([O:4][H:8])([O:5][H:9])[H:11].[O:16]([H:17])[H:18],[C:0]([C:2]1([H:14])[C:1]([O:6][H:10])([H:12])[C:3]1([O:7][H:17])[H:15])([O:4][H:8])([O:5][H:9])[H:11].[H:13][O:16][H:18],60.95752784897649,67.43279837953611,14.885994263862337
KQJKQQAOIMAMTK_97_0-cata1_0,[C:0]([C:2]([C:1]([C:3](=[O:7])[H:15])([O:6][H:10])[H:12])([H:13])[H:14])([O:4][H:8])([O:5][H:9])[H:11].[O:16]([H:17])[H:18],[C:0]([C:2]([C:1]([C:3]([O:7][H:17])([H:11])[H:15])([O:6][H:10])[H:12])([H:13])[H:14])(=[O:4])[O:5][H:9].[H:8][O:16][H:18],29.89078752301028,38.75310419153571,-19.08317399617592
KQJKQQAOIMAMTK_97_0-cata1_1,[C:0]([C:2]([C:1]([C:3](=[O:7])[H:15])([O:6][H:10])[H:12])([H:13])[H:14])([O:4][H:8])([O:5][H:9])[H:11].[O:16]([H:17])[H:18],[C:0]([C:2]([C:1]([C:3]([O:7][H:17])([H:11])[H:15])([O:6][H:10])[H:12])([H:13])[H:14])(=[O:4])[O:5][H:9].[H:8][O:16][H:18],28.170156474002745,36.34284020198584,-19.08317399617592
KQJKQQAOIMAMTK_97_1-cata1_0,[C:0]([C:2]([C:1]([C:3](=[O:7])[H:15])([O:6][H:10])[H:12])([H:13])[H:14])([O:4][H:8])([O:5][H:9])[H:11].[O:16]([H:17])[H:18],[C:0]([C:2]([C:1]([C:3]([O:7][H:17])([H:11])[H:15])([O:6][H:10])[H:12])([H:13])[H:14])(=[O:4])[O:5][H:9].[H:8][O:16][H:18],31.23114781497916,40.75548700597395,-19.08317399617592
MTJMRVGITLCNRF_16_1-cata_0,[C:0]1([C:3]([H:13])([H:14])[H:15])([O:6][H:8])[O:4][C:1]([O:7][H:9])([H:10])[C:2]([H:11])([H:12])[O:5]1.[O:16]([H:17])[H:18],[C:0]([C:3]([H:13])([H:14])[H:15])([O:4][H:17])([O:5][C:2]([C:1](=[O:7])[H:10])([H:11])[H:12])[O:6][H:8].[H:9][O:16][H:18],18.11055167950392,25.89229698904662,10.115678776290647
MTJMRVGITLCNRF_16_1-cata_2,[C:0]1([C:3]([H:13])([H:14])[H:15])([O:6][H:8])[O:4][C:1]([O:7][H:9])([H:10])[C:2]([H:11])([H:12])[O:5]1.[O:16]([H:17])[H:18],[C:0]([C:3]([H:13])([H:14])[H:15])([O:4][H:17])([O:5][C:2]([C:1](=[O:7])[H:10])([H:11])[H:12])[O:6][H:8].[H:9][O:16][H:18],14.90335062503995,22.752866960482887,10.115678776290647
MTJMRVGITLCNRF_16_1-cata_3,[C:0]1([C:3]([H:13])([H:14])[H:15])([O:6][H:8])[O:4][C:1]([O:7][H:9])([H:10])[C:2]([H:11])([H:12])[O:5]1.[O:16]([H:17])[H:18],[C:0]([C:3]([H:13])([H:14])[H:15])([O:4][H:17])([O:5][C:2]([C:1](=[O:7])[H:10])([H:11])[H:12])[O:6][H:8].[H:9][O:16][H:18],17.397073378021787,24.720736752508262,10.115678776290647
MTJMRVGITLCNRF_25_0-cata_0,[C:0]1([C:3]([H:13])([H:14])[H:15])([O:6][H:8])[O:4][C:1]([O:7][H:9])([H:10])[C:2]([H:11])([H:12])[O:5]1.[O:16]([H:17])[H:18],[C:0]([C:3]([H:13])([H:14])[H:15])([O:5][C:2]([C:1]([O:4][H:17])([O:7][H:9])[H:10])([H:11])[H:12])=[O:6].[H:8][O:16][H:18],10.351396711975518,18.25550637399464,-4.1424474187380484
MTJMRVGITLCNRF_37_0-cata_0,[C:0]1([C:3]([H:13])([H:14])[H:15])([O:6][H:8])[O:4][C:1]([O:7][H:9])([H:10])[C:2]([H:11])([H:12])[O:5]1.[O:16]([H:17])[H:18],[C:0]([C:3]([H:13])([H:14])[H:15])([O:4][C:1]([C:2]([O:5][H:17])([H:11])[H:12])([O:7][H:9])[H:10])=[O:6].[H:8][O:16][H:18],13.012036992035307,20.57729152398254,-8.666586998087974
AIXBHVRZVXXUCI_105_0-cata1_2,[C:0]([C:1]([O:7][H:11])([H:13])[H:14])([C:3](=[C:2]([O:4][H:8])[O:5][H:9])[H:15])([O:6][H:10])[H:12].[O:16]([H:17])[H:18],[C:0]([C:1]([O:7][H:9])([H:13])[H:14])([C:3]([C:2]([O:4][H:8])=[O:5])([H:15])[H:17])([O:6][H:10])[H:12].[H:11][O:16][H:18],6.624617791539247,16.00337477847356,-23.443833652007662
AIXBHVRZVXXUCI_15_1-cata_1,[C:0]([C:1]([O:7][H:11])([H:13])[H:14])([C:3](=[C:2]([O:4][H:8])[O:5][H:9])[H:15])([O:6][H:10])[H:12].[O:16]([H:17])[H:18],[C:0]([C:1]([O:7][H:11])([H:13])[H:14])([C:3]([C:2]([O:4][H:8])=[O:5])([H:15])[H:17])([O:6][H:10])[H:12].[H:9][O:16][H:18],17.53073290154103,25.254747336944128,-23.443833652007662
AIXBHVRZVXXUCI_3_4-cata1_2,[C:0]([C:1]([O:7][H:11])([H:13])[H:14])([C:3](=[C:2]([O:4][H:8])[O:5][H:9])[H:15])([O:6][H:10])[H:12].[O:16]([H:17])[H:18],[C:0]([C:1]([O:7][H:11])([H:13])[H:14])([C:3]([C:2](=[O:4])[O:5][H:9])([H:15])[H:17])([O:6][H:10])[H:12].[H:8][O:16][H:18],18.7468463124669,28.7261298909545,-23.443833652007662
AIXBHVRZVXXUCI_48_1-cata_1,[C:0]([C:1]([O:7][H:11])([H:9])[H:14])([C:3](=[C:2]([O:4][H:8])[O:5][H:18])[H:15])([O:6][H:10])[H:12].[H:13][O:16][H:17],[C:0]([C:1]([O:7][H:11])([H:9])[H:14])([C:3]([C:2]([O:4][H:8])=[O:5])([H:15])[H:17])([O:6][H:10])[H:12].[H:13][O:16][H:18],13.773833525038125,24.13213284149621,-23.443833652007662
AIXBHVRZVXXUCI_53_1-cata1_1,[C:0]([C:1]([O:7][H:11])([H:13])[H:14])([C:3](=[C:2]([O:4][H:10])[O:5][H:9])[H:15])([O:6][H:8])[H:12].[O:16]([H:17])[H:18],[C:0]([C:1]([O:7][H:11])([H:13])[H:14])([C:3]([C:2](=[O:4])[O:5][H:9])([H:15])[H:17])([O:6][H:10])[H:12].[H:8][O:16][H:18],10.512666653496389,19.260149083455048,-23.443833652007662
AIXBHVRZVXXUCI_53_2-cata1_3,[C:0]([C:1]([O:7][H:11])([H:13])[H:14])([C:3](=[C:2]([O:4][H:8])[O:5][H:9])[H:17])([O:6][H:10])[H:12].[H:15][O:16][H:18],[C:0]([C:1]([O:7][H:11])([H:13])[H:14])([C:3]([C:2](=[O:4])[O:5][H:9])([H:15])[H:17])([O:6][H:10])[H:12].[H:8][O:16][H:18],15.048932829029088,23.310095396502813,-23.443833652007662
AIXBHVRZVXXUCI_53_3-cata2_2,[C:0]([C:1]([O:7][H:11])([H:13])[H:14])([C:3](=[C:2]([O:4][H:8])[O:5][H:9])[H:15])([O:6][H:10])[H:12].[O:16]([H:17])[H:18],[C:0]([C:1]([O:7][H:11])([H:13])[H:14])([C:3]([C:2]([O:4][H:8])=[O:5])([H:15])[H:17])([O:6][H:10])[H:12].[H:9][O:16][H:18],18.743081255547743,27.525704217489015,-23.443833652007662
AIXBHVRZVXXUCI_31_0-cata_0,[C:0]([C:1]([O:7][H:11])([H:13])[H:14])([C:3](=[C:2]([O:4][H:8])[O:5][H:9])[H:15])([O:6][H:10])[H:12].[O:16]([H:17])[H:18],[C:0](\[C:1]([O:7][H:11])([H:13])[H:14])(=[C:3](/[C:2]([O:4][H:8])=[O:5])[H:15])[O:6][H:10].[H:12][H:17].[H:9][O:16][H:18],35.90421106152318,42.42403476647031,0.003107074569770546
AIXBHVRZVXXUCI_3_5-cata1_0,[C:0]([C:1]([O:7][H:11])([H:13])[H:14])([C:3](=[C:2]([O:4][H:8])[O:5][H:9])[H:15])([O:6][H:17])[H:12].[H:10][O:16][H:18],[C:0](\[C:1]([O:7][H:11])([H:13])[H:14])(=[C:3](/[C:2](=[O:4])[O:5][H:9])[H:15])[O:6][H:17].[H:10][O:16][H:18].[H:8][H:12],36.79088198499608,43.42553992850997,0.003107074569770546
AIXBHVRZVXXUCI_53_4-cata1_4,[C:0]([C:1]([O:7][H:11])([H:13])[H:14])([C:3](=[C:2]([O:4][H:17])[O:5][H:9])[H:15])([O:6][H:10])[H:12].[H:8][O:16][H:18],[C:0](\[C:1]([O:7][H:11])([H:13])[H:14])(=[C:3](\[C:2](=[O:4])[O:5][H:9])[H:15])[H:12].[H:8][O:16][H:18].[O:6]([H:10])[H:17],13.272453434448536,22.157360444988267,-10.361615678776307
GUPGZ-XLYOF_10_0-cata_4,[C:0]([C:3](=[O:6])[H:9])([O:4][C:2]([C:1]([H:10])([H:11])[H:12])=[O:5])([H:7])[H:8].[O:13]([H:14])[H:15].[O:16]([H:17])[H:18],[C:0]1([H:7])([H:8])[C:3]([O:6][H:15])([H:9])[O:5][C:2]([C:1]([H:10])([H:11])[H:12])([O:13][H:14])[O:4]1.[O:16]([H:17])[H:18],12.361309640537426,39.29150734246048,-4.264818355640547
GUPGZ-XLYOF_17_0-cata2_4,[C:0]([C:3](=[O:6])[H:9])([O:4][C:2]([C:1]([H:10])([H:11])[H:12])=[O:5])([H:7])[H:8].[O:13]([H:14])[H:15].[O:16]([H:17])[H:18],[C:0]([C:3](=[O:6])[H:9])([O:4][C:2]([C:1]([H:10])([H:11])[H:12])[O:5][H:18])[H:8].[H:14][O:16][H:17].[H:7][O:13][H:15],23.05218899208325,43.01012863948869,TCIT fails
GUPGZ-XLYOF_3_0-cata_3,[C:0]([C:3](=[O:6])[H:9])([O:4][C:2]([C:1]([H:10])([H:11])[H:12])=[O:5])([H:7])[H:8].[O:13]([H:14])[H:15].[O:16]([H:17])[H:18],[C:0]([C:3](=[O:6])[H:9])([H:7])([H:8])[O:13][H:15].[C:1]([C:2](=[O:4])[O:5][H:17])([H:10])([H:11])[H:12].[H:14][O:16][H:18],21.06737644352931,43.73678464043755,4.423040152963664
GUPGZ-XLYOF_3_1-cata_2,[C:0]([C:3](=[O:6])[H:9])([O:4][C:2]([C:1]([H:10])([H:11])[H:12])=[O:5])([H:7])[H:8].[O:13]([H:14])[H:15].[O:16]([H:17])[H:18],[C:0]([C:3](=[O:6])[H:9])([O:4][C:2]([C:1]([H:10])([H:11])[H:12])([O:5][H:18])[O:13][H:15])([H:7])[H:8].[H:14][O:16][H:17],17.13540191654039,38.16010771396341,5.8508604206501
GUPGZURVZDIQPM_24_0-cata_4,[C:0]([C:3](=[O:6])[H:9])([O:4][C:2]([C:1]([H:10])([H:11])[H:12])=[O:5])([H:7])[H:8].[O:13]([H:14])[H:15],[C:0]([C:3](=[O:6])[H:9])([O:4][C:2]([C:1]([H:10])([H:11])[H:12])[O:5][H:14])[H:8].[H:7][O:13][H:15],29.50047661403264,39.432069470462295,TCIT fails
HNRXJ-XLYOF_9_0-cata_2,[C:0]([C:1]([O:4]/[C:2](=[C:3](/[O:5][H:7])[H:9])[H:8])=[O:6])([H:10])([H:11])[H:12].[H:14][O:16][H:18].[O:13]([H:15])[H:17],[C:0]([C:1]([O:4][C:2]([C:3](=[O:5])[H:9])([H:8])[H:17])=[O:6])([H:10])([H:11])[H:12].[H:7][O:16][H:18].[O:13]([H:14])[H:15],2.6625228085550354,22.269057135991616,-13.777963671128118
HNRXJDDSBWQYKG_37_1-cata_0,[C:0]([C:1]([O:4]/[C:2](=[C:3](\[O:5][H:7])[H:9])[H:8])=[O:6])([H:10])([H:11])[H:12].[O:13]([H:14])[H:15],[C:0]([C:1]1([O:6][H:14])[O:4][C:2]([H:8])=[C:3]([H:9])[O:5]1)([H:10])([H:11])[H:12].[H:7][O:13][H:15],20.11607204150557,32.39329540900561,12.401768642447394
HNRXJDDSBWQYKG_41_0-cata_3,[C:0]([C:1]([O:4]/[C:2](=[C:3](\[O:5][H:7])[H:9])[H:8])=[O:6])([H:10])([H:11])[H:12].[O:13]([H:14])[H:15],[C:0]([C:1]([O:4][C:2]([C:3](=[O:5])[H:9])([H:8])[H:14])=[O:6])([H:10])([H:11])[H:12].[H:7][O:13][H:15],32.08581575399719,41.54363893798156,-13.777963671128118
KQJKQQAOIMAMTK_19_0-cata_0,[C:0]([C:2]([C:1]([C:3](=[O:7])[H:15])([O:6][H:10])[H:12])([H:13])[H:14])([O:4][H:8])([O:5][H:9])[H:11].[O:16]([H:17])[H:18],[C:0]([C:2](/[C:1](=[C:3](\[O:7][H:18])[H:15])[O:6][H:10])([H:13])[H:14])([O:4][H:8])([O:5][H:9])[H:11].[H:12][O:16][H:17],35.79063184202458,44.84120136050275,2.418977055449326
KQJKQQAOIMAMTK_1_2-cata_0,[C:0]([C:2]([C:1]([C:3](=[O:7])[H:15])([O:6][H:10])[H:12])([H:13])[H:14])([O:4][H:8])([O:5][H:9])[H:11].[O:16]([H:17])[H:18],[C:0]1([O:5][H:9])([H:11])[C:2]([H:13])([H:14])[C:1]([O:6][H:10])([H:12])[C:3]([O:7][H:17])([H:15])[O:4]1.[H:8][O:16][H:18],16.797174295966915,26.90823486947851,3.317399617590821
KQJKQQAOIMAMTK_44_1-cata1_4,[C:0]([C:2]([C:1]([C:3](=[O:7])[H:15])([O:6][H:10])[H:12])([H:13])[H:14])([O:4][H:8])([O:5][H:9])[H:11].[O:16]([H:17])[H:18],[C:0]1([O:5][H:9])([H:11])[C:2]([H:13])([H:14])[C:1]([O:6][H:10])([H:12])[C:3]([O:7][H:17])([H:15])[O:4]1.[H:8][O:16][H:18],16.16464471999443,26.160243545512177,3.317399617590821
KQJKQQAOIMAMTK_37_0-cata_2,[C:0]([C:2]([C:1]([C:3](=[O:7])[H:15])([O:6][H:10])[H:12])([H:13])[H:14])([O:4][H:8])([O:5][H:9])[H:11].[O:16]([H:17])[H:18],[C:0]([C:2]([C:1]([C:3]([O:7][H:8])([H:11])[H:15])([O:6][H:10])[H:12])([H:13])[H:14])(=[O:4])[O:5][H:9].[O:16]([H:17])[H:18],31.23867792903149,38.60877700647206,-19.08317399617592
KQJKQQAOIMAMTK_96_0-cata2_4,[C:0]([C:2]([C:1]([C:3](=[O:7])[H:15])([O:6][H:10])[H:12])([H:13])[H:14])([O:4][H:8])([O:5][H:9])[H:11].[O:16]([H:17])[H:18],[C:0]([C:2]([C:1]([C:3]([O:7][H:17])([H:11])[H:15])([O:6][H:10])[H:12])([H:13])[H:14])([O:4][H:8])=[O:5].[H:9][O:16][H:18],29.13275604699796,37.50373277697979,-19.08317399617592
KQJKQQAOIMAMTK_97_0-cata1_4,[C:0]([C:2]([C:1]([C:3](=[O:7])[H:15])([O:6][H:10])[H:12])([H:13])[H:14])([O:4][H:8])([O:5][H:9])[H:11].[O:16]([H:17])[H:18],[C:0]([C:2]([C:1]([C:3]([O:7][H:17])([H:11])[H:15])([O:6][H:10])[H:12])([H:13])[H:14])([O:4][H:8])=[O:5].[H:9][O:16][H:18],29.821761477970536,36.94085675547412,-19.08317399617592
KQJKQQAOIMAMTK_97_1-cata1_1,[C:0]([C:2]([C:1]([C:3](=[O:7])[H:15])([O:6][H:10])[H:12])([H:13])[H:14])([O:4][H:8])([O:5][H:9])[H:11].[O:16]([H:17])[H:18],[C:0]([C:2]([C:1]([C:3]([O:7][H:10])([H:11])[H:15])([O:6][H:9])[H:12])([H:13])[H:14])([O:4][H:8])=[O:5].[O:16]([H:17])[H:18],32.78799888447216,42.858271340515394,-19.08317399617592
KQJKQQAOIMAMTK_44_1-cata1_1,[C:0]([C:2]([C:1]([C:3](=[O:7])[H:15])([O:6][H:10])[H:12])([H:13])[H:14])([O:4][H:8])([O:5][H:9])[H:11].[O:16]([H:17])[H:18],[C:0]([C:2]([C:1]([C:3]([O:7][H:17])([H:12])[H:15])=[O:6])([H:13])[H:14])([O:4][H:8])([O:5][H:9])[H:11].[H:10][O:16][H:18],23.59812225698901,32.54703523650982,-4.697418738049712
KQJKQQAOIMAMTK_44_2-cata2_0,[C:0]([C:2]([C:1]([C:3](=[O:7])[H:15])([O:6][H:10])[H:17])([H:13])[H:14])([O:4][H:8])([O:5][H:9])[H:11].[H:12][O:16][H:18],[C:0]([C:2]([C:1]([C:3]([O:7][H:10])([H:15])[H:17])=[O:6])([H:13])[H:14])([O:4][H:8])([O:5][H:9])[H:11].[H:12][O:16][H:18],28.777585669967262,38.006995395993286,-4.697418738049712
KQJKQQAOIMAMTK_44_2-cata1_0,[C:0]([C:2]([C:1]([C:3](=[O:7])[H:15])([O:6][H:10])[H:12])([H:13])[H:14])([O:4][H:8])([O:5][H:9])[H:11].[O:16]([H:17])[H:18],[C:0]([C:2]([C:1]([C:3]([O:7])([H:12])[H:15])[O:6][H:10])([H:13])[H:14])([O:4][H:8])([O:5][H:9])[H:11].[O:16]([H:17])[H:18],35.84585267802784,44.482893435979975,TCIT fails
KQJKQQAOIMAMTK_61_6-cata1_2,[C:0]([C:2]([C:1]([C:3](=[O:7])[H:15])([O:6][H:10])[H:12])([H:13])[H:14])([O:4][H:8])([O:5][H:9])[H:11].[O:16]([H:17])[H:18],[C:0]([C:2]([C:1]([C:3](=[O:7])[H:15])([O:6][H:9])[H:12])([H:13])[H:14])(=[O:5])[H:11].[O:16]([H:17])[H:18].[O:4]([H:8])[H:10],24.47726306648092,31.603260948538416,5.747848948374756
MTJMRVGITLCNRF_25_0-cata_1,[C:0]1([C:3]([H:13])([H:14])[H:15])([O:6][H:17])[O:4][C:1]([O:7][H:9])([H:10])[C:2]([H:11])([H:12])[O:5]1.[H:8][O:16][H:18],[C:0]([C:3]([H:13])([H:14])[H:15])([O:5][C:2]([C:1]([O:4][H:18])([O:7][H:9])[H:10])([H:11])[H:12])=[O:6].[H:8][O:16][H:17],11.044794709508349,18.57741874753797,-4.1424474187380484
MTJMRVGITLCNRF_63_0-cata_1,[C:0]1([C:3]([H:13])([H:14])[H:15])([O:6][H:8])[O:4][C:1]([O:7][H:9])([H:10])[C:2]([H:11])([H:12])[O:5]1.[O:16]([H:17])[H:18],[C:0](=[C:3]([H:14])[H:15])([O:5][C:2]([C:1]([O:4][H:17])([O:7][H:9])[H:10])([H:11])[H:12])[O:6][H:8].[H:13][O:16][H:18],30.08406044902169,39.793514942477145,22.0
CUNHAVWYFLUHTA_17_0-cata_0,[C:0]([C:1]([C:2](=[C:3]([H:11])[H:12])[O:4][H:7])=[O:6])([O:5][H:8])([H:9])[H:10].[O:13]([H:14])[H:15],[C:0]([C:1]([C:2](=[C:3][H:12])[O:4][H:7])=[O:6])([H:9])[H:10].[H:11][O:13][H:15].[O:5]([H:8])[H:14],85.77427355499205,95.03882381300068,TCIT fails
CUNHAVWYFLUHTA_17_0-cata_3,[C:0]([C:1]([C:2](=[C:3]([H:11])[H:12])[O:4][H:7])=[O:6])([O:5][H:8])([H:9])[H:10].[O:13]([H:14])[H:15],[C:0]([C:1]([C:2](=[C:3][H:12])[O:4][H:7])=[O:6])([H:9])[H:10].[H:11][O:13][H:15].[O:5]([H:8])[H:14],84.4646612284812,93.7367416005065,TCIT fails
CUNHAVWYFLUHTA_22_1-cata1_3,[C:0]([C:1]([C:2](=[C:3]([H:11])[H:12])[O:4][H:7])=[O:6])([O:5][H:8])([H:9])[H:10].[O:13]([H:14])[H:15],[C:0]([C:1]([C:2](=[C:3]([H:11])[H:12])[O:4][H:7])([O:6][H:14])[H:9])(=[O:5])[H:10].[H:8][O:13][H:15],27.852009157485583,37.55958112248146,3.4070267686424462
CUNHAVWYFLUHTA_23_0-cata_0,[C:0]([C:1]([C:2](=[C:3]([H:11])[H:12])[O:4][H:7])=[O:6])([O:5][H:8])([H:9])[H:10].[O:13]([H:14])[H:15],[C:0](=[C:1](\[C:2](=[C:3]([H:11])[H:12])[O:4][H:7])[O:6][H:14])(\[O:5][H:8])[H:10].[H:9][O:13][H:15],33.414253365496165,42.29602282850814,4.387189292543047
CUNHAVWYFLUHTA_23_0-cata_2,[C:0]([C:1]([C:2](=[C:3]([H:11])[H:12])[O:4][H:7])=[O:6])([O:5][H:8])([H:9])[H:10].[O:13]([H:14])[H:15],[C:0](=[C:1](/[C:2](=[C:3]([H:11])[H:12])[O:4][H:7])[O:6][H:14])(\[O:5][H:8])[H:10].[H:9][O:13][H:15],34.90207838998509,44.75523255900578,4.387189292543047
CUNHAVWYFLUHTA_23_0-cata_3,[C:0]([C:1]([C:2](=[C:3]([H:11])[H:12])[O:4][H:7])=[O:6])([O:5][H:8])([H:9])[H:10].[O:13]([H:14])[H:15],[C:0](=[C:1](\[C:2](=[C:3]([H:11])[H:12])[O:4][H:7])[O:6][H:14])(\[O:5][H:8])[H:10].[H:9][O:13][H:15],35.0595832744798,43.93194009497988,4.387189292543047
CUNHAVWYFLUHTA_23_3-cata2_4,[C:0]([C:1]([C:2](=[C:3]([H:11])[H:12])[O:4][H:7])=[O:6])([O:5][H:8])([H:9])[H:10].[O:13]([H:14])[H:15],[C:0](=[C:1](/[C:2](=[C:3]([H:11])[H:12])[O:4][H:7])[O:6][H:14])(\[O:5][H:8])[H:10].[H:9][O:13][H:15],36.022182847475015,45.7090469989875,4.387189292543047
XKQQPGULJNPMJY_14_0-cata_0,[C:0](\[C:1](=[C:3]([H:11])[H:12])[O:5][H:8])(=[C:2](\[O:6][H:9])[H:10])[O:4][H:7].[O:13]([H:14])[H:15],[C:0]([C:1](=[C:3]([H:11])[H:12])[O:5][H:8])([C:2]([O:6][H:9])([H:10])[H:14])=[O:4].[H:7][O:13][H:15],23.13753028397479,31.03285481298042,-4.387189292543047
XKQQPGULJNPMJY_14_0-cata_2,[C:0](\[C:1](=[C:3]([H:11])[H:12])[O:5][H:8])(=[C:2](\[O:6][H:9])[H:10])[O:4][H:7].[O:13]([H:14])[H:15],[C:0]([C:1](=[C:3]([H:11])[H:12])[O:5][H:8])([C:2]([O:6][H:9])([H:10])[H:14])=[O:4].[H:7][O:13][H:15],23.588709614512776,31.76390338045386,-4.387189292543047
XKQQPGULJNPMJY_14_0-cata_4,[C:0](\[C:1](=[C:3]([H:11])[H:12])[O:5][H:8])(=[C:2](/[O:6][H:9])[H:10])[O:4][H:7].[O:13]([H:14])[H:15],[C:0]([C:1](=[C:3]([H:11])[H:12])[O:5][H:8])([C:2]([O:6][H:9])([H:10])[H:14])=[O:4].[H:7][O:13][H:15],22.946767395992712,32.29163886997691,-4.387189292543047
CUNHAVWYFLUHTA_28_0-cata_0,[C:0]([C:1]([C:2](=[C:3]([H:11])[H:12])[O:4][H:7])=[O:6])([O:5][H:8])([H:9])[H:10].[O:13]([H:14])[H:15],[C:0]([C:1]([C:2](=[C:3]([H:11])[H:12])[H:14])=[O:6])([O:4][H:7])([O:5][H:8])[H:10].[H:9][O:13][H:15],66.25872810500408,73.27051925799323,-3.1646749521988493
CUNHAVWYFLUHTA_2_2-cata_4,[C:0]([C:1]([C:2](=[C:3]([H:11])[H:12])[O:4][H:7])=[O:6])([O:5][H:8])([H:9])[H:10].[O:13]([H:14])[H:15],[C:0]([C:1]1([O:6][H:14])[C:2](=[O:4])[C:3]1([H:11])[H:12])([O:5][H:8])([H:9])[H:10].[H:7][O:13][H:15],24.172920959000244,35.67705262249031,-1.0697896749521987
CUNHAVWYFLUHTA_44_0-cata_0,[C:0]([C:1]([C:2](=[C:3]([H:11])[H:12])[O:4][H:7])=[O:6])([O:5][H:8])([H:9])[H:10].[O:13]([H:14])[H:15],[C:0]([C:1]([C:2]([C:3]([H:11])([H:12])[H:14])=[O:4])=[O:6])([O:5][H:8])([H:9])[H:10].[H:7][O:13][H:15],24.203041414995536,33.26114104749037,-9.791108986615653
CUNHAVWYFLUHTA_44_0-cata_3,[C:0]([C:1]([C:2](=[C:3]([H:11])[H:12])[O:4][H:7])=[O:6])([O:5][H:8])([H:9])[H:10].[O:13]([H:14])[H:15],[C:0]([C:1]([C:2]([C:3]([H:11])([H:12])[H:14])=[O:4])=[O:6])([O:5][H:8])([H:9])[H:10].[H:7][O:13][H:15],23.28687754499009,31.61079106248373,-9.791108986615653
CUNHAVWYFLUHTA_44_2-cata1_3,[C:0]([C:1]([C:2](=[C:3]([H:11])[H:12])[O:4][H:7])=[O:6])([O:5][H:8])([H:9])[H:10].[O:13]([H:14])[H:15],[C:0]([C:1]([C:2]([C:3]([H:11])([H:12])[H:14])=[O:4])=[O:6])([O:5][H:8])([H:9])[H:10].[H:7][O:13][H:15],25.00939112249288,34.12584913848305,-9.791108986615653
CUNHAVWYFLUHTA_46_0-cata_0,[C:0]([C:1]([C:2](=[C:3]([H:11])[H:12])[O:4][H:7])=[O:6])([O:5][H:8])([H:9])[H:10].[O:13]([H:14])[H:15],[C:0]1([H:9])([H:10])[C:1](=[O:6])[C:2]([C:3]([H:11])([H:12])[H:14])([O:4][H:7])[O:5]1.[H:8][O:13][H:15],31.869324976473056,41.37170133498763,5.358508604206518
CUNHAVWYFLUHTA_72_0-cata_0,[C:0]([C:1]([C:2](=[C:3]([H:11])[H:12])[O:4][H:7])=[O:6])([O:5][H:8])([H:9])[H:10].[O:13]([H:14])[H:15],[C:0]1([O:5][H:8])([H:10])/[C:1](=[C:2](\[C:3]([H:11])([H:12])[H:14])[O:4][H:7])[O:6]1.[H:9][O:13][H:15],40.35952851151056,49.30342141500838,TCIT fails
MNXDADQSMTZCJF_37_0-cata_2,[C:0]1([C:1]([C:3]([O:7][H:10])([H:14])[H:15])([O:6][H:9])[H:11])([O:5][H:8])[C:2]([H:12])([H:13])[O:4]1.[O:16]([H:17])[H:18],[C:0]([C:1]([C:3]([O:7][H:10])([H:14])[H:15])([O:6][H:9])[H:11])([C:2]([O:4][H:17])([H:12])[H:13])=[O:5].[H:8][O:16][H:18],6.475898040058031,14.516177263518715,-13.567638623326973
MNXDADQSMTZCJF_37_0-cata_4,[C:0]1([C:1]([C:3]([O:7][H:10])([H:14])[H:15])([O:6][H:9])[H:11])([O:5][H:8])[C:2]([H:12])([H:13])[O:4]1.[O:16]([H:17])[H:18],[C:0]([C:1]([C:3]([O:7][H:10])([H:14])[H:15])([O:6][H:9])[H:11])([C:2]([O:4][H:17])([H:12])[H:13])=[O:5].[H:8][O:16][H:18],1.21172084457964,12.42155055252801,-13.567638623326973
MNXDADQSMTZCJF_59_0-cata_2,[C:0]1([C:1]([C:3]([O:7][H:10])([H:14])[H:15])([O:6][H:9])[H:11])([O:5][H:8])[C:2]([H:12])([H:13])[O:4]1.[O:16]([H:17])[H:18],[C:0]1(/[C:1](=[C:3](\[O:7][H:10])[H:15])[H:11])([O:5][H:8])[C:2]([H:12])([H:13])[O:4]1.[H:14][O:16][H:18].[O:6]([H:9])[H:17],48.18582699554779,54.7539689320156,13.11663479923518
MNXDADQSMTZCJF_65_0-cata_0,[C:0]1([C:1]([C:3]([O:7][H:10])([H:14])[H:15])([O:6][H:9])[H:11])([O:5][H:8])[C:2]([H:12])([H:13])[O:4]1.[O:16]([H:17])[H:18],[C:0]1([C:1](=[C:3]([H:14])[H:15])[O:6][H:9])([O:5][H:8])[C:2]([H:12])([H:13])[O:4]1.[H:11][O:16][H:18].[O:7]([H:10])[H:17],54.18230777753212,59.16473320750847,17.945028680688335
MNXDADQSMTZCJF_65_0-cata_1,[C:0]1([C:1]([C:3]([O:7][H:10])([H:14])[H:15])([O:6][H:9])[H:11])([O:5][H:8])[C:2]([H:12])([H:13])[O:4]1.[O:16]([H:17])[H:18],[C:0]1([C:1](=[C:3]([H:14])[H:15])[O:6][H:9])([O:5][H:8])[C:2]([H:12])([H:13])[O:4]1.[H:11][O:16][H:18].[O:7]([H:10])[H:17],50.79061893003456,56.59382678600748,17.945028680688335
MNXDADQSMTZCJF_65_0-cata_4,[C:0]1([C:1]([C:3]([O:7][H:10])([H:14])[H:15])([O:6][H:9])[H:11])([O:5][H:8])[C:2]([H:12])([H:13])[O:4]1.[O:16]([H:17])[H:18],[C:0]1([C:1](=[C:3]([H:14])[H:15])[O:6][H:9])([O:5][H:8])[C:2]([H:12])([H:13])[O:4]1.[H:11][O:16][H:18].[O:7]([H:10])[H:17],52.65181210704392,57.58968436249007,17.945028680688335
SGQVXUFMUFDFRB_104_0-cata_1,[C:0]([C:1]([O:6][H:10])([H:13])[H:14])(/[C:2](=[C:3](/[O:7][H:11])[H:15])[O:5][H:9])([O:4][H:8])[H:12].[O:16]([H:17])[H:18],[C:0](\[C:1]([O:6][H:10])([H:13])[H:14])(=[C:2](\[C:3](=[O:7])[H:15])[O:5][H:9])[H:12].[H:11][O:16][H:18].[O:4]([H:8])[H:17],32.779213751423,40.40533670500192,-0.8128585086042226
SGQVXUFMUFDFRB_104_0-cata_2,[C:0]([C:1]([O:6][H:10])([H:13])[H:14])(/[C:2](=[C:3](/[O:7][H:11])[H:15])[O:5][H:9])([O:4][H:8])[H:12].[O:16]([H:17])[H:18],[C:0](\[C:1]([O:6][H:10])([H:13])[H:14])(=[C:2](/[C:3](=[O:7])[H:15])[O:5][H:9])[H:12].[H:11][O:16][H:18].[O:4]([H:8])[H:17],23.65208807399544,33.194625040444286,-0.8128585086042226
SGQVXUFMUFDFRB_36_0-cata_0,[C:0]([C:1]([O:6][H:10])([H:13])[H:14])(/[C:2](=[C:3](/[O:7][H:11])[H:15])[O:5][H:9])([O:4][H:8])[H:12].[O:16]([H:17])[H:18],[C:0](=[C:1]([H:13])[H:14])(/[C:2](=[C:3](/[O:7][H:11])[H:15])[O:5][H:9])[O:4][H:8].[H:12][O:16][H:18].[O:6]([H:10])[H:17],55.7498265084982,60.141765498967246,2.880736137667303
SGQVXUFMUFDFRB_5_1-cata_3,[C:0]([C:1]([O:6][H:10])([H:13])[H:14])(/[C:2](=[C:3](/[O:7][H:11])[H:15])[O:5][H:9])([O:4][H:8])[H:12].[O:16]([H:17])[H:18],[C:0](\[C:1]([O:6][H:10])([H:13])[H:14])(=[C:2](/[C:3]([O:7][H:11])([H:15])[H:17])[O:5][H:9])[O:4][H:8].[H:12][O:16][H:18],54.22121336643389,60.99957098544168,-4.46606118546846
SGQVXUFMUFDFRB_5_4-cata2_0,[C:0]([C:1]([O:6][H:10])([H:13])[H:14])(/[C:2](=[C:3](/[O:7][H:11])[H:15])[O:5][H:9])([O:4][H:8])[H:12].[O:16]([H:17])[H:18],[C:0](\[C:1]([O:6][H:10])([H:13])[H:14])(=[C:2](/[C:3]([O:7][H:11])([H:15])[H:17])[O:5][H:9])[O:4][H:8].[H:12][O:16][H:18],52.47987450397864,59.25760461348801,-4.46606118546846
SGQVXUFMUFDFRB_5_4-cata2_4,[C:0]([C:1]([O:6][H:10])([H:13])[H:14])(/[C:2](=[C:3](/[O:7][H:11])[H:15])[O:5][H:9])([O:4][H:8])[H:12].[O:16]([H:17])[H:18],[C:0](\[C:1]([O:6][H:10])([H:13])[H:14])(=[C:2](/[C:3]([O:7][H:11])([H:15])[H:17])[O:5][H:9])[O:4][H:8].[H:12][O:16][H:18],53.20402046700517,59.79287021699205,-4.46606118546846
SGQVXUFMUFDFRB_5_6-cata2_4,[C:0]([C:1]([O:6][H:10])([H:13])[H:14])(/[C:2](=[C:3](\[O:7][H:11])[H:15])[O:5][H:9])([O:4][H:8])[H:12].[O:16]([H:17])[H:18],[C:0](\[C:1]([O:6][H:10])([H:13])[H:14])(=[C:2](/[C:3]([O:7][H:11])([H:15])[H:17])[O:5][H:9])[O:4][H:8].[H:12][O:16][H:18],58.218448881472064,65.64376879498724,-4.46606118546846
SGQVXUFMUFDFRB_67_0-cata_4,[C:0]([C:1]([O:6][H:10])([H:13])[H:14])(/[C:2](=[C:3](/[O:7][H:11])[H:15])[O:5][H:9])([O:4][H:8])[H:12].[O:16]([H:17])[H:18],[C:0]1([C:1]([O:6][H:10])([H:13])[H:14])([H:12])[C:2]([C:3]([O:7][H:11])([H:15])[H:17])([O:5][H:9])[O:4]1.[H:8][O:16][H:18],30.239055295487063,38.30317987995888,15.796606118546835
VPFHKTFZRJVREQ_31_0-cata_2,[C:0]1([C:2]([O:6][H:9])([H:12])[H:13])([O:5][H:8])[C:1]([C:3]([O:7][H:10])([H:14])[H:15])([H:11])[O:4]1.[O:16]([H:17])[H:18],[C:0](\[C:1]([C:3]([O:7][H:10])([H:14])[H:15])([O:4][H:17])[H:11])(=[C:2](/[O:6][H:9])[H:13])[O:5][H:8].[H:12][O:16][H:18],19.061228572029236,26.459565576969855,-15.796606118546835
SGQVXUFMUFDFRB_69_0-cata_0,[C:0]([C:1]([O:6][H:10])([H:13])[H:14])(/[C:2](=[C:3](/[O:7][H:11])[H:15])[O:5][H:9])([O:4][H:8])[H:12].[O:16]([H:17])[H:18],[C:0]([C:1]([O:6][H:10])([H:13])[H:14])([C:2]([C:3]([O:7][H:11])([H:15])[H:17])=[O:5])([O:4][H:8])[H:12].[H:9][O:16][H:18],31.966588948977176,40.263519557931936,-10.579827915869998
SGQVXUFMUFDFRB_69_0-cata_1,[C:0]([C:1]([O:6][H:10])([H:13])[H:14])(/[C:2](=[C:3](/[O:7][H:11])[H:15])[O:5][H:9])([O:4][H:8])[H:12].[O:16]([H:17])[H:18],[C:0]([C:1]([O:6][H:10])([H:13])[H:14])([C:2]([C:3]([O:7][H:11])([H:15])[H:17])=[O:5])([O:4][H:8])[H:12].[H:9][O:16][H:18],28.69475441596237,37.54075583745765,-10.579827915869998
SGQVXUFMUFDFRB_69_3-cata1_4,[C:0]([C:1]([O:6][H:10])([H:13])[H:14])(/[C:2](=[C:3](/[O:7][H:11])[H:15])[O:5][H:9])([O:4][H:8])[H:12].[O:16]([H:17])[H:18],[C:0]([C:1]([O:6][H:10])([H:13])[H:14])([C:2]([C:3]([O:7][H:11])([H:15])[H:17])([O:5][H:9])[H:12])=[O:4].[H:8][O:16][H:18],40.08656187895068,45.94122551393636,-10.579827915869998
SGQVXUFMUFDFRB_69_4-cata1_2,[C:0]([C:1]([O:6][H:10])([H:13])[H:14])(/[C:2](=[C:3](/[O:7][H:11])[H:15])[O:5][H:9])([O:4][H:8])[H:12].[O:16]([H:17])[H:18],[C:0]([C:1]([O:6][H:10])([H:13])[H:14])([C:2]([C:3]([O:7][H:11])([H:15])[H:17])=[O:5])([O:4][H:8])[H:12].[H:9][O:16][H:18],33.896808170954934,41.16274067144449,-10.579827915869998
SGQVXUFMUFDFRB_69_6-cata2_0,[C:0]([C:1]([O:6][H:10])([H:13])[H:14])(/[C:2](=[C:3](/[O:7][H:11])[H:15])[O:5][H:9])([O:4][H:8])[H:12].[O:16]([H:17])[H:18],[C:0]([C:1]([O:6][H:10])([H:13])[H:14])([C:2]([C:3]([O:7][H:11])([H:15])[H:17])=[O:5])([O:4][H:8])[H:12].[H:9][O:16][H:18],33.9363412694978,41.858648706970975,-10.579827915869998
SGQVXUFMUFDFRB_69_6-cata2_1,[C:0]([C:1]([O:6][H:10])([H:13])[H:14])(/[C:2](=[C:3](\[O:7][H:11])[H:15])[O:5][H:9])([O:4][H:8])[H:12].[O:16]([H:17])[H:18],[C:0]([C:1]([O:6][H:10])([H:13])[H:14])([C:2]([C:3]([O:7][H:11])([H:15])[H:17])=[O:5])([O:4][H:8])[H:12].[H:9][O:16][H:18],27.739684956948143,35.8866407954962,-10.579827915869998
SGQVXUFMUFDFRB_69_6-cata2_4,[C:0]([C:1]([O:6][H:10])([H:13])[H:14])(/[C:2](=[C:3](/[O:7][H:11])[H:15])[O:5][H:9])([O:4][H:8])[H:12].[O:16]([H:17])[H:18],[C:0]([C:1]([O:6][H:10])([H:13])[H:14])([C:2]([C:3]([O:7][H:11])([H:15])[H:17])=[O:5])([O:4][H:8])[H:12].[H:9][O:16][H:18],30.284235979444336,38.6100320254689,-10.579827915869998
SGQVXUFMUFDFRB_69_7-cata1_0,[C:0]([C:1]([O:6][H:10])([H:13])[H:14])(/[C:2](=[C:3](/[O:7][H:11])[H:15])[O:5][H:9])([O:4][H:8])[H:12].[O:16]([H:17])[H:18],[C:0]([C:1]([O:6][H:17])([H:13])[H:14])([C:2]([C:3]([O:7][H:11])([H:10])[H:15])=[O:5])([O:4][H:8])[H:12].[H:9][O:16][H:18],19.89958126398145,29.83180162994519,-10.579827915869998
SGQVXUFMUFDFRB_69_7-cata1_1,[C:0]([C:1]([O:6][H:10])([H:13])[H:14])(/[C:2](=[C:3](/[O:7][H:11])[H:15])[O:5][H:9])([O:4][H:8])[H:12].[O:16]([H:17])[H:18],[C:0]([C:1]([O:6][H:17])([H:13])[H:14])([C:2]([C:3]([O:7][H:11])([H:10])[H:15])=[O:5])([O:4][H:8])[H:12].[H:9][O:16][H:18],21.76767704554471,31.610791062448065,-10.579827915869998
SGQVXUFMUFDFRB_69_7-cata2_0,[C:0]([C:1]([O:6][H:10])([H:13])[H:14])(/[C:2](=[C:3](/[O:7][H:11])[H:15])[O:5][H:9])([O:4][H:8])[H:12].[O:16]([H:17])[H:18],[C:0]([C:1]([O:6][H:9])([H:13])[H:14])([C:2]([C:3]([O:7][H:11])([H:15])[H:17])=[O:5])([O:4][H:8])[H:12].[H:10][O:16][H:18],25.02821640744535,34.60024632046241,-10.579827915869998
SGQVXUFMUFDFRB_69_8-cata2_0,[C:0]([C:1]([O:6][H:10])([H:13])[H:14])(/[C:2](=[C:3](/[O:7][H:11])[H:15])[O:5][H:9])([O:4][H:8])[H:12].[O:16]([H:17])[H:18],[C:0]([C:1]([O:6][H:10])([H:13])[H:14])([C:2]([C:3]([O:7][H:9])([H:15])[H:17])=[O:5])([O:4][H:8])[H:12].[H:11][O:16][H:18],40.837063240982005,46.83981911795049,-10.579827915869998
SGQVXUFMUFDFRB_74_0-cata_0,[C:0]([C:1]([O:6][H:10])([H:13])[H:14])(/[C:2](=[C:3](/[O:7][H:11])[H:15])[O:5][H:9])([O:4][H:8])[H:12].[O:16]([H:17])[H:18],[C:0]([C:1]([O:6][H:10])([H:13])[H:14])([C:2]([C:3](=[O:7])[H:15])([O:5][H:9])[H:17])([O:4][H:8])[H:12].[H:11][O:16][H:18],36.03347801848216,44.32287851345593,-6.705544933078404
SGQVXUFMUFDFRB_74_0-cata_1,[C:0]([C:1]([O:6][H:10])([H:13])[H:14])(/[C:2](=[C:3](/[O:7][H:11])[H:15])[O:5][H:9])([O:4][H:8])[H:12].[O:16]([H:17])[H:18],[C:0]([C:1]([O:6][H:10])([H:13])[H:14])([C:2]([C:3](=[O:7])[H:15])([O:5][H:9])[H:17])([O:4][H:8])[H:12].[H:11][O:16][H:18],37.629234677019625,45.48063354095781,-6.705544933078404
SGQVXUFMUFDFRB_74_0-cata_2,[C:0]([C:1]([O:6][H:10])([H:13])[H:14])(/[C:2](=[C:3](/[O:7][H:11])[H:15])[O:5][H:9])([O:4][H:8])[H:12].[O:16]([H:17])[H:18],[C:0]([C:1]([O:6][H:10])([H:13])[H:14])([C:2]([C:3](=[O:7])[H:15])([O:5][H:9])[H:17])([O:4][H:8])[H:12].[H:11][O:16][H:18],32.8689476099818,41.52606867195458,-6.705544933078404
SGQVXUFMUFDFRB_74_0-cata_3,[C:0]([C:1]([O:6][H:10])([H:13])[H:14])(/[C:2](=[C:3](/[O:7][H:11])[H:15])[O:5][H:9])([O:4][H:8])[H:12].[O:16]([H:17])[H:18],[C:0]([C:1]([O:6][H:10])([H:13])[H:14])([C:2]([C:3](=[O:7])[H:15])([O:5][H:9])[H:17])([O:4][H:8])[H:12].[H:11][O:16][H:18],34.132751743001286,42.060706765960205,-6.705544933078404
SGQVXUFMUFDFRB_74_0-cata_4,[C:0]([C:1]([O:6][H:10])([H:13])[H:14])(/[C:2](=[C:3](/[O:7][H:11])[H:15])[O:5][H:9])([O:4][H:8])[H:12].[O:16]([H:17])[H:18],[C:0]([C:1]([O:6][H:10])([H:13])[H:14])([C:2]([C:3](=[O:7])[H:15])([O:5][H:9])[H:17])([O:4][H:8])[H:12].[H:11][O:16][H:18],39.55945389899738,47.151063829949415,-6.705544933078404
SGQVXUFMUFDFRB_74_6-cata2_3,[C:0]([C:1]([O:6][H:10])([H:13])[H:14])(/[C:2](=[C:3](\[O:7][H:11])[H:15])[O:5][H:9])([O:4][H:8])[H:12].[O:16]([H:17])[H:18],[C:0]([C:1]([O:6][H:10])([H:13])[H:14])([C:2]([C:3](=[O:7])[H:15])([O:5][H:9])[H:17])([O:4][H:8])[H:12].[H:11][O:16][H:18],36.52921052344333,43.455660384433926,-6.705544933078404
SGQVXUFMUFDFRB_74_8-cata2_2,[C:0]([C:1]([O:6][H:10])([H:13])[H:14])(/[C:2](=[C:3](\[O:7][H:11])[H:15])[O:5][H:9])([O:4][H:8])[H:12].[O:16]([H:17])[H:18],[C:0]([C:1]([O:6][H:10])([H:13])[H:14])([C:2]([C:3](=[O:7])[H:15])([O:5][H:9])[H:17])([O:4][H:8])[H:12].[H:11][O:16][H:18],32.11656371945522,40.79000002845815,-6.705544933078404
VPFHKTFZRJVREQ_28_1-cata_0,[C:0]1([C:2]([O:6][H:9])([H:12])[H:13])([O:5][H:8])[C:1]([C:3]([O:7][H:10])([H:14])[H:15])([H:11])[O:4]1.[O:16]([H:17])[H:18],[C:0]([C:1]([C:3]([O:7][H:10])([H:14])[H:15])([O:4][H:17])[H:11])([C:2]([O:6][H:9])([H:12])[H:13])=[O:5].[H:8][O:16][H:18],8.774465338533211,17.157992258483354,-26.376434034416835
VPFHKTFZRJVREQ_28_1-cata_2,[C:0]1([C:2]([O:6][H:9])([H:12])[H:13])([O:5][H:8])[C:1]([C:3]([O:7][H:10])([H:14])[H:15])([H:11])[O:4]1.[O:16]([H:17])[H:18],[C:0]([C:1]([C:3]([O:7][H:10])([H:14])[H:15])([O:4][H:17])[H:11])([C:2]([O:6][H:9])([H:12])[H:13])=[O:5].[H:8][O:16][H:18],11.334076589062716,19.782236987492357,-26.376434034416835
XKQQPGULJNPMJY_19_0-cata_0,[C:0](\[C:1](=[C:3]([H:11])[H:12])[O:5][H:8])(=[C:2](\[O:6][H:9])[H:10])[O:4][H:7].[O:13]([H:14])[H:15],[C:0]([C:1](=[C:3]([H:11])[H:12])[O:5][H:8])([C:2](=[O:6])[H:10])([O:4][H:7])[H:14].[H:9][O:13][H:15],30.53649479848517,39.13714000545786,-0.9801625239006005
XKQQPGULJNPMJY_19_0-cata_1,[C:0](\[C:1](=[C:3]([H:11])[H:12])[O:5][H:8])(=[C:2](\[O:6][H:9])[H:10])[O:4][H:7].[O:13]([H:14])[H:15],[C:0]([C:1](=[C:3]([H:11])[H:12])[O:5][H:8])([C:2](=[O:6])[H:10])([O:4][H:7])[H:14].[H:9][O:13][H:15],27.15798365049001,36.14580221898393,-0.9801625239006005
XKQQPGULJNPMJY_19_0-cata_2,[C:0](\[C:1](=[C:3]([H:11])[H:12])[O:5][H:8])(=[C:2](\[O:6][H:9])[H:10])[O:4][H:7].[O:13]([H:14])[H:15],[C:0]([C:1](=[C:3]([H:11])[H:12])[O:5][H:8])([C:2](=[O:6])[H:10])([O:4][H:7])[H:14].[H:9][O:13][H:15],28.658358865018595,37.16864270396973,-0.9801625239006005
XKQQPGULJNPMJY_19_0-cata_4,[C:0](\[C:1](=[C:3]([H:11])[H:12])[O:5][H:8])(=[C:2](\[O:6][H:9])[H:10])[O:4][H:7].[O:13]([H:14])[H:15],[C:0]([C:1](=[C:3]([H:11])[H:12])[O:5][H:8])([C:2](=[O:6])[H:10])([O:4][H:7])[H:14].[H:9][O:13][H:15],23.886776626973624,33.66211961797675,-0.9801625239006005
XKQQPGULJNPMJY_31_0-cata_1,[C:0](\[C:1](=[C:3]([H:11])[H:12])[O:5][H:8])(=[C:2](\[O:6][H:9])[H:10])[O:4][H:7].[O:13]([H:14])[H:15],[C:0](\[C:1]([C:3]([H:11])([H:12])[H:14])=[O:5])(=[C:2](\[O:6][H:9])[H:10])[O:4][H:7].[H:8][O:13][H:15],17.477394593961677,26.081177348462116,-9.791108986615681
XKQQPGULJNPMJY_31_2-cata2_0,[C:0](\[C:1](=[C:3]([H:11])[H:12])[O:5][H:8])(=[C:2](\[O:6][H:9])[H:10])[O:4][H:7].[O:13]([H:14])[H:15],[C:0](\[C:1]([C:3]([H:11])([H:12])[H:14])=[O:5])(=[C:2](\[O:6][H:9])[H:10])[O:4][H:7].[H:8][O:13][H:15],12.250867968495236,21.0209407404682,-9.791108986615681
XKQQPGULJNPMJY_52_0-cata_1,[C:0](\[C:1](=[C:3]([H:11])[H:12])[O:5][H:8])(=[C:2](\[O:6][H:9])[H:10])[O:4][H:7].[O:13]([H:14])[H:15],[C:0]1(=[O:4])[C:1]([C:3]([H:11])([H:12])[H:14])([O:5][H:8])[C:2]1([O:6][H:9])[H:10].[H:7][O:13][H:15],20.75424920299947,29.07753521095903,-8.6706500956023
XKQQPGULJNPMJY_52_0-cata_3,[C:0](\[C:1](=[C:3]([H:11])[H:12])[O:5][H:8])(=[C:2](\[O:6][H:9])[H:10])[O:4][H:7].[O:13]([H:14])[H:15],[C:0]1(=[O:4])[C:1]([C:3]([H:11])([H:12])[H:14])([O:5][H:8])[C:2]1([O:6][H:9])[H:10].[H:7][O:13][H:15],26.087452443481936,33.842842353984175,-8.6706500956023
XKQQPGULJNPMJY_52_0-cata_4,[C:0](\[C:1](=[C:3]([H:11])[H:12])[O:5][H:8])(=[C:2](\[O:6][H:9])[H:10])[O:4][H:7].[O:13]([H:14])[H:15],[C:0]1(=[O:4])[C:1]([C:3]([H:11])([H:12])[H:14])([O:5][H:8])[C:2]1([O:6][H:9])[H:10].[H:7][O:13][H:15],19.833692766469447,27.866441875984812,-8.6706500956023
XKQQPGULJNPMJY_58_0-cata_0,[C:0](\[C:1](=[C:3]([H:11])[H:12])[O:5][H:8])(=[C:2](\[O:6][H:9])[H:10])[O:4][H:7].[O:13]([H:14])[H:15],[C:0](=[C:1](/[C:3]([H:11])([H:12])[H:14])[O:5][H:8])(\[C:2](=[O:6])[H:10])[O:4][H:7].[H:9][O:13][H:15],18.757513973975637,27.47864100496516,-7.6744741873805005
XKQQPGULJNPMJY_58_0-cata_1,[C:0](\[C:1](=[C:3]([H:11])[H:12])[O:5][H:8])(=[C:2](\[O:6][H:9])[H:10])[O:4][H:7].[O:13]([H:14])[H:15],[C:0](=[C:1](/[C:3]([H:11])([H:12])[H:14])[O:5][H:8])(\[C:2](=[O:6])[H:10])[O:4][H:7].[H:9][O:13][H:15],20.408491468516356,28.50022647095413,-7.6744741873805005
XKQQPGULJNPMJY_58_0-cata_4,[C:0](\[C:1](=[C:3]([H:11])[H:12])[O:5][H:8])(=[C:2](\[O:6][H:9])[H:10])[O:4][H:7].[O:13]([H:14])[H:15],[C:0](=[C:1](/[C:3]([H:11])([H:12])[H:14])[O:5][H:8])(\[C:2](=[O:6])[H:10])[O:4][H:7].[H:9][O:13][H:15],22.466722628491937,30.5509275169844,-7.6744741873805005
YQOMTCRIBSRYFH_24_0-cata_2,[C:0]1([C:3]([O:7][H:10])([H:14])[H:15])([O:5][H:8])[C:1]([O:6][H:9])([H:11])[C:2]([H:12])([H:13])[O:4]1.[O:16]([H:17])[H:18],[C:0]1([O:5][C:3]([O:7][H:10])([H:14])[H:15])([H:17])[C:1]([O:6][H:9])([H:11])[C:2]([H:12])([H:13])[O:4]1.[H:8][O:16][H:18],34.1860900505093,43.72297943154374,9.088432122370953
YQOMTCRIBSRYFH_37_0-cata_1,[C:0]1([C:3]([O:7][H:10])([H:14])[H:15])([O:5][H:8])[C:1]([O:6][H:9])([H:11])[C:2]([H:12])([H:13])[O:4]1.[O:16]([H:17])[H:18],[C:0]([C:1]([C:2]([O:4][H:17])([H:12])[H:13])([O:6][H:9])[H:11])([C:3]([O:7][H:10])([H:14])[H:15])=[O:5].[H:8][O:16][H:18],6.876876610544411,15.07340569953864,-12.027246653919693
YQOMTCRIBSRYFH_37_0-cata_2,[C:0]1([C:3]([O:7][H:10])([H:14])[H:15])([O:5][H:8])[C:1]([O:6][H:9])([H:11])[C:2]([H:12])([H:13])[O:4]1.[O:16]([H:17])[H:18],[C:0]([C:1]([C:2]([O:4][H:17])([H:12])[H:13])([O:6][H:9])[H:11])([C:3]([O:7][H:10])([H:14])[H:15])=[O:5].[H:8][O:16][H:18],8.357171521088024,16.688615152526985,-12.027246653919693
YQOMTCRIBSRYFH_37_0-cata_4,[C:0]1([C:3]([O:7][H:10])([H:14])[H:15])([O:5][H:8])[C:1]([O:6][H:9])([H:11])[C:2]([H:12])([H:13])[O:4]1.[O:16]([H:17])[H:18],[C:0]([C:1]([C:2]([O:4][H:17])([H:12])[H:13])([O:6][H:9])[H:11])([C:3]([O:7][H:10])([H:14])[H:15])=[O:5].[H:8][O:16][H:18],10.925567904524009,18.952041919019543,-12.027246653919693
YQOMTCRIBSRYFH_60_0-cata_0,[C:0]1([C:3]([O:7][H:10])([H:14])[H:15])([O:5][H:8])[C:1]([O:6][H:9])([H:11])[C:2]([H:12])([H:13])[O:4]1.[O:16]([H:17])[H:18],[C:0]1([C:3]([O:7][H:10])([H:14])[H:15])([O:5][H:8])[C:1]([H:11])=[C:2]([H:13])[O:4]1.[H:12][O:16][H:18].[O:6]([H:9])[H:17],54.2871018640529,62.09081000604015,11.542065009560236
CUNHAVWYFLUHTA_22_1-cata1_2,[C:0]([C:1]([C:2](=[C:3]([H:11])[H:12])[O:4][H:7])=[O:6])([O:5][H:8])([H:9])[H:10].[O:13]([H:14])[H:15],[C:0]([C:1]([C:2](=[C:3]([H:11])[H:12])[O:4][H:7])([O:6][H:14])[H:9])(=[O:5])[H:10].[H:8][O:13][H:15],28.683459244990893,37.93106674650664,3.4070267686424462
CUNHAVWYFLUHTA_22_2-cata2_4,[C:0]([C:1]([C:2](=[C:3]([H:11])[H:12])[O:4][H:7])=[O:6])([O:5][H:8])([H:9])[H:10].[O:13]([H:14])[H:15],[C:0](=[C:1](/[C:2](=[C:3]([H:11])[H:12])[O:4][H:7])[O:6][H:14])(\[O:5][H:8])[H:10].[H:9][O:13][H:15],32.94675878799937,42.99130335450055,4.387189292543047
XKQQPGULJNPMJY_14_1-cata2_1,[C:0](\[C:1](=[C:3]([H:7])[H:12])[O:5][H:8])(=[C:2](/[O:6][H:9])[H:10])[O:4][H:15].[H:11][O:13][H:14],[C:0]([C:1](=[C:3]([H:7])[H:12])[O:5][H:8])([C:2]([O:6][H:9])([H:10])[H:14])=[O:4].[H:11][O:13][H:15],27.77984556498943,36.475872215971,-4.387189292543047
XKQQPGULJNPMJY_14_3-cata2_2,[C:0](\[C:1](=[C:3]([H:11])[H:12])[O:5][H:8])(=[C:2](/[O:6][H:9])[H:10])[O:4][H:7].[O:13]([H:14])[H:15],[C:0]([C:1](=[C:3]([H:11])[H:12])[O:5][H:8])([C:2]([O:6][H:9])([H:10])[H:14])=[O:4].[H:7][O:13][H:15],29.296536026476826,38.20528839795635,-4.387189292543047
XKQQPGULJNPMJY_14_3-cata2_3,[C:0](\[C:1](=[C:3]([H:11])[H:12])[O:5][H:8])(=[C:2](/[O:6][H:9])[H:10])[O:4][H:7].[O:13]([H:14])[H:15],[C:0]([C:1](=[C:3]([H:11])[H:12])[O:5][H:8])([C:2]([O:6][H:9])([H:10])[H:14])=[O:4].[H:7][O:13][H:15],26.02219145546836,35.009382514463866,-4.387189292543047
XKQQPGULJNPMJY_56_0-cata_2,[C:0](\[C:1](=[C:3]([H:11])[H:12])[O:5][H:8])(=[C:2](\[O:6][H:9])[H:10])[O:4][H:7].[O:13]([H:14])[H:15],[C:0]([C:1](=[C:3]([H:11])[H:12])[O:5][H:7])([C:2]([O:6][H:9])([H:10])[H:14])=[O:4].[H:8][O:13][H:15],31.79904391247215,40.38713892947652,-4.387189292543047
CUNHAVWYFLUHTA_45_0-cata_1,[C:0]([C:1]([C:2](=[C:3]([H:11])[H:12])[O:4][H:7])=[O:6])([O:5][H:8])([H:9])[H:10].[O:13]([H:14])[H:15],[C:0]([C:1]([C:2]([C:3]([H:11])([H:12])[H:14])=[O:4])=[O:6])([O:5][H:8])([H:9])[H:10].[H:7][O:13][H:15],23.75311710349005,32.77231114701177,-9.791108986615653
CUNHAVWYFLUHTA_46_0-cata_2,[C:0]([C:1]([C:2](=[C:3]([H:11])[H:12])[O:4][H:7])=[O:6])([O:5][H:8])([H:9])[H:10].[O:13]([H:14])[H:15],[C:0]([C:1]([C:2]([C:3]([H:11])([H:12])[H:14])([O:4][H:7])[O:13][H:15])=[O:6])([O:5][H:8])([H:9])[H:10],31.401202889477847,42.83128843201218,-13.727294455066907
MNXDADQSMTZCJF_35_1-cata_0,[C:0]1([C:1]([C:3]([O:7][H:10])([H:14])[H:15])([O:6][H:9])[H:11])([O:5][H:17])[C:2]([H:12])([H:13])[O:4]1.[H:8][O:16][H:18],[C:0]1(=[O:4])[C:1]([O:6][H:9])([H:11])[C:3]([H:14])([H:15])[O:7][C:2]1([H:12])[H:13].[H:10][O:16][H:18].[O:5]([H:8])[H:17],22.13916266953421,34.18483503151247,-10.60133843212237
MNXDADQSMTZCJF_39_0-cata_0,[C:0]1([C:1]([C:3]([O:7][H:10])([H:14])[H:15])([O:6][H:9])[H:11])([O:5][H:8])[C:2]([H:12])([H:13])[O:4]1.[O:16]([H:17])[H:18],[C:0]1([C:2]([O:4][H:17])([H:12])[H:13])([O:5][H:8])[C:1]([C:3]([O:7][H:10])([H:14])[H:15])([H:11])[O:6]1.[H:9][O:16][H:18],12.258398082511894,20.98203515153076,12.808795411089863
MNXDADQSMTZCJF_39_0-cata_2,[C:0]1([C:1]([C:3]([O:7][H:10])([H:14])[H:15])([O:6][H:9])[H:11])([O:5][H:8])[C:2]([H:12])([H:13])[O:4]1.[O:16]([H:17])[H:18],[C:0]1([C:2]([O:4][H:17])([H:12])[H:13])([O:5][H:8])[C:1]([C:3]([O:7][H:10])([H:14])[H:15])([H:11])[O:6]1.[H:9][O:16][H:18],13.595620826988691,22.02244590254353,12.808795411089863
VPFHKTFZRJVREQ_11_0-cata_2,[C:0]1([C:2]([O:6][H:17])([H:12])[H:13])([O:5][H:8])[C:1]([C:3]([O:7][H:10])([H:14])[H:15])([H:11])[O:4]1.[H:9][O:16][H:18],[C:0]1([C:1]([C:3]([O:7][H:10])([H:14])[H:15])([O:4][H:17])[H:11])([O:5][H:8])[C:2]([H:12])([H:13])[O:6]1.[H:9][O:16][H:18],18.37849823604081,27.774825489002104,-12.808795411089863
VPFHKTFZRJVREQ_36_0-cata_0,[C:0]1([C:2]([O:6][H:9])([H:12])[H:13])([O:5][H:8])[C:1]([C:3]([O:7][H:10])([H:14])[H:15])([H:11])[O:4]1.[O:16]([H:17])[H:18],[C:0]1([C:1]([C:3]([O:7][H:10])([H:14])[H:15])([O:4][H:17])[H:11])([O:5][H:8])[C:2]([H:12])([H:13])[O:6]1.[H:9][O:16][H:18],16.617079069493577,24.58456719099536,-12.808795411089863
MNXDADQSMTZCJF_39_0-cata_3,[C:0]1([C:1]([C:3]([O:7][H:10])([H:14])[H:15])([O:6][H:18])[H:11])([O:5][H:8])[C:2]([H:12])([H:13])[O:4]1.[H:9][O:16][H:17],[C:0]([C:1]([C:3]([O:7][H:10])([H:14])[H:15])([O:6][H:18])[H:11])([C:2]([O:4][H:8])([H:12])[H:13])=[O:5].[H:9][O:16][H:17],18.760651521503384,28.739935099990984,-13.567638623326973
MNXDADQSMTZCJF_8_0-cata_3,[C:0]1([C:1]([C:3]([O:7][H:10])([H:14])[H:15])([O:6][H:9])[H:11])([O:5][H:17])[C:2]([H:12])([H:13])[O:4]1.[H:8][O:16][H:18],[C:0]([C:1]([C:3]([O:7][H:10])([H:14])[H:15])([O:6][H:9])[H:11])([C:2]([O:4][H:18])([H:12])[H:13])=[O:5].[H:8][O:16][H:17],4.334208116472131,14.2130901749992,-13.567638623326973
MNXDADQSMTZCJF_46_0-cata_3,[C:0]1([C:1]([C:3]([O:7][H:10])([H:14])[H:15])([O:6][H:9])[H:17])([O:5][H:8])[C:2]([H:12])([H:13])[O:4]1.[H:11][O:16][H:18],[C:0](=[C:1](\[C:3]([O:7][H:10])([H:14])[H:15])[O:6][H:9])(\[C:2]([O:4][H:18])([H:12])[H:13])[O:5][H:8].[H:11][O:16][H:17],15.431086114562998,26.447015387001542,-7.453871892925433
MNXDADQSMTZCJF_63_0-cata_0,[C:0]1([C:1]([C:3]([O:7][H:10])([H:14])[H:15])([O:6][H:9])[H:11])([O:5][H:8])[C:2]([H:12])([H:13])[O:4]1.[O:16]([H:17])[H:18],[C:0]([C:1]([C:3]([H:14])[H:15])([O:6][H:9])[H:11])([C:2]([O:7][H:10])([H:12])[H:13])([O:4])[O:5][H:8].[O:16]([H:17])[H:18],20.06336124356732,31.64467657550519,TCIT fails
SGQVXUFMUFDFRB_105_0-cata_0,[C:0]([C:1]([O:6][H:10])([H:13])[H:14])(/[C:2](=[C:3](\[O:7][H:11])[H:15])[O:5][H:9])([O:4][H:17])[H:12].[H:8][O:16][H:18],[C:0](\[C:1]([O:6][H:10])([H:13])[H:14])(=[C:2](\[C:3](=[O:7])[H:15])[O:5][H:9])[H:12].[H:11][O:16][H:18].[O:4]([H:8])[H:17],20.186980614969222,30.065235163997883,-0.8128585086042226
SGQVXUFMUFDFRB_13_1-cata_0,[C:0]([C:1]([O:6][H:10])([H:13])[H:14])(/[C:2](=[C:3](/[O:7][H:11])[H:15])[O:5][H:18])([O:4][H:9])[H:12].[H:8][O:16][H:17],[C:0]([C:1]([O:6][H:10])([H:13])[H:14])([C:2]([C:3]([O:7][H:11])([H:15])[H:17])=[O:5])([O:4][H:9])[H:12].[H:8][O:16][H:18],22.97375030449593,33.9972096909868,-10.579827915869998
SGQVXUFMUFDFRB_69_7-cata2_4,[C:0]([C:1]([O:6][H:17])([H:13])[H:14])(/[C:2](=[C:3](/[O:7][H:11])[H:15])[O:5][H:18])([O:4][H:8])[H:12].[H:9][O:16][H:10],[C:0]([C:1]([O:6][H:17])([H:13])[H:14])([C:2]([C:3]([O:7][H:11])([H:10])[H:15])=[O:5])([O:4][H:8])[H:12].[H:9][O:16][H:18],25.471865623966675,35.868443019970805,-10.579827915869998
SGQVXUFMUFDFRB_69_8-cata2_1,[C:0]([C:1]([O:6][H:10])([H:13])[H:14])(/[C:2](=[C:3](/[O:7][H:9])[H:15])[O:5][H:18])([O:4][H:8])[H:12].[H:11][O:16][H:17],[C:0]([C:1]([O:6][H:10])([H:13])[H:14])([C:2]([C:3]([O:7][H:9])([H:15])[H:17])=[O:5])([O:4][H:8])[H:12].[H:11][O:16][H:18],30.847739510448417,39.50423306299412,-10.579827915869998
SGQVXUFMUFDFRB_69_8-cata2_2,[C:0]([C:1]([O:6][H:10])([H:13])[H:14])(/[C:2](=[C:3](/[O:7][H:11])[H:15])[O:5][H:9])([O:4][H:8])[H:12].[O:16]([H:17])[H:18],[C:0]([C:1]([O:6][H:10])([H:13])[H:14])([C:2]([C:3]([O:7][H:11])([H:15])[H:17])=[O:5])([O:4][H:8])[H:12].[H:9][O:16][H:18],27.296663249996577,37.33305019298268,-10.579827915869998
SGQVXUFMUFDFRB_55_0-cata_0,[C:0]([C:1]([O:6][H:10])([H:13])[H:14])(/[C:2](=[C:3](\[O:7][H:11])[H:15])[O:5][H:9])([O:4][H:8])[H:12].[O:16]([H:17])[H:18],[C:0]1([O:4][H:8])([H:12])[C:1]([H:13])([H:14])[C:2]1([C:3](=[O:7])[H:15])[O:5][H:9].[H:11][O:16][H:18].[O:6]([H:10])[H:17],33.53097013252251,42.95867286047592,10.179493307839362
SGQVXUFMUFDFRB_5_1-cata_2,[C:0]([C:1]([O:6][H:10])([H:13])[H:14])(/[C:2](=[C:3](\[O:7][H:11])[H:15])[O:5][H:9])([O:4][H:8])[H:12].[O:16]([H:17])[H:18],[C:0]([C:1]([O:6][H:10])([H:13])[H:14])([C:2]([C:3](=[O:7])[H:15])([O:5][H:9])[H:17])([O:4][H:8])[H:12].[H:11][O:16][H:18],30.365812214452397,39.519920800454514,-6.705544933078404
SGQVXUFMUFDFRB_5_6-cata2_3,[C:0]([C:1]([O:6][H:10])([H:13])[H:14])(/[C:2](=[C:3](\[O:7][H:11])[H:15])[O:5][H:9])([O:4][H:8])[H:12].[O:16]([H:17])[H:18],[C:0]([C:1]([O:6][H:10])([H:13])[H:14])([C:2]([C:3](=[O:7])[H:15])([O:5][H:9])[H:17])([O:4][H:8])[H:12].[H:11][O:16][H:18],31.765158399486364,40.73477919245489,-6.705544933078404
SGQVXUFMUFDFRB_73_0-cata_3,[C:0]([C:1]([O:6][H:10])([H:13])[H:14])(/[C:2](=[C:3](/[O:7][H:11])[H:15])[O:5][H:9])([O:4][H:8])[H:12].[O:16]([H:17])[H:18],[C:0]([C:1]([O:6][H:10])([H:13])[H:14])([C:2]([C:3](=[O:7])[H:15])([O:5][H:9])[H:17])([O:4][H:8])[H:12].[H:11][O:16][H:18],36.994195062982136,44.853124040972645,-6.705544933078404
SGQVXUFMUFDFRB_73_0-cata_4,[C:0]([C:1]([O:6][H:10])([H:13])[H:14])(/[C:2](=[C:3](/[O:7][H:11])[H:15])[O:5][H:9])([O:4][H:8])[H:12].[O:16]([H:17])[H:18],[C:0]([C:1]([O:6][H:10])([H:13])[H:14])([C:2]([C:3](=[O:7])[H:15])([O:5][H:9])[H:17])([O:4][H:8])[H:12].[H:11][O:16][H:18],36.55556592244813,44.257617525478025,-6.705544933078404
SGQVXUFMUFDFRB_74_1-cata_1,[C:0]([C:1]([O:6][H:10])([H:13])[H:14])(/[C:2](=[C:3](\[O:7][H:11])[H:15])[O:5][H:9])([O:4][H:8])[H:12].[O:16]([H:17])[H:18],[C:0]([C:1]([O:6][H:10])([H:13])[H:14])([C:2]([C:3](=[O:7])[H:15])([O:5][H:9])[H:17])([O:4][H:8])[H:12].[H:11][O:16][H:18],35.10099890148224,42.45227269397035,-6.705544933078404
SGQVXUFMUFDFRB_74_5-cata1_4,[C:0]([C:1]([O:6][H:10])([H:13])[H:14])(/[C:2](=[C:3](\[O:7][H:8])[H:15])[O:5][H:9])([O:4][H:11])[H:12].[O:16]([H:17])[H:18],[C:0]([C:1]([O:6][H:10])([H:13])[H:14])([C:2]([C:3](=[O:7])[H:15])([O:5][H:9])[H:17])([O:4][H:8])[H:12].[H:11][O:16][H:18],32.67128211748149,40.18821841797937,-6.705544933078404
SGQVXUFMUFDFRB_69_0-cata_4,[C:0]([C:1]([O:6][H:10])([H:13])[H:14])(/[C:2](=[C:3](/[O:7][H:11])[H:15])[O:5][H:9])([O:4][H:8])[H:12].[O:16]([H:17])[H:18],[C:0](=[C:2](\[C:3]([O:7][H:11])([H:15])[H:17])[O:5][H:9])(\[O:4][H:8])[H:12].[C:1](=[O:6])([H:13])[H:14].[H:10][O:16][H:18],31.421910702925565,38.49457027747505,23.61591778202676
SGQVXUFMUFDFRB_69_2-cata1_1,[C:0]([C:1]([O:6][H:10])([H:13])[H:14])(/[C:2](=[C:3](/[O:7][H:11])[H:15])[O:5][H:9])([O:4][H:8])[H:12].[O:16]([H:17])[H:18],[C:0]([C:1]([O:6][H:10])([H:13])[H:14])([C:2]([C:3]([O:7][H:11])([H:15])[H:17])[O:5][H:9])([O:4])[H:12].[H:8][O:16][H:18],34.83305234501669,41.596977245489576,TCIT fails
SGQVXUFMUFDFRB_71_0-cata_0,[C:0]([C:1]([O:6][H:10])([H:13])[H:14])(/[C:2](=[C:3](/[O:7][H:11])[H:15])[O:5][H:9])([O:4][H:8])[H:12].[O:16]([H:17])[H:18],[C:0]1([O:4][H:8])([H:12])[C:1]([H:13])([H:14])[O:6][C:2]1([C:3]([O:7][H:11])([H:15])[H:17])[O:5][H:9].[H:10][O:16][H:18],30.01377938498512,40.842710826467744,1.4474187380496955
VPFHKTFZRJVREQ_10_0-cata_0,[C:0]1([C:2]([O:6][H:9])([H:12])[H:13])([O:5][H:8])[C:1]([C:3]([O:7][H:10])([H:14])[H:15])([H:11])[O:4]1.[O:16]([H:17])[H:18],[C:0]([C:1]([C:3]([O:7][H:10])([H:14])[H:15])([O:4][H:17])[H:11])([C:2]([O:6][H:9])([H:12])[H:13])=[O:5].[H:8][O:16][H:18],7.156745847479865,16.155232077446854,-26.376434034416835
VPFHKTFZRJVREQ_10_0-cata_1,[C:0]1([C:2]([O:6][H:9])([H:12])[H:13])([O:5][H:8])[C:1]([C:3]([O:7][H:10])([H:14])[H:15])([H:11])[O:4]1.[O:16]([H:17])[H:18],[C:0]([C:1]([C:3]([O:7][H:10])([H:14])[H:15])([O:4][H:17])[H:11])([C:2]([O:6][H:9])([H:12])[H:13])=[O:5].[H:8][O:16][H:18],9.988068711465418,18.886780930970296,-26.376434034416835
VPFHKTFZRJVREQ_10_0-cata_3,[C:0]1([C:2]([O:6][H:9])([H:12])[H:13])([O:5][H:8])[C:1]([C:3]([O:7][H:10])([H:14])[H:15])([H:11])[O:4]1.[O:16]([H:17])[H:18],[C:0]([C:1]([C:3]([O:7][H:10])([H:14])[H:15])([O:4][H:17])[H:11])([C:2]([O:6][H:9])([H:12])[H:13])=[O:5].[H:8][O:16][H:18],10.641306101028302,18.135652059511884,-26.376434034416835
VPFHKTFZRJVREQ_10_0-cata_4,[C:0]1([C:2]([O:6][H:9])([H:12])[H:13])([O:5][H:8])[C:1]([C:3]([O:7][H:10])([H:14])[H:15])([H:11])[O:4]1.[O:16]([H:17])[H:18],[C:0]([C:1]([C:3]([O:7][H:10])([H:14])[H:15])([O:4][H:17])[H:11])([C:2]([O:6][H:9])([H:12])[H:13])=[O:5].[H:8][O:16][H:18],13.255510677991312,21.20668355246295,-26.376434034416835
VPFHKTFZRJVREQ_14_0-cata_0,[C:0]1([C:2]([O:6][H:9])([H:12])[H:13])([O:5][H:8])[C:1]([C:3]([O:7][H:10])([H:14])[H:15])([H:11])[O:4]1.[O:16]([H:17])[H:18],[C:0]([C:1]([C:3]([O:7][H:8])([H:14])[H:15])([O:4][H:17])[H:11])([C:2]([O:6][H:9])([H:12])[H:13])=[O:5].[H:10][O:16][H:18],5.125497595971825,13.18899467094523,-26.376434034416835
VPFHKTFZRJVREQ_57_0-cata_1,[C:0]1([C:2]([O:6][H:9])([H:12])[H:13])([O:5][H:8])[C:1]([C:3]([O:7][H:10])([H:14])[H:15])([H:11])[O:4]1.[O:16]([H:17])[H:18],[C:0]([C:2]([O:6][H:9])([H:12])[H:13])([O:4][C:1](=[C:3]([H:14])[H:15])[H:11])=[O:5].[O:16]([H:17])[H:18].[O:7]([H:8])[H:10],32.07640311148528,39.08066415049343,-23.618307839388162
XKQQPGULJNPMJY_14_1-cata1_4,[C:0](\[C:1](=[C:3]([H:12])[H:14])[O:5][H:8])(=[C:2](\[O:6][H:9])[H:10])[O:4][H:7].[H:11][O:13][H:15],[C:0]([C:1]([C:3]([H:11])([H:12])[H:14])[O:5][H:8])([C:2]([O:6][H:9])[H:10])=[O:4].[H:7][O:13][H:15],20.298677306008248,28.64706369397577,TCIT fails
XKQQPGULJNPMJY_31_2-cata1_2,[C:0](\[C:1](=[C:3]([H:11])[H:12])[O:5][H:8])(=[C:2](\[O:6][H:9])[H:10])[O:4][H:14].[H:7][O:13][H:15],[C:0]([C:1]([C:3]([H:11])([H:12])[H:14])[O:5][H:8])([C:2]([O:6][H:9])[H:10])=[O:4].[H:7][O:13][H:15],28.31385614949664,36.43131904147647,TCIT fails
XKQQPGULJNPMJY_52_0-cata_0,[C:0](\[C:1](=[C:3]([H:11])[H:12])[O:5][H:8])(=[C:2](/[O:6][H:9])[H:10])[O:4][H:14].[H:7][O:13][H:15],[C:0]([C:1]([C:3]([H:11])([H:12])[H:14])[O:5][H:8])([C:2]([O:6][H:9])[H:10])=[O:4].[H:7][O:13][H:15],17.245216079012824,26.658486088467008,TCIT fails
XKQQPGULJNPMJY_14_2-cata2_3,[C:0](\[C:1](=[C:3]([H:11])[H:12])[O:5][H:8])(=[C:2](\[O:6][H:9])[H:10])[O:4][H:7].[O:13]([H:14])[H:15],[C:0]([C:1]([C:3]([H:11])[H:12])=[O:5])([C:2]([O:6][H:9])([H:10])[H:14])[O:4][H:7].[H:8][O:13][H:15],31.06234775951297,39.72072384048258,TCIT fails
XKQQPGULJNPMJY_18_0-cata_0,[C:0](\[C:1](=[C:3]([H:11])[H:12])[O:5][H:8])(=[C:2](\[O:6][H:9])[H:10])[O:4][H:7].[O:13]([H:14])[H:15],[C:0]([C:1](=[C:3]([H:11])[H:12])[O:5][H:8])([C:2](=[O:6])[H:10])([O:4][H:7])[H:14].[H:9][O:13][H:15],28.658358865018595,37.16864270396973,-0.9801625239006005
XKQQPGULJNPMJY_18_0-cata_1,[C:0](\[C:1](=[C:3]([H:11])[H:12])[O:5][H:8])(=[C:2](\[O:6][H:15])[H:10])[O:4][H:7].[H:9][O:13][H:14],[C:0]([C:1](=[C:3]([H:11])[H:12])[O:5][H:8])([C:2](=[O:6])[H:10])([O:4][H:7])[H:14].[H:9][O:13][H:15],27.15798365049001,36.14580221898393,-0.9801625239006005
XKQQPGULJNPMJY_19_3-cata1_1,[C:0](\[C:1](=[C:3]([H:11])[H:12])[O:5][H:14])(=[C:2](\[O:6][H:8])[H:10])[O:4][H:7].[H:9][O:13][H:15],[C:0]([C:1](=[C:3]([H:11])[H:12])[O:5][H:14])([C:2](=[O:6])[H:10])([O:4][H:7])[H:9].[H:8][O:13][H:15],30.53649479848517,39.13714000545786,-0.9801625239006005
XKQQPGULJNPMJY_19_1-cata1_3,[C:0](\[C:1](=[C:3]([H:12])[H:14])[O:5][H:8])(=[C:2](\[O:6][H:15])[H:10])[O:4][H:7].[H:9][O:13][H:11],[C:0](=[C:1](/[C:3]([H:11])([H:12])[H:14])[O:5][H:8])(\[C:2](=[O:6])[H:10])[O:4][H:7].[H:9][O:13][H:15],19.801062272480493,28.00449396595729,-7.6744741873805005
XKQQPGULJNPMJY_31_0-cata_0,[C:0](\[C:1](=[C:3]([H:11])[H:12])[O:5][H:8])(=[C:2](\[O:6][H:9])[H:10])[O:4][H:7].[O:13]([H:14])[H:15],[C:0](=[C:1](/[C:3]([H:11])([H:12])[H:14])[O:5][H:8])(\[C:2](=[O:6])[H:10])[O:4][H:7].[H:9][O:13][H:15],18.757513973975637,27.47864100496516,-7.6744741873805005
XKQQPGULJNPMJY_31_3-cata1_1,[C:0](\[C:1](=[C:3]([H:11])[H:12])[O:5][H:14])(=[C:2](/[O:6][H:7])[H:10])[O:4][H:9].[H:8][O:13][H:15],[C:0](=[C:1](/[C:3]([H:9])([H:11])[H:12])[O:5][H:14])(\[C:2](=[O:6])[H:10])[O:4][H:7].[H:8][O:13][H:15],28.841591639019683,34.974241982481246,-7.6744741873805005
XKQQPGULJNPMJY_34_0-cata_0,[C:0](\[C:1](=[C:3]([H:11])[H:12])[O:5][H:8])(=[C:2](\[O:6][H:9])[H:10])[O:4][H:7].[O:13]([H:14])[H:15],[C:0](=[C:1](\[C:3]([H:11])([H:12])[H:14])[O:5][H:8])(\[C:2](=[O:6])[H:10])[O:4][H:7].[H:9][O:13][H:15],7.323663374486476,15.988314550475913,-7.6744741873805005
XKQQPGULJNPMJY_60_0-cata_1,[C:0](\[C:1](=[C:3]([H:11])[H:12])[O:5][H:8])(=[C:2](\[O:6][H:9])[H:10])[O:4][H:7].[O:13]([H:14])[H:15],[C:0](=[C:1](/[C:3]([H:11])([H:12])[H:14])[O:5][H:8])(\[C:2](=[O:6])[H:10])[O:4][H:7].[H:9][O:13][H:15],22.466722628491937,30.5509275169844,-7.6744741873805005
XKQQPGULJNPMJY_4_0-cata_4,[C:0](\[C:1](=[C:3]([H:12])[H:14])[O:5][H:8])(=[C:2](\[O:6][H:9])[H:10])[O:4][H:7].[H:11][O:13][H:15],[C:0](\[C:1]([C:3]([H:11])([H:12])[H:14])=[O:5])(=[C:2](\[O:6][H:9])[H:10])[O:4][H:7].[H:8][O:13][H:15],12.250867968495236,21.0209407404682,-9.791108986615681
XKQQPGULJNPMJY_50_0-cata_1,[C:0](\[C:1](=[C:3]([H:11])[H:12])[O:5][H:8])(=[C:2](\[O:6][H:9])[H:10])[O:4][H:7].[O:13]([H:14])[H:15],[C:0](\[C:1]([C:3]([H:11])([H:12])[H:14])=[O:5])(=[C:2](\[O:6][H:9])[H:10])[O:4][H:8].[H:7][O:13][H:15],30.44174086397471,38.461939783486095,-9.791108986615681
XKQQPGULJNPMJY_56_0-cata_4,[C:0](\[C:1](=[C:3]([H:11])[H:12])[O:5][H:8])(=[C:2](/[O:6][H:9])[H:10])[O:4][H:7].[O:13]([H:14])[H:15],[C:0](\[C:1]([C:3]([H:11])([H:12])[H:14])=[O:5])(=[C:2](/[O:6][H:9])[H:10])[O:4][H:7].[H:8][O:13][H:15],19.523075564004618,27.375729446975303,-9.791108986615681
XKQQPGULJNPMJY_4_2-cata_0,[C:0](\[C:1](=[C:3]([H:12])[H:14])[O:5][H:8])(=[C:2](\[O:6][H:9])[H:10])[O:4][H:7].[H:11][O:13][H:15],[C:0](=[C:1]=[C:3]([H:12])[H:14])([C:2](=[O:6])[H:10])[O:4][H:7].[H:11][O:13][H:15].[O:5]([H:8])[H:9],31.572512982973368,38.94512209847895,24.153919694072645
YQOMTCRIBSRYFH_15_1-cata_1,[C:0]1([C:3]([O:7][H:10])([H:14])[H:15])([O:5][H:8])[C:1]([O:6][H:9])([H:17])[C:2]([H:12])([H:13])[O:4]1.[H:11][O:16][H:18],[C:0]([C:1]([C:2]([O:4][H:8])([H:12])[H:13])([O:6][H:9])[H:17])([C:3]([O:7][H:10])([H:14])[H:15])=[O:5].[H:11][O:16][H:18],30.680821983584483,37.71834102600867,-12.027246653919693
YQOMTCRIBSRYFH_36_0-cata_1,[C:0]1([C:3]([O:7][H:10])([H:14])[H:15])([O:5][H:8])[C:1]([O:6][H:9])([H:11])[C:2]([H:12])([H:13])[O:4]1.[O:16]([H:17])[H:18],[C:0]([C:1]([C:2]([O:4][H:17])([H:12])[H:13])([O:6])[H:11])([C:3]([O:7][H:10])([H:14])[H:15])[O:5][H:8].[H:9][O:16][H:18],26.03850670253417,36.241811172526894,TCIT fails
CUNHAVWYFLUHTA_22_1_0,[C:0]([C:1]([C:2](=[C:3]([H:11])[H:12])[O:4][H:7])=[O:6])([O:5][H:8])([H:9])[H:10],[C:0]([C:1]([C:2](=[C:3]([H:11])[H:12])[O:4][H:7])([O:6][H:8])[H:9])(=[O:5])[H:10],47.61981342647871,45.52706924401892,3.4070267686424462
CUNHAVWYFLUHTA_22_1_1,[C:0]([C:1]([C:2](=[C:3]([H:11])[H:12])[O:4][H:7])=[O:6])([O:5][H:8])([H:9])[H:10],[C:0]([C:1]([C:2](=[C:3]([H:11])[H:12])[O:4][H:7])([O:6][H:8])[H:9])(=[O:5])[H:10],47.09145042749291,44.656086058006416,3.4070267686424462
CUNHAVWYFLUHTA_22_1_3,[C:0]([C:1]([C:2](=[C:3]([H:11])[H:12])[O:4][H:7])=[O:6])([O:5][H:8])([H:9])[H:10],[C:0]([C:1]([C:2](=[C:3]([H:11])[H:12])[O:4][H:7])([O:6][H:8])[H:9])(=[O:5])[H:10],44.35676402651306,41.95967773650126,3.4070267686424462
CUNHAVWYFLUHTA_23_4_0,[C:0]([C:1]([C:2](=[C:3]([H:11])[H:12])[O:4][H:7])=[O:6])([O:5][H:8])([H:9])[H:10],[C:0](=[C:1](/[C:2](=[C:3]([H:11])[H:12])[O:4][H:7])[O:6][H:8])(\[O:5][H:9])[H:10],56.67728554951079,56.27128690300141,4.387189292543034
CUNHAVWYFLUHTA_25_0_1,[C:0]([C:1]([C:2](=[C:3]([H:11])[H:12])[O:4][H:7])=[O:6])([O:5][H:8])([H:9])[H:10],[C:0]1([O:5][H:8])([H:10])[C:1](=[O:6])[C:2]1([C:3]([H:9])([H:11])[H:12])[O:4][H:7],67.257095719516,65.10160058700063,-4.283460803059266
CUNHAVWYFLUHTA_2_0_2,[C:0]([C:1]([C:2](=[C:3]([H:11])[H:12])[O:4][H:7])=[O:6])([O:5][H:8])([H:9])[H:10],[C:0]([C:2]1([O:4][H:7])[C:1](=[O:6])[C:3]1([H:11])[H:12])([O:5][H:8])([H:9])[H:10],88.43616885401299,85.48687420400427,-1.0697896749521987
CUNHAVWYFLUHTA_40_1_1,[C:0]([C:1]([C:2](=[C:3]([H:11])[H:12])[O:4][H:7])=[O:6])([O:5][H:8])([H:9])[H:10],[C:0]([C:1]1([O:6][H:7])[C:2](=[C:3]([H:11])[H:12])[O:4]1)([O:5][H:8])([H:9])[H:10],45.048279495514976,44.85375155050673,18.320745697896747
CUNHAVWYFLUHTA_46_0_1,[C:0]([C:1]([C:2](=[C:3]([H:11])[H:12])[O:4][H:7])=[O:6])([O:5][H:8])([H:9])[H:10],[C:0]1([H:9])([H:10])[C:1](=[O:6])[C:2]([C:3]([H:8])([H:11])[H:12])([O:4][H:7])[O:5]1,60.24906962351736,57.82813797253009,5.358508604206505
CUNHAVWYFLUHTA_47_0_1,[C:0]([C:1]([C:2](=[C:3]([H:11])[H:12])[O:4][H:7])=[O:6])([O:5][H:8])([H:9])[H:10],[C:0]1([H:9])([H:10])[C:1](=[O:6])[C:2]([O:4][H:7])([H:8])[C:3]([H:11])([H:12])[O:5]1,70.81444707498767,70.90857349999972,-6.107074569789666
CUNHAVWYFLUHTA_4_0_0,[C:0]([C:1]([C:2](=[C:3]([H:11])[H:12])[O:4][H:7])=[O:6])([O:5][H:8])([H:9])[H:10],[C:0]([C:2]([C:1]([O:4][H:7])=[O:6])=[C:3]([H:11])[H:12])([O:5][H:8])([H:9])[H:10],83.86036958000876,80.82008605251573,-17.332695984703626
CUNHAVWYFLUHTA_72_0_0,[C:0]([C:1]([C:2](=[C:3]([H:11])[H:12])[O:4][H:7])=[O:6])([O:5][H:8])([H:9])[H:10],[C:0]1([O:5][H:8])([H:10])/[C:1](=[C:2](\[C:3]([H:9])([H:11])[H:12])[O:4][H:7])[O:6]1,72.35937546401078,69.87443784400676,TCIT fails
MNXDADQSMTZCJF_22_0_1,[C:0]1([C:1]([C:3]([O:7][H:10])([H:14])[H:15])([O:6][H:9])[H:11])([O:5][H:8])[C:2]([H:12])([H:13])[O:4]1,[C:0]([C:1]([C:3]([O:7][H:10])([H:14])[H:15])([O:6][H:9])[H:11])([O:4][C:2]([H:8])([H:12])[H:13])=[O:5],64.47848365350438,60.82575085398817,-19.72920650095603
MNXDADQSMTZCJF_33_0_1,[C:0]1([C:1]([C:3]([O:7][H:10])([H:14])[H:15])([O:6][H:9])[H:11])([O:5][H:8])[C:2]([H:12])([H:13])[O:4]1,[C:0]([C:1]([C:3]([O:7][H:10])([H:14])[H:15])([O:6][H:9])[H:11])([C:2](=[O:4])[H:13])([O:5][H:8])[H:12],33.93885130752713,30.79063614598558,-9.693355640535376
MNXDADQSMTZCJF_37_0_1,[C:0]1([C:1]([C:3]([O:7][H:10])([H:14])[H:15])([O:6][H:9])[H:11])([O:5][H:8])[C:2]([H:12])([H:13])[O:4]1,[C:0]([C:1]([C:3]([O:7][H:10])([H:14])[H:15])([O:6][H:9])[H:11])([C:2]([O:4][H:8])([H:12])[H:13])=[O:5],35.653207261514844,32.98001679148674,-13.567638623326973
MNXDADQSMTZCJF_37_0_2,[C:0]1([C:1]([C:3]([O:7][H:10])([H:14])[H:15])([O:6][H:9])[H:11])([O:5][H:8])[C:2]([H:12])([H:13])[O:4]1,[C:0]([C:1]([C:3]([O:7][H:10])([H:14])[H:15])([O:6][H:9])[H:11])([C:2]([O:4][H:8])([H:12])[H:13])=[O:5],31.162121770010756,29.62409598550589,-13.567638623326973
MNXDADQSMTZCJF_37_0_3,[C:0]1([C:1]([C:3]([O:7][H:10])([H:14])[H:15])([O:6][H:9])[H:11])([O:5][H:8])[C:2]([H:12])([H:13])[O:4]1,[C:0]([C:1]([C:3]([O:7][H:10])([H:14])[H:15])([O:6][H:9])[H:11])([C:2]([O:4][H:8])([H:12])[H:13])=[O:5],29.9880514955144,28.60627557650741,-13.567638623326973
SGQVXUFMUFDFRB_111_0_2,[C:0]([C:1]([O:6][H:10])([H:13])[H:14])(/[C:2](=[C:3](/[O:7][H:11])[H:15])[O:5][H:9])([O:4][H:8])[H:12],[C:0](\[C:1]([O:6][H:10])([H:13])[H:14])(=[C:2](\[C:3](=[O:7])[H:15])[O:5][H:9])[O:4][H:8].[H:11][H:12],89.93717157800432,83.39475753097155,11.464388145315457
SGQVXUFMUFDFRB_111_0_3,[C:0]([C:1]([O:6][H:10])([H:13])[H:14])(/[C:2](=[C:3](/[O:7][H:11])[H:15])[O:5][H:9])([O:4][H:8])[H:12],[C:0](\[C:1]([O:6][H:10])([H:13])[H:14])(=[C:2](/[C:3](=[O:7])[H:15])[O:5][H:9])[O:4][H:8].[H:11][H:12],92.64989514650397,86.05414279199884,11.464388145315457
SGQVXUFMUFDFRB_59_0_0,[C:0]([C:1]([O:6][H:10])([H:13])[H:14])(/[C:2](=[C:3](/[O:7][H:11])[H:15])[O:5][H:9])([O:4][H:8])[H:12],[C:0]([C:1]([O:5][H:9])([O:6][H:10])[H:14])(/[C:2](=[C:3](/[O:7][H:11])[H:15])[H:13])([O:4][H:8])[H:12],93.92248441250126,88.88923071297489,-4.583413001912051
SGQVXUFMUFDFRB_5_3_0,[C:0]([C:1]([O:6][H:10])([H:13])[H:14])(/[C:2](=[C:3](/[O:7][H:11])[H:15])[O:5][H:9])([O:4][H:8])[H:12],[C:0](\[C:1]([O:6][H:10])([H:13])[H:14])(=[C:2](/[C:3]([O:7][H:11])([H:8])[H:15])[O:5][H:9])[O:4][H:12],62.54889194098937,57.21317866247757,-4.46606118546846
SGQVXUFMUFDFRB_69_2_0,[C:0]([C:1]([O:6][H:10])([H:13])[H:14])(/[C:2](=[C:3](/[O:7][H:11])[H:15])[O:5][H:9])([O:4][H:8])[H:12],[C:0]([C:1]([O:6][H:10])([H:13])[H:14])([C:2]([C:3]([O:7][H:11])([H:8])[H:15])([O:5][H:9])[H:12])=[O:4],62.54889194098937,57.21317866247757,-10.579827915869998
SGQVXUFMUFDFRB_69_7_2,[C:0]([C:1]([O:6][H:10])([H:13])[H:14])(/[C:2](=[C:3](/[O:7][H:11])[H:15])[O:5][H:9])([O:4][H:8])[H:12],[C:0]([C:1]([O:6][H:9])([H:13])[H:14])([C:2]([C:3]([O:7][H:11])([H:10])[H:15])=[O:5])([O:4][H:8])[H:12],51.18406738646861,49.01727708298176,-10.579827915869998
SGQVXUFMUFDFRB_99_0_0,[C:0]([C:1]([O:6][H:10])([H:13])[H:14])(/[C:2](=[C:3](/[O:7][H:11])[H:15])[O:5][H:9])([O:4][H:8])[H:12],[C:0]1([C:1]([O:6][H:10])([H:13])[H:14])([H:12])[C:2](=[O:5])[C:3]1([O:7][H:11])[H:15].[O:4]([H:8])[H:9],42.93545500899887,40.13927267699594,13.644837476099406
VPFHKTFZRJVREQ_26_0_2,[C:0]1([C:2]([O:6][H:9])([H:12])[H:13])([O:5][H:8])[C:1]([C:3]([O:7][H:10])([H:14])[H:15])([H:11])[O:4]1,[C:0]([C:1](=[O:4])[H:11])([C:2]([O:6][H:9])([H:12])[H:13])([C:3]([O:7][H:10])([H:14])[H:15])[O:5][H:8],34.91086352299858,32.01427967099945,-21.222275334608025
VPFHKTFZRJVREQ_28_1_0,[C:0]1([C:2]([O:6][H:9])([H:12])[H:13])([O:5][H:8])[C:1]([C:3]([O:7][H:10])([H:14])[H:15])([H:11])[O:4]1,[C:0]([C:1]([C:3]([O:7][H:10])([H:14])[H:15])([O:4][H:8])[H:11])([C:2]([O:6][H:9])([H:12])[H:13])=[O:5],41.20227377002302,37.11593190599581,-26.376434034416835
XKQQPGULJNPMJY_10_0_0,[C:0](\[C:1](=[C:3]([H:11])[H:12])[O:5][H:8])(=[C:2](/[O:6][H:9])[H:10])[O:4][H:7],[C:0]1([O:4][H:7])=[C:1]([O:5][H:8])[C:3]([H:11])([H:12])[C:2]1([O:6][H:9])[H:10],36.562468527002046,36.45077183599869,-4.772944550669222
XKQQPGULJNPMJY_10_0_1,[C:0](\[C:1](=[C:3]([H:11])[H:12])[O:5][H:8])(=[C:2](\[O:6][H:9])[H:10])[O:4][H:7],[C:0]1([O:4][H:7])=[C:1]([O:5][H:8])[C:3]([H:11])([H:12])[C:2]1([O:6][H:9])[H:10],47.85136443200048,47.47423122248957,-4.772944550669222
XKQQPGULJNPMJY_10_0_2,[C:0](\[C:1](=[C:3]([H:11])[H:12])[O:5][H:8])(=[C:2](\[O:6][H:9])[H:10])[O:4][H:7],[C:0]1([O:4][H:7])=[C:1]([O:5][H:8])[C:3]([H:11])([H:12])[C:2]1([O:6][H:9])[H:10],50.493806936499205,49.711930099475744,-4.772944550669222
XKQQPGULJNPMJY_11_0_2,[C:0](\[C:1](=[C:3]([H:11])[H:12])[O:5][H:8])(=[C:2](\[O:6][H:9])[H:10])[O:4][H:7],[C:0](=[C:1]=[C:3]([H:11])[H:12])([C:2]([O:5][H:8])([O:6][H:9])[H:10])[O:4][H:7],70.41409601399971,67.78922377549229,18.180210325047796
XKQQPGULJNPMJY_58_0_1,[C:0](\[C:1](=[C:3]([H:11])[H:12])[O:5][H:8])(=[C:2](\[O:6][H:9])[H:10])[O:4][H:7],[C:0](=[C:1](\[C:3]([H:9])([H:11])[H:12])[O:5][H:8])(\[C:2](=[O:6])[H:10])[O:4][H:7],16.576918461487963,14.246975687984987,-7.6744741873805005
YQOMTCRIBSRYFH_15_2_0,[C:0]1([C:3]([O:7][H:10])([H:14])[H:15])([O:5][H:8])[C:1]([O:6][H:9])([H:11])[C:2]([H:12])([H:13])[O:4]1,[C:0]1([C:1]([C:2]([O:4][H:10])([H:12])[H:13])([O:6][H:9])[H:11])([O:5][H:8])[C:3]([H:14])([H:15])[O:7]1,39.48729030650123,36.423161417997065,1.5403919694072776
YQOMTCRIBSRYFH_37_0_0,[C:0]1([C:3]([O:7][H:10])([H:14])[H:15])([O:5][H:8])[C:1]([O:6][H:9])([H:11])[C:2]([H:12])([H:13])[O:4]1,[C:0]([C:1]([C:2]([O:4][H:8])([H:12])[H:13])([O:6][H:9])[H:11])([C:3]([O:7][H:10])([H:14])[H:15])=[O:5],38.9444945890162,35.25160118149438,-12.027246653919693
YQOMTCRIBSRYFH_37_0_1,[C:0]1([C:3]([O:7][H:10])([H:14])[H:15])([O:5][H:8])[C:1]([O:6][H:9])([H:11])[C:2]([H:12])([H:13])[O:4]1,[C:0]([C:1]([C:2]([O:4][H:8])([H:12])[H:13])([O:6][H:9])[H:11])([C:3]([O:7][H:10])([H:14])[H:15])=[O:5],37.48992756801464,34.2519785480213,-12.027246653919693
CUNHAVWYFLUHTA_2_2_1,[C:0]([C:1]([C:2](=[C:3]([H:11])[H:12])[O:4][H:7])=[O:6])([O:5][H:8])([H:9])[H:10],[C:0]([C:1]1([O:6][H:7])[C:2](=[O:4])[C:3]1([H:11])[H:12])([O:5][H:8])([H:9])[H:10],38.11367201100931,38.6602327855205,-1.0697896749521987
CUNHAVWYFLUHTA_2_2_2,[C:0]([C:1]([C:2](=[C:3]([H:11])[H:12])[O:4][H:7])=[O:6])([O:5][H:8])([H:9])[H:10],[C:0]([C:1]1([O:6][H:7])[C:2](=[O:4])[C:3]1([H:11])[H:12])([O:5][H:8])([H:9])[H:10],38.49080522048455,39.12145226799746,-1.0697896749521987
CUNHAVWYFLUHTA_82_1_2,[C:0]([C:1]([C:2](=[C:3]([H:11])[H:12])[O:4][H:7])=[O:6])([O:5][H:8])([H:9])[H:10],[C:0]([C:1]([C:2](=[C:3]([H:11])[H:12])[O:4][H:7])([O:6][H:8])[H:9])(=[O:5])[H:10],44.35676402651306,41.95967773650126,3.4070267686424462
MNXDADQSMTZCJF_17_1_1,[C:0]1([C:1]([C:3]([O:7][H:10])([H:14])[H:15])([O:6][H:9])[H:11])([O:5][H:8])[C:2]([H:12])([H:13])[O:4]1,[C:0]([C:1](=[O:6])[H:11])([C:2]([O:4][H:9])([H:12])[H:13])([C:3]([O:7][H:10])([H:14])[H:15])[O:5][H:8],39.479132683021824,36.05042077501073,-8.413479923518164
MNXDADQSMTZCJF_32_0_0,[C:0]1([C:1]([C:3]([O:7][H:10])([H:14])[H:15])([O:6][H:9])[H:11])([O:5][H:8])[C:2]([H:12])([H:13])[O:4]1,[C:0]([C:1]([C:3]([O:7][H:10])([H:14])[H:15])([O:6][H:9])[H:11])([C:2](=[O:4])[H:13])([O:5][H:8])[H:12],33.93885130752713,30.79063614598558,-9.693355640535376
MNXDADQSMTZCJF_8_0_2,[C:0]1([C:1]([C:3]([O:7][H:10])([H:14])[H:15])([O:6][H:9])[H:11])([O:5][H:8])[C:2]([H:12])([H:13])[O:4]1,[C:0]([C:1]([C:3]([O:7][H:10])([H:14])[H:15])([O:6][H:9])[H:11])([C:2]([O:4][H:8])([H:12])[H:13])=[O:5],36.13701708600611,33.24357078149906,-13.567638623326973
VPFHKTFZRJVREQ_26_0_0,[C:0]1([C:2]([O:6][H:9])([H:12])[H:13])([O:5][H:8])[C:1]([C:3]([O:7][H:10])([H:14])[H:15])([H:11])[O:4]1,[C:0]([C:1]([C:3]([O:7][H:10])([H:14])[H:15])([O:4][H:8])[H:11])([C:2]([O:6][H:9])([H:12])[H:13])=[O:5],40.36643111599314,36.627729514979954,-26.376434034416835
VPFHKTFZRJVREQ_26_0_3,[C:0]1([C:2]([O:6][H:9])([H:12])[H:13])([O:5][H:8])[C:1]([C:3]([O:7][H:10])([H:14])[H:15])([H:11])[O:4]1,[C:0]([C:1]([C:3]([O:7][H:10])([H:14])[H:15])([O:4][H:8])[H:11])([C:2]([O:6][H:9])([H:12])[H:13])=[O:5],38.02644819047984,34.31786704549762,-26.376434034416835
VPFHKTFZRJVREQ_28_1_1,[C:0]1([C:2]([O:6][H:9])([H:12])[H:13])([O:5][H:8])[C:1]([C:3]([O:7][H:10])([H:14])[H:15])([H:11])[O:4]1,[C:0]([C:1]([C:3]([O:7][H:10])([H:14])[H:15])([O:4][H:8])[H:11])([C:2]([O:6][H:9])([H:12])[H:13])=[O:5],36.90948128051767,33.7487159290078,-26.376434034416835
VPFHKTFZRJVREQ_9_0_1,[C:0]1([C:2]([O:6][H:9])([H:12])[H:13])([O:5][H:8])[C:1]([C:3]([O:7][H:10])([H:14])[H:15])([H:11])[O:4]1,[C:0]([C:2]([O:6][H:9])([H:12])[H:13])([O:4][C:1](=[C:3]([H:14])[H:15])[H:11])=[O:5].[O:7]([H:8])[H:10],42.47611805501715,38.27933451898342,-23.618307839388162
XKQQPGULJNPMJY_52_0_1,[C:0](\[C:1](=[C:3]([H:11])[H:12])[O:5][H:8])(=[C:2](\[O:6][H:9])[H:10])[O:4][H:7],[C:0]([C:1]([C:3]([H:7])([H:11])[H:12])[O:5][H:8])([C:2]([O:6][H:9])[H:10])=[O:4],37.791759637501656,35.30556699850081,TCIT fails
XKQQPGULJNPMJY_52_0_2,[C:0](\[C:1](=[C:3]([H:11])[H:12])[O:5][H:8])(=[C:2](\[O:6][H:9])[H:10])[O:4][H:7],[C:0]([C:1]([C:3]([H:7])([H:11])[H:12])[O:5][H:8])([C:2]([O:6][H:9])[H:10])=[O:4],39.53372600952667,37.35187547800649,TCIT fails
YQOMTCRIBSRYFH_15_1_0,[C:0]1([C:3]([O:7][H:10])([H:14])[H:15])([O:5][H:8])[C:1]([O:6][H:9])([H:11])[C:2]([H:12])([H:13])[O:4]1,[C:0]([C:1]([C:2]([O:4][H:8])([H:12])[H:13])([O:6][H:9])[H:11])([C:3]([O:7][H:10])([H:14])[H:15])=[O:5],38.9444945890162,35.25160118149438,-12.027246653919693
YQOMTCRIBSRYFH_15_1_1,[C:0]1([C:3]([O:7][H:10])([H:14])[H:15])([O:5][H:8])[C:1]([O:6][H:9])([H:11])[C:2]([H:12])([H:13])[O:4]1,[C:0]([C:1]([C:2]([O:4][H:9])([H:12])[H:13])([O:6][H:8])[H:11])([C:3]([O:7][H:10])([H:14])[H:15])=[O:5],44.051166900035554,40.88036139651537,-12.027246653919693
YQOMTCRIBSRYFH_36_0_1,[C:0]1([C:3]([O:7][H:10])([H:14])[H:15])([O:5][H:8])[C:1]([O:6][H:9])([H:11])[C:2]([H:12])([H:13])[O:4]1,[C:0](=[C:1](/[O:6][H:9])[H:11])(\[C:3]([O:7][H:10])([H:14])[H:15])[O:5][H:8].[C:2](=[O:4])([H:12])[H:13],40.73791674001831,37.47423983051858,22.168499043977064
